ISO-10303-21;
HEADER;
FILE_DESCRIPTION (( 'STEP AP214' ),
    '1' );
FILE_NAME ('OLED cover.STEP',
    '2026-07-27T18:23:28',
    ( '' ),
    ( '' ),
    'SwSTEP 2.0',
    'SolidWorks 2025',
    '' );
FILE_SCHEMA (( 'AUTOMOTIVE_DESIGN' ));
ENDSEC;

DATA;
#1 = DIRECTION ( 'NONE',  ( 0.9999999999984211518, -1.776973159546526232E-06, 1.606901746426283848E-13 ) ) ;
#2 = FACE_OUTER_BOUND ( 'NONE', #798, .T. ) ;
#3 = FACE_OUTER_BOUND ( 'NONE', #6155, .T. ) ;
#4 = LINE ( 'NONE', #2005, #969 ) ;
#5 = ADVANCED_FACE ( 'NONE', ( #3941 ), #1668, .T. ) ;
#6 = ORIENTED_EDGE ( 'NONE', *, *, #2309, .T. ) ;
#7 = ORIENTED_EDGE ( 'NONE', *, *, #3832, .T. ) ;
#8 = EDGE_CURVE ( 'NONE', #3433, #5277, #5189, .T. ) ;
#9 = CARTESIAN_POINT ( 'NONE',  ( 107.8942595976835008, -55.05051006204097774, -2.750000000000000000 ) ) ;
#10 = LINE ( 'NONE', #75, #3848 ) ;
#11 = FACE_OUTER_BOUND ( 'NONE', #880, .T. ) ;
#12 = EDGE_CURVE ( 'NONE', #2579, #4858, #4784, .T. ) ;
#13 = EDGE_LOOP ( 'NONE', ( #5341, #322, #4829, #1525 ) ) ;
#14 = ADVANCED_FACE ( 'NONE', ( #929 ), #2166, .F. ) ;
#15 = AXIS2_PLACEMENT_3D ( 'NONE', #3259, #4607, #5170 ) ;
#16 = PLANE ( 'NONE',  #1627 ) ;
#17 = CARTESIAN_POINT ( 'NONE',  ( 107.9815533684557352, -138.9500309607401789, 2.499999999999976019 ) ) ;
#18 = CARTESIAN_POINT ( 'NONE',  ( 139.7795508170041217, -59.74943891916605310, -2.750000000000000000 ) ) ;
#19 = FACE_OUTER_BOUND ( 'NONE', #4821, .T. ) ;
#20 = EDGE_CURVE ( 'NONE', #1675, #4889, #4842, .T. ) ;
#21 = VECTOR ( 'NONE', #1932, 1000.000000000000114 ) ;
#22 = ORIENTED_EDGE ( 'NONE', *, *, #653, .F. ) ;
#23 = DIRECTION ( 'NONE',  ( -0.000000000000000000, -0.000000000000000000, 1.000000000000000000 ) ) ;
#24 = CARTESIAN_POINT ( 'NONE',  ( 102.2169555733772199, -61.96078842595110814, 4.336808689942017736E-16 ) ) ;
#25 = DIRECTION ( 'NONE',  ( -0.000000000000000000, -0.000000000000000000, 1.000000000000000000 ) ) ;
#26 = CARTESIAN_POINT ( 'NONE',  ( 139.7795508170041217, -59.74943891916605310, -4.725735931288185476 ) ) ;
#27 = DIRECTION ( 'NONE',  ( 0.000000000000000000, 0.000000000000000000, 1.000000000000000000 ) ) ;
#28 = ORIENTED_EDGE ( 'NONE', *, *, #3075, .F. ) ;
#29 = ORIENTED_EDGE ( 'NONE', *, *, #4789, .T. ) ;
#30 = VERTEX_POINT ( 'NONE', #863 ) ;
#31 = DIRECTION ( 'NONE',  ( 0.5763489732976574409, 0.4096606656474812702, 0.7071067811865466846 ) ) ;
#32 = PLANE ( 'NONE',  #3676 ) ;
#33 = FACE_OUTER_BOUND ( 'NONE', #1270, .T. ) ;
#34 = AXIS2_PLACEMENT_3D ( 'NONE', #1056, #4506, #4380 ) ;
#35 = ORIENTED_EDGE ( 'NONE', *, *, #6118, .F. ) ;
#36 = VERTEX_POINT ( 'NONE', #4581 ) ;
#37 = ORIENTED_EDGE ( 'NONE', *, *, #4520, .F. ) ;
#38 = ORIENTED_EDGE ( 'NONE', *, *, #2314, .F. ) ;
#39 = CARTESIAN_POINT ( 'NONE',  ( 143.5296012229387941, -59.74947138323227591, -4.250000000000161648 ) ) ;
#40 = ORIENTED_EDGE ( 'NONE', *, *, #5993, .F. ) ;
#41 = DIRECTION ( 'NONE',  ( -1.000000000000000000, 0.000000000000000000, -0.000000000000000000 ) ) ;
#42 = DIRECTION ( 'NONE',  ( -1.000000000000000000, 0.000000000000000000, -0.000000000000000000 ) ) ;
#43 = ORIENTED_EDGE ( 'NONE', *, *, #5054, .F. ) ;
#44 = ADVANCED_FACE ( 'NONE', ( #6177 ), #3255, .T. ) ;
#45 = DIRECTION ( 'NONE',  ( -0.6298603465634791121, 0.7767084033451253644, -0.000000000000000000 ) ) ;
#46 = EDGE_CURVE ( 'NONE', #3201, #5214, #2847, .T. ) ;
#47 = DIRECTION ( 'NONE',  ( -0.000000000000000000, -0.000000000000000000, -1.000000000000000000 ) ) ;
#48 = DIRECTION ( 'NONE',  ( 1.000000000000000000, 0.000000000000000000, 0.000000000000000000 ) ) ;
#49 = LINE ( 'NONE', #5193, #4005 ) ;
#50 = EDGE_CURVE ( 'NONE', #1005, #4337, #2812, .T. ) ;
#51 = APPLICATION_PROTOCOL_DEFINITION ( 'draft international standard', 'automotive_design', 1998, #4378 ) ;
#52 = VERTEX_POINT ( 'NONE', #1843 ) ;
#53 = DIRECTION ( 'NONE',  ( 1.000000000000000000, 0.000000000000000000, 0.000000000000000000 ) ) ;
#54 = CARTESIAN_POINT ( 'NONE',  ( 105.1932597995808862, -144.0591890776443620, 0.000000000000000000 ) ) ;
#55 = EDGE_CURVE ( 'NONE', #4034, #4776, #5702, .T. ) ;
#56 = CYLINDRICAL_SURFACE ( 'NONE', #284, 1.299999999999981615 ) ;
#57 = PLANE ( 'NONE',  #3339 ) ;
#58 = CARTESIAN_POINT ( 'NONE',  ( 123.9846893010470268, -145.9503701482207418, 3.500000000000000000 ) ) ;
#59 = VERTEX_POINT ( 'NONE', #3619 ) ;
#60 = VERTEX_POINT ( 'NONE', #399 ) ;
#61 = EDGE_LOOP ( 'NONE', ( #1850, #2433, #601, #2458 ) ) ;
#62 = VECTOR ( 'NONE', #6190, 1000.000000000000000 ) ;
#63 = CARTESIAN_POINT ( 'NONE',  ( 100.9287434636809309, -62.76896505811915716, -4.250000000000198064 ) ) ;
#64 = LINE ( 'NONE', #1982, #4076 ) ;
#65 = LINE ( 'NONE', #475, #928 ) ;
#66 = VECTOR ( 'NONE', #1107, 1000.000000000000114 ) ;
#67 = ORIENTED_EDGE ( 'NONE', *, *, #1040, .F. ) ;
#68 = VECTOR ( 'NONE', #1689, 1000.000000000000114 ) ;
#69 = CIRCLE ( 'NONE', #4185, 7.999999999999992895 ) ;
#70 = EDGE_LOOP ( 'NONE', ( #3278, #4193, #2863, #4425, #3243, #2871 ) ) ;
#71 = ORIENTED_EDGE ( 'NONE', *, *, #4568, .F. ) ;
#72 = ORIENTED_EDGE ( 'NONE', *, *, #2471, .T. ) ;
#73 = DIRECTION ( 'NONE',  ( -0.7071067809482091127, 1.836370854135129294E-05, 0.7071067811864313324 ) ) ;
#74 = ORIENTED_EDGE ( 'NONE', *, *, #2398, .F. ) ;
#75 = CARTESIAN_POINT ( 'NONE',  ( 107.7001076974038654, -145.7008696982397282, -5.449999999998964562 ) ) ;
#76 = CARTESIAN_POINT ( 'NONE',  ( 107.0906409733043176, 15.32694041647727623, 3.500000000000000000 ) ) ;
#77 = ORIENTED_EDGE ( 'NONE', *, *, #6176, .T. ) ;
#78 = ORIENTED_EDGE ( 'NONE', *, *, #3367, .F. ) ;
#79 = CARTESIAN_POINT ( 'NONE',  ( 141.7204432326926451, -55.04940756665430257, -2.750000000000000000 ) ) ;
#80 = CARTESIAN_POINT ( 'NONE',  ( 102.8595053415023983, -60.29307387543439489, -2.750000000000000000 ) ) ;
#81 = CARTESIAN_POINT ( 'NONE',  ( 107.9800631888001590, -63.05007250392394269, 3.500000000000000000 ) ) ;
#82 = VECTOR ( 'NONE', #607, 1000.000000000000000 ) ;
#83 = CARTESIAN_POINT ( 'NONE',  ( 99.98006319034203671, -63.05022957169427400, 2.499999999999976463 ) ) ;
#84 = AXIS2_PLACEMENT_3D ( 'NONE', #1653, #91, #5935 ) ;
#85 = ADVANCED_FACE ( 'NONE', ( #1193 ), #6208, .F. ) ;
#86 = ORIENTED_EDGE ( 'NONE', *, *, #552, .F. ) ;
#87 = CIRCLE ( 'NONE', #5735, 1.299999999999981615 ) ;
#88 = DIRECTION ( 'NONE',  ( 0.9794300190823399532, 0.2017841364437926444, 0.000000000000000000 ) ) ;
#89 = LINE ( 'NONE', #680, #832 ) ;
#90 = EDGE_CURVE ( 'NONE', #5779, #5926, #720, .T. ) ;
#91 = DIRECTION ( 'NONE',  ( -0.9999999996627741972, -2.597020929432779330E-05, 5.834239917746515101E-14 ) ) ;
#92 = DIRECTION ( 'NONE',  ( -0.3979108791835012093, 0.5845228243853453076, 0.7071067811865419106 ) ) ;
#93 = ORIENTED_EDGE ( 'NONE', *, *, #5287, .T. ) ;
#94 = EDGE_LOOP ( 'NONE', ( #5633, #412, #4792, #1101 ) ) ;
#95 = ORIENTED_EDGE ( 'NONE', *, *, #441, .T. ) ;
#96 = EDGE_CURVE ( 'NONE', #1470, #1199, #5049, .T. ) ;
#97 = DIRECTION ( 'NONE',  ( 1.000000000000000000, 0.000000000000000000, 0.000000000000000000 ) ) ;
#98 = DIRECTION ( 'NONE',  ( -0.9999999996627741972, -2.597020929432779330E-05, 0.000000000000000000 ) ) ;
#99 = DIRECTION ( 'NONE',  ( 1.000000000000000000, 0.000000000000000000, -0.000000000000000000 ) ) ;
#100 = ORIENTED_EDGE ( 'NONE', *, *, #3624, .F. ) ;
#101 = ORIENTED_EDGE ( 'NONE', *, *, #1592, .F. ) ;
#102 = VERTEX_POINT ( 'NONE', #6148 ) ;
#103 = ORIENTED_EDGE ( 'NONE', *, *, #2695, .T. ) ;
#104 = DIRECTION ( 'NONE',  ( 0.000000000000000000, -0.000000000000000000, -1.000000000000000000 ) ) ;
#105 = ORIENTED_EDGE ( 'NONE', *, *, #2811, .T. ) ;
#106 = LINE ( 'NONE', #3945, #4759 ) ;
#107 = CARTESIAN_POINT ( 'NONE',  ( 105.4847546935226887, -62.92453282948527971, -2.750000000000000000 ) ) ;
#108 = ORIENTED_EDGE ( 'NONE', *, *, #3866, .F. ) ;
#109 = CARTESIAN_POINT ( 'NONE',  ( 125.2361247604980861, -56.18794942388792180, 3.500000000000000000 ) ) ;
#110 = DIRECTION ( 'NONE',  ( -0.2093332143241865007, -0.8378749991767464600, -0.5041280503356972975 ) ) ;
#111 = CARTESIAN_POINT ( 'NONE',  ( -20.76207806249115961, -57.80308072816870890, 3.500000000000000000 ) ) ;
#112 = DIRECTION ( 'NONE',  ( -0.7469370167300940500, 0.3933976695924240041, 0.5360255279346284318 ) ) ;
#113 = AXIS2_PLACEMENT_3D ( 'NONE', #1156, #2603, #2075 ) ;
#114 = DIRECTION ( 'NONE',  ( 0.2710759298670390449, 0.6530833333095520388, -0.7071067811865510144 ) ) ;
#115 = CARTESIAN_POINT ( 'NONE',  ( 106.8867607346144553, -144.7149914377594087, 0.000000000000000000 ) ) ;
#116 = VECTOR ( 'NONE', #3982, 1000.000000000000227 ) ;
#117 = LINE ( 'NONE', #2037, #3402 ) ;
#118 = CARTESIAN_POINT ( 'NONE',  ( 142.2795508170041217, -59.74943891916606731, 0.000000000000000000 ) ) ;
#119 = DIRECTION ( 'NONE',  ( 1.000000000000000000, 0.000000000000000000, 0.000000000000000000 ) ) ;
#120 = ORIENTED_EDGE ( 'NONE', *, *, #5832, .T. ) ;
#121 = VERTEX_POINT ( 'NONE', #5560 ) ;
#122 = ADVANCED_FACE ( 'NONE', ( #3225 ), #5166, .T. ) ;
#123 = VECTOR ( 'NONE', #145, 1000.000000000000114 ) ;
#124 = ORIENTED_EDGE ( 'NONE', *, *, #4159, .F. ) ;
#125 = LINE ( 'NONE', #4484, #5506 ) ;
#126 = EDGE_CURVE ( 'NONE', #5201, #2553, #3801, .T. ) ;
#127 = CARTESIAN_POINT ( 'NONE',  ( 134.1194357534720325, -121.4807945161253429, 6.415860462438459422 ) ) ;
#128 = AXIS2_PLACEMENT_3D ( 'NONE', #5344, #5410, #2426 ) ;
#129 = CARTESIAN_POINT ( 'NONE',  ( 142.4637065719196585, -117.0478691140115615, 3.000000000000000000 ) ) ;
#130 = EDGE_CURVE ( 'NONE', #1049, #6216, #3733, .T. ) ;
#131 = AXIS2_PLACEMENT_3D ( 'NONE', #5589, #3675, #1248 ) ;
#132 = ORIENTED_EDGE ( 'NONE', *, *, #2737, .T. ) ;
#133 = ORIENTED_EDGE ( 'NONE', *, *, #4118, .F. ) ;
#134 = VERTEX_POINT ( 'NONE', #5195 ) ;
#135 = VERTEX_POINT ( 'NONE', #4724 ) ;
#136 = DIRECTION ( 'NONE',  ( -0.5350587869722929213, 0.4622900544936645595, 0.7071067811865356934 ) ) ;
#137 = ORIENTED_EDGE ( 'NONE', *, *, #2509, .T. ) ;
#138 = AXIS2_PLACEMENT_3D ( 'NONE', #1208, #5582, #6051 ) ;
#139 = DIRECTION ( 'NONE',  ( 0.000000000000000000, -0.000000000000000000, -1.000000000000000000 ) ) ;
#140 = CARTESIAN_POINT ( 'NONE',  ( 139.7795508170041217, -59.74943891916605310, -5.449999999998964562 ) ) ;
#141 = EDGE_LOOP ( 'NONE', ( #4663, #1324, #3981, #1695, #5691 ) ) ;
#142 = STYLED_ITEM ( 'NONE', ( #5958 ), #4027 ) ;
#143 = ORIENTED_EDGE ( 'NONE', *, *, #4635, .T. ) ;
#144 = LINE ( 'NONE', #2998, #3331 ) ;
#145 = DIRECTION ( 'NONE',  ( -1.776973163029144758E-06, -0.9999999999984211518, -0.000000000000000000 ) ) ;
#146 = DIRECTION ( 'NONE',  ( -0.9411312077786266883, 0.3380414911592116156, -0.000000000000000000 ) ) ;
#147 = LINE ( 'NONE', #1053, #2893 ) ;
#148 = VECTOR ( 'NONE', #4594, 1000.000000000000114 ) ;
#149 = FACE_OUTER_BOUND ( 'NONE', #2127, .T. ) ;
#150 = PLANE ( 'NONE',  #3749 ) ;
#151 = CARTESIAN_POINT ( 'NONE',  ( 103.6541176665219695, -69.25013805109517762, 3.500000000000000000 ) ) ;
#152 = CARTESIAN_POINT ( 'NONE',  ( 105.0583277659233374, -58.75187546658205662, -2.750000000000000000 ) ) ;
#153 = FACE_OUTER_BOUND ( 'NONE', #389, .T. ) ;
#154 = ORIENTED_EDGE ( 'NONE', *, *, #90, .F. ) ;
#155 = CARTESIAN_POINT ( 'NONE',  ( 99.98006319034203671, -63.05022957169427400, 0.000000000000000000 ) ) ;
#156 = CARTESIAN_POINT ( 'NONE',  ( 143.2273813778678289, -56.77413154552773733, -2.750000000000171418 ) ) ;
#157 = EDGE_CURVE ( 'NONE', #3633, #4419, #3453, .T. ) ;
#158 = PLANE ( 'NONE',  #2722 ) ;
#159 = ORIENTED_EDGE ( 'NONE', *, *, #2149, .F. ) ;
#160 = ADVANCED_FACE ( 'NONE', ( #3892 ), #5427, .F. ) ;
#161 = VERTEX_POINT ( 'NONE', #989 ) ;
#162 = AXIS2_PLACEMENT_3D ( 'NONE', #1377, #4764, #1885 ) ;
#163 = ORIENTED_EDGE ( 'NONE', *, *, #4410, .F. ) ;
#164 = ORIENTED_EDGE ( 'NONE', *, *, #1736, .T. ) ;
#165 = DIRECTION ( 'NONE',  ( -1.000000000000000000, 0.000000000000000000, 0.000000000000000000 ) ) ;
#166 = EDGE_CURVE ( 'NONE', #2732, #4850, #5353, .T. ) ;
#167 = DIRECTION ( 'NONE',  ( 0.000000000000000000, -1.000000000000000000, 0.000000000000000000 ) ) ;
#168 = DIRECTION ( 'NONE',  ( 1.000000000000000000, 0.000000000000000000, 0.000000000000000000 ) ) ;
#169 = AXIS2_PLACEMENT_3D ( 'NONE', #3042, #1604, #2984 ) ;
#170 = VECTOR ( 'NONE', #591, 1000.000000000000114 ) ;
#171 = ADVANCED_FACE ( 'NONE', ( #1562 ), #2974, .T. ) ;
#172 = ORIENTED_EDGE ( 'NONE', *, *, #4946, .F. ) ;
#173 = DIRECTION ( 'NONE',  ( -0.1069371158383061599, 0.8766443717152505588, 0.4691045712803895706 ) ) ;
#174 = DIRECTION ( 'NONE',  ( 0.4246756612907175432, 0.9053455598318753683, 0.000000000000000000 ) ) ;
#175 = FILL_AREA_STYLE ('',( #4839 ) ) ;
#176 = EDGE_CURVE ( 'NONE', #4224, #5632, #293, .T. ) ;
#177 = DIRECTION ( 'NONE',  ( 0.9999999999518158766, -9.816735652869698397E-06, 0.000000000000000000 ) ) ;
#178 = CARTESIAN_POINT ( 'NONE',  ( 139.7795508170041217, -59.74943891916605310, -2.750000000000000000 ) ) ;
#179 = PRODUCT_DEFINITION_FORMATION_WITH_SPECIFIED_SOURCE ( 'ANY', '', #2585, .NOT_KNOWN. ) ;
#180 = LINE ( 'NONE', #5991, #1297 ) ;
#181 = DIRECTION ( 'NONE',  ( -0.9794300190823399532, -0.2017841364437926166, 0.000000000000000000 ) ) ;
#182 = CARTESIAN_POINT ( 'NONE',  ( -24.38979686125760793, -34.42702669921573744, 3.000000000000000000 ) ) ;
#183 = DIRECTION ( 'NONE',  ( -7.064954606356651146E-15, -1.000000000000000000, 0.000000000000000000 ) ) ;
#184 = DIRECTION ( 'NONE',  ( 0.9999999998695326964, 1.615346999004992941E-05, 0.000000000000000000 ) ) ;
#185 = VECTOR ( 'NONE', #5090, 1000.000000000000000 ) ;
#186 = VECTOR ( 'NONE', #2532, 1000.000000000000000 ) ;
#187 = ORIENTED_EDGE ( 'NONE', *, *, #892, .F. ) ;
#188 = CARTESIAN_POINT ( 'NONE',  ( 107.9801124558005796, -138.9499917040118362, -2.750000000000000000 ) ) ;
#189 = CARTESIAN_POINT ( 'NONE',  ( 143.1944786988996725, -94.46772382334611962, 1.250000000000000000 ) ) ;
#190 = PLANE ( 'NONE',  #6060 ) ;
#191 = EDGE_LOOP ( 'NONE', ( #3090, #1259, #5505, #3661 ) ) ;
#192 = ORIENTED_EDGE ( 'NONE', *, *, #1310, .F. ) ;
#193 = ORIENTED_EDGE ( 'NONE', *, *, #4565, .T. ) ;
#194 = ORIENTED_EDGE ( 'NONE', *, *, #1587, .F. ) ;
#195 = CARTESIAN_POINT ( 'NONE',  ( 143.2296012230400777, -59.74946359217056369, -5.449999999998964562 ) ) ;
#196 = FACE_OUTER_BOUND ( 'NONE', #6106, .T. ) ;
#197 = LINE ( 'NONE', #4099, #2676 ) ;
#198 = EDGE_CURVE ( 'NONE', #3951, #3678, #3484, .T. ) ;
#199 = VECTOR ( 'NONE', #4746, 1000.000000000000000 ) ;
#200 = EDGE_CURVE ( 'NONE', #1859, #6034, #2401, .T. ) ;
#201 = ORIENTED_EDGE ( 'NONE', *, *, #5607, .F. ) ;
#202 = DIRECTION ( 'NONE',  ( 1.776973163029144758E-06, 0.9999999999984211518, 0.000000000000000000 ) ) ;
#203 = LINE ( 'NONE', #2115, #5055 ) ;
#204 = CARTESIAN_POINT ( 'NONE',  ( 139.4754046634478755, -120.5065573957769658, 3.000000000000000000 ) ) ;
#205 = CARTESIAN_POINT ( 'NONE',  ( 109.3000492667939341, -139.0000642079358215, 1.775483399593917433 ) ) ;
#206 = ADVANCED_FACE ( 'NONE', ( #614 ), #3665, .T. ) ;
#207 = EDGE_CURVE ( 'NONE', #299, #4149, #3864, .T. ) ;
#208 = EDGE_CURVE ( 'NONE', #5235, #6097, #4275, .T. ) ;
#209 = DIRECTION ( 'NONE',  ( 9.069481145758662686E-06, 0.9238795324666200237, -0.3826834323654531023 ) ) ;
#210 = CARTESIAN_POINT ( 'NONE',  ( 124.6430815351589843, -56.04974411752501595, 3.000000000000000000 ) ) ;
#211 = PLANE ( 'NONE',  #2991 ) ;
#212 = PLANE ( 'NONE',  #1473 ) ;
#213 = AXIS2_PLACEMENT_3D ( 'NONE', #2310, #5229, #895 ) ;
#214 = EDGE_CURVE ( 'NONE', #3688, #5914, #2002, .T. ) ;
#215 = VECTOR ( 'NONE', #2760, 1000.000000000000000 ) ;
#216 = EDGE_LOOP ( 'NONE', ( #4122, #6135, #3443, #4433 ) ) ;
#217 = CARTESIAN_POINT ( 'NONE',  ( 107.9800631888001590, -69.25013805109517762, 3.500000000000000000 ) ) ;
#218 = CARTESIAN_POINT ( 'NONE',  ( 143.1944786988996725, -67.25020683058068016, 0.000000000000000000 ) ) ;
#219 = DIRECTION ( 'NONE',  ( 0.000000000000000000, 0.000000000000000000, 1.000000000000000000 ) ) ;
#220 = ORIENTED_EDGE ( 'NONE', *, *, #5566, .T. ) ;
#221 = ORIENTED_EDGE ( 'NONE', *, *, #4721, .T. ) ;
#222 = VERTEX_POINT ( 'NONE', #1433 ) ;
#223 = ORIENTED_EDGE ( 'NONE', *, *, #6214, .T. ) ;
#224 = VECTOR ( 'NONE', #2208, 1000.000000000000000 ) ;
#225 = AXIS2_PLACEMENT_3D ( 'NONE', #933, #5705, #1371 ) ;
#226 = DIRECTION ( 'NONE',  ( 0.000000000000000000, -1.000000000000000000, 0.000000000000000000 ) ) ;
#227 = CARTESIAN_POINT ( 'NONE',  ( 143.2203939651227245, -63.05007250392395690, 3.500000000000000000 ) ) ;
#228 = DIRECTION ( 'NONE',  ( -0.5108484174636559461, -0.5108319137810783950, 0.6914366567066280167 ) ) ;
#229 = EDGE_LOOP ( 'NONE', ( #717, #159, #5883, #1028 ) ) ;
#230 = DIRECTION ( 'NONE',  ( -0.000000000000000000, -0.000000000000000000, 1.000000000000000000 ) ) ;
#231 = CIRCLE ( 'NONE', #5989, 6.999999999999992006 ) ;
#232 = DIRECTION ( 'NONE',  ( 0.9999999996627743082, -2.597020567951152228E-05, 0.000000000000000000 ) ) ;
#233 = CARTESIAN_POINT ( 'NONE',  ( 141.8938844026801860, -145.3629810906774935, 3.500000000000000000 ) ) ;
#234 = CARTESIAN_POINT ( 'NONE',  ( 105.4872763399729223, -62.82413249532188360, -2.750000000000000000 ) ) ;
#235 = EDGE_CURVE ( 'NONE', #1406, #4456, #3966, .T. ) ;
#236 = VECTOR ( 'NONE', #1508, 999.9999999999998863 ) ;
#237 = ORIENTED_EDGE ( 'NONE', *, *, #813, .F. ) ;
#238 = VECTOR ( 'NONE', #1207, 1000.000000000000000 ) ;
#239 = EDGE_CURVE ( 'NONE', #3522, #6112, #3358, .T. ) ;
#240 = DIRECTION ( 'NONE',  ( -0.9999999996627743082, 2.597020565029670540E-05, -2.739037067331785280E-14 ) ) ;
#241 = CARTESIAN_POINT ( 'NONE',  ( 107.9800631888001590, -63.05007250392394269, 3.500000000000000000 ) ) ;
#242 = FACE_OUTER_BOUND ( 'NONE', #4737, .T. ) ;
#243 = CARTESIAN_POINT ( 'NONE',  ( 139.7795508170034395, -142.2506183894232095, -4.250000000000161648 ) ) ;
#244 = EDGE_CURVE ( 'NONE', #2421, #1675, #4816, .T. ) ;
#245 = ADVANCED_FACE ( 'NONE', ( #5866 ), #4439, .T. ) ;
#246 = LINE ( 'NONE', #2154, #2744 ) ;
#247 = CARTESIAN_POINT ( 'NONE',  ( 139.7795104338239582, -57.24938851313606847, -5.449999999999006306 ) ) ;
#248 = DIRECTION ( 'NONE',  ( 0.9999999999965446529, 2.628859440485555049E-06, -4.382459308392145545E-14 ) ) ;
#249 = VERTEX_POINT ( 'NONE', #1528 ) ;
#250 = EDGE_CURVE ( 'NONE', #2914, #4238, #1245, .T. ) ;
#251 = LINE ( 'NONE', #3709, #215 ) ;
#252 = ORIENTED_EDGE ( 'NONE', *, *, #2223, .F. ) ;
#253 = VERTEX_POINT ( 'NONE', #1970 ) ;
#254 = ORIENTED_EDGE ( 'NONE', *, *, #3970, .F. ) ;
#255 = EDGE_LOOP ( 'NONE', ( #4650, #5095, #2551, #602 ) ) ;
#256 = DIRECTION ( 'NONE',  ( 0.7071067811865404673, 0.000000000000000000, 0.7071067811865545671 ) ) ;
#257 = FACE_OUTER_BOUND ( 'NONE', #5944, .T. ) ;
#258 = CYLINDRICAL_SURFACE ( 'NONE', #4869, 2.499999999999988454 ) ;
#259 = CARTESIAN_POINT ( 'NONE',  ( 143.2203939651227245, -57.54935829908443168, 3.500000000000000000 ) ) ;
#260 = CIRCLE ( 'NONE', #3776, 1.999999999999960032 ) ;
#261 = ORIENTED_EDGE ( 'NONE', *, *, #5614, .F. ) ;
#262 = DIRECTION ( 'NONE',  ( 0.000000000000000000, 0.000000000000000000, 1.000000000000000000 ) ) ;
#263 = EDGE_LOOP ( 'NONE', ( #5275, #4867, #6213, #3261 ) ) ;
#264 = VECTOR ( 'NONE', #2257, 1000.000000000000000 ) ;
#265 = DIRECTION ( 'NONE',  ( -1.000000000000000000, 0.000000000000000000, 0.000000000000000000 ) ) ;
#266 = CARTESIAN_POINT ( 'NONE',  ( 101.2287434636322985, -62.76896559121112062, -3.950000000000189360 ) ) ;
#267 = VECTOR ( 'NONE', #639, 1000.000000000000227 ) ;
#268 = ORIENTED_EDGE ( 'NONE', *, *, #5027, .F. ) ;
#269 = EDGE_LOOP ( 'NONE', ( #5745, #1140, #809, #5298 ) ) ;
#270 = VECTOR ( 'NONE', #3134, 1000.000000000000114 ) ;
#271 = CARTESIAN_POINT ( 'NONE',  ( 71.41574723418159465, -43.47369278147127147, 47.14576370010399842 ) ) ;
#272 = LINE ( 'NONE', #1242, #5274 ) ;
#273 = DIRECTION ( 'NONE',  ( -0.8417887424360974702, -0.2209603258414901406, 0.4925121800644894909 ) ) ;
#274 = DIRECTION ( 'NONE',  ( 0.7071067811286646521, -1.256509765835919995E-06, 0.7071067812433140531 ) ) ;
#275 = EDGE_CURVE ( 'NONE', #2972, #2635, #3956, .T. ) ;
#276 = EDGE_CURVE ( 'NONE', #2393, #1664, #1495, .T. ) ;
#277 = CARTESIAN_POINT ( 'NONE',  ( 100.9815533698049137, -138.9501683950392135, 3.500000000000000000 ) ) ;
#278 = DIRECTION ( 'NONE',  ( 0.5773502691896257311, -0.5773502691896257311, 0.5773502691896257311 ) ) ;
#279 = LINE ( 'NONE', #1690, #4966 ) ;
#280 = DIRECTION ( 'NONE',  ( 1.970741632085223235E-05, 0.9999999998058088924, 0.000000000000000000 ) ) ;
#281 = EDGE_CURVE ( 'NONE', #161, #5194, #1709, .T. ) ;
#282 = EDGE_CURVE ( 'NONE', #5398, #2286, #1179, .T. ) ;
#283 = EDGE_LOOP ( 'NONE', ( #3185, #5384, #1441, #3328 ) ) ;
#284 = AXIS2_PLACEMENT_3D ( 'NONE', #1973, #3895, #3062 ) ;
#285 = VERTEX_POINT ( 'NONE', #3606 ) ;
#286 = EDGE_CURVE ( 'NONE', #161, #1471, #3636, .T. ) ;
#287 = CARTESIAN_POINT ( 'NONE',  ( 105.6271095438378609, -57.70625792681313726, 0.000000000000000000 ) ) ;
#288 = AXIS2_PLACEMENT_3D ( 'NONE', #3540, #4942, #2500 ) ;
#289 = CARTESIAN_POINT ( 'NONE',  ( 139.7795197597228025, -56.29938851318188142, -2.750000000000171418 ) ) ;
#290 = PLANE ( 'NONE',  #1940 ) ;
#291 = PLANE ( 'NONE',  #6119 ) ;
#292 = ORIENTED_EDGE ( 'NONE', *, *, #2654, .F. ) ;
#293 = CIRCLE ( 'NONE', #4624, 1.300000000000009592 ) ;
#294 = CARTESIAN_POINT ( 'NONE',  ( 102.1801097828601712, -139.0860767826652022, 0.000000000000000000 ) ) ;
#295 = VERTEX_POINT ( 'NONE', #706 ) ;
#296 = DIRECTION ( 'NONE',  ( 1.000000000000000000, 0.000000000000000000, 0.000000000000000000 ) ) ;
#297 = CARTESIAN_POINT ( 'NONE',  ( 107.9800631888001590, -63.05007250392394269, 3.500000000000000000 ) ) ;
#298 = AXIS2_PLACEMENT_3D ( 'NONE', #4066, #5980, #2081 ) ;
#299 = VERTEX_POINT ( 'NONE', #1651 ) ;
#300 = ORIENTED_EDGE ( 'NONE', *, *, #5104, .F. ) ;
#301 = CARTESIAN_POINT ( 'NONE',  ( 100.9287434636809593, -62.76896505811915716, -4.725735931288194358 ) ) ;
#302 = DIRECTION ( 'NONE',  ( 0.000000000000000000, 0.000000000000000000, 1.000000000000000000 ) ) ;
#303 = CARTESIAN_POINT ( 'NONE',  ( 105.0780741684001782, -143.2661015698813003, -2.750000000000000000 ) ) ;
#304 = CARTESIAN_POINT ( 'NONE',  ( 110.4816026354598506, -63.05003324718956748, -2.750000000000000000 ) ) ;
#305 = DIRECTION ( 'NONE',  ( 0.7071067811865475727, -0.000000000000000000, -0.7071067811865475727 ) ) ;
#306 = CARTESIAN_POINT ( 'NONE',  ( 100.9807964046707980, -100.3953391068383638, 3.500000000000000000 ) ) ;
#307 = FACE_OUTER_BOUND ( 'NONE', #2134, .T. ) ;
#308 = FACE_OUTER_BOUND ( 'NONE', #3244, .T. ) ;
#309 = EDGE_CURVE ( 'NONE', #893, #5374, #5546, .T. ) ;
#310 = ORIENTED_EDGE ( 'NONE', *, *, #5961, .F. ) ;
#311 = ORIENTED_EDGE ( 'NONE', *, *, #1094, .T. ) ;
#312 = CIRCLE ( 'NONE', #1212, 0.5000000000000143219 ) ;
#313 = ORIENTED_EDGE ( 'NONE', *, *, #5489, .T. ) ;
#314 = ADVANCED_FACE ( 'NONE', ( #3542 ), #647, .T. ) ;
#315 = CARTESIAN_POINT ( 'NONE',  ( 103.0049072023622045, -143.8727327532019444, 3.000000000000000000 ) ) ;
#316 = EDGE_CURVE ( 'NONE', #2964, #3340, #4505, .T. ) ;
#317 = CARTESIAN_POINT ( 'NONE',  ( 139.7793549463971772, -144.7506687926536415, -2.750000000000000000 ) ) ;
#318 = AXIS2_PLACEMENT_3D ( 'NONE', #2966, #3313, #6239 ) ;
#319 = DIRECTION ( 'NONE',  ( 0.000000000000000000, 0.000000000000000000, -1.000000000000000000 ) ) ;
#320 = DIRECTION ( 'NONE',  ( -4.566751203086986814E-20, -1.284980352567783191E-14, -1.000000000000000000 ) ) ;
#321 = ORIENTED_EDGE ( 'NONE', *, *, #5761, .F. ) ;
#322 = ORIENTED_EDGE ( 'NONE', *, *, #1846, .F. ) ;
#323 = ADVANCED_FACE ( 'NONE', ( #6050 ), #2147, .F. ) ;
#324 = DIRECTION ( 'NONE',  ( -1.000000000000000000, 0.000000000000000000, 0.000000000000000000 ) ) ;
#325 = DIRECTION ( 'NONE',  ( 0.000000000000000000, 0.000000000000000000, -1.000000000000000000 ) ) ;
#326 = DIRECTION ( 'NONE',  ( 0.3826834324756016592, 0.000000000000000000, 0.9238795324655111330 ) ) ;
#327 = VECTOR ( 'NONE', #2459, 1000.000000000000000 ) ;
#328 = ORIENTED_EDGE ( 'NONE', *, *, #1195, .F. ) ;
#329 = DIRECTION ( 'NONE',  ( 0.9999999998058088924, 1.970741631024010553E-05, -0.000000000000000000 ) ) ;
#330 = CARTESIAN_POINT ( 'NONE',  ( 99.98155336999762710, -138.9501880285104960, 2.499999999999976019 ) ) ;
#331 = FACE_OUTER_BOUND ( 'NONE', #869, .T. ) ;
#332 = CIRCLE ( 'NONE', #1135, 6.999999999999992006 ) ;
#334 = AXIS2_PLACEMENT_3D ( 'NONE', #1272, #4595, #5130 ) ;
#333 = FACE_OUTER_BOUND ( 'NONE', #70, .T. ) ;
#335 = DIRECTION ( 'NONE',  ( 0.003865850664436886689, 0.7071014662042910404, 0.7071015285589348220 ) ) ;
#336 = CARTESIAN_POINT ( 'NONE',  ( 93.83049002642553660, -47.03131171834323254, 61.05597007885300798 ) ) ;
#337 = DIRECTION ( 'NONE',  ( -1.000000000000000000, 0.000000000000000000, 0.000000000000000000 ) ) ;
#338 = PLANE ( 'NONE',  #15 ) ;
#339 = VERTEX_POINT ( 'NONE', #5581 ) ;
#340 = ORIENTED_EDGE ( 'NONE', *, *, #3081, .T. ) ;
#341 = ORIENTED_EDGE ( 'NONE', *, *, #2462, .F. ) ;
#342 = ORIENTED_EDGE ( 'NONE', *, *, #5644, .F. ) ;
#343 = EDGE_CURVE ( 'NONE', #561, #1517, #3096, .T. ) ;
#344 = DIRECTION ( 'NONE',  ( -7.064954606356651146E-15, -1.000000000000000000, 0.000000000000000000 ) ) ;
#345 = DIRECTION ( 'NONE',  ( 0.000000000000000000, 0.000000000000000000, -1.000000000000000000 ) ) ;
#346 = CARTESIAN_POINT ( 'NONE',  ( 144.2203939651227529, -144.4507374078959572, 2.499999999999999556 ) ) ;
#347 = CARTESIAN_POINT ( 'NONE',  ( 100.9800631901493091, -63.05020993822297015, 3.500000000000000000 ) ) ;
#348 = ADVANCED_FACE ( 'NONE', ( #5097 ), #3126, .T. ) ;
#349 = ORIENTED_EDGE ( 'NONE', *, *, #1321, .T. ) ;
#350 = ORIENTED_EDGE ( 'NONE', *, *, #1436, .F. ) ;
#351 = EDGE_CURVE ( 'NONE', #5632, #4224, #5383, .T. ) ;
#352 = LINE ( 'NONE', #5602, #683 ) ;
#353 = CARTESIAN_POINT ( 'NONE',  ( 107.9452161929179397, -146.9501110552035357, 2.500000000000000000 ) ) ;
#354 = DIRECTION ( 'NONE',  ( -9.001978983153304548E-06, 0.9999999999594821887, 0.000000000000000000 ) ) ;
#355 = VERTEX_POINT ( 'NONE', #5069 ) ;
#356 = ADVANCED_FACE ( 'NONE', ( #149 ), #2625, .F. ) ;
#357 = EDGE_CURVE ( 'NONE', #384, #3272, #3418, .T. ) ;
#358 = AXIS2_PLACEMENT_3D ( 'NONE', #188, #2101, #1634 ) ;
#359 = VECTOR ( 'NONE', #999, 1000.000000000000227 ) ;
#360 = PLANE ( 'NONE',  #996 ) ;
#361 = DIRECTION ( 'NONE',  ( -0.9999999998072633955, -1.963347129017994027E-05, 0.000000000000000000 ) ) ;
#362 = DIRECTION ( 'NONE',  ( 0.7071206901539551781, 0.7070928719455417122, 0.000000000000000000 ) ) ;
#363 = AXIS2_PLACEMENT_3D ( 'NONE', #4614, #695, #4525 ) ;
#364 = CARTESIAN_POINT ( 'NONE',  ( 100.9287390212480773, -65.26896505811525628, -4.250000000000198064 ) ) ;
#365 = VECTOR ( 'NONE', #2484, 1000.000000000000000 ) ;
#366 = CIRCLE ( 'NONE', #3886, 2.500000000000015987 ) ;
#367 = AXIS2_PLACEMENT_3D ( 'NONE', #5411, #2525, #3914 ) ;
#368 = DIRECTION ( 'NONE',  ( 0.01091162179911142442, 0.9999404664827367117, 0.000000000000000000 ) ) ;
#369 = LINE ( 'NONE', #6091, #2543 ) ;
#370 = DIRECTION ( 'NONE',  ( 0.000000000000000000, 0.000000000000000000, -1.000000000000000000 ) ) ;
#371 = DIRECTION ( 'NONE',  ( -0.8769893853935963879, -0.4805097479832870500, 0.000000000000000000 ) ) ;
#372 = DIRECTION ( 'NONE',  ( 6.262789326926269514E-06, -0.9999999999803887984, 1.284980352513982562E-14 ) ) ;
#373 = AXIS2_PLACEMENT_3D ( 'NONE', #2248, #6117, #5549 ) ;
#374 = ORIENTED_EDGE ( 'NONE', *, *, #3195, .T. ) ;
#375 = ORIENTED_EDGE ( 'NONE', *, *, #1960, .F. ) ;
#376 = EDGE_LOOP ( 'NONE', ( #5236, #1102, #5473, #2255 ) ) ;
#377 = DIRECTION ( 'NONE',  ( -0.9999403047617458906, 0.01092643185063969617, 0.000000000000000000 ) ) ;
#378 = CARTESIAN_POINT ( 'NONE',  ( 143.2296012232881424, -142.2507403187872228, -3.950000000000187583 ) ) ;
#379 = CARTESIAN_POINT ( 'NONE',  ( 100.9802174117406253, -70.90524428369765531, -39.70843686421933683 ) ) ;
#380 = CARTESIAN_POINT ( 'NONE',  ( 102.2169555733772199, -61.96078842595110814, -2.750000000000000000 ) ) ;
#381 = VECTOR ( 'NONE', #3384, 1000.000000000000227 ) ;
#382 = AXIS2_PLACEMENT_3D ( 'NONE', #2299, #979, #3759 ) ;
#383 = ORIENTED_EDGE ( 'NONE', *, *, #583, .F. ) ;
#384 = VERTEX_POINT ( 'NONE', #4535 ) ;
#385 = EDGE_CURVE ( 'NONE', #4063, #2392, #3032, .T. ) ;
#386 = FACE_OUTER_BOUND ( 'NONE', #61, .T. ) ;
#387 = DIRECTION ( 'NONE',  ( 2.396665720491505709E-06, -0.3826834323579481056, 0.9238795325111363033 ) ) ;
#388 = CYLINDRICAL_SURFACE ( 'NONE', #5228, 2.000000000000001776 ) ;
#389 = EDGE_LOOP ( 'NONE', ( #2017, #29, #5746, #3826 ) ) ;
#390 = EDGE_CURVE ( 'NONE', #3121, #2349, #180, .T. ) ;
#391 = EDGE_CURVE ( 'NONE', #4075, #299, #4022, .T. ) ;
#392 = CARTESIAN_POINT ( 'NONE',  ( 124.7119988453584085, -56.04974275934289096, 2.935959937957887345 ) ) ;
#393 = DIRECTION ( 'NONE',  ( -1.000000000000000000, 0.000000000000000000, 0.000000000000000000 ) ) ;
#394 = DIRECTION ( 'NONE',  ( -0.000000000000000000, -0.000000000000000000, 1.000000000000000000 ) ) ;
#395 = EDGE_CURVE ( 'NONE', #3725, #4120, #5513, .T. ) ;
#396 = VERTEX_POINT ( 'NONE', #5004 ) ;
#397 = EDGE_CURVE ( 'NONE', #1104, #5940, #2275, .T. ) ;
#398 = ORIENTED_EDGE ( 'NONE', *, *, #620, .T. ) ;
#399 = CARTESIAN_POINT ( 'NONE',  ( 139.7795197597228309, -56.29938851318187432, -2.750000000000000000 ) ) ;
#400 = FACE_OUTER_BOUND ( 'NONE', #229, .T. ) ;
#401 = LINE ( 'NONE', #2411, #1085 ) ;
#402 = FACE_OUTER_BOUND ( 'NONE', #5556, .T. ) ;
#403 = ADVANCED_FACE ( 'NONE', ( #5666 ), #360, .F. ) ;
#404 = CARTESIAN_POINT ( 'NONE',  ( 120.1890195009870865, -77.46728110450949600, 3.000000000000000000 ) ) ;
#405 = EDGE_LOOP ( 'NONE', ( #4444, #5977, #192, #4271 ) ) ;
#406 = ORIENTED_EDGE ( 'NONE', *, *, #1592, .T. ) ;
#407 = ORIENTED_EDGE ( 'NONE', *, *, #4438, .T. ) ;
#408 = DIRECTION ( 'NONE',  ( 0.7071182033224665542, 0.7070953588661199607, 0.000000000000000000 ) ) ;
#409 = CARTESIAN_POINT ( 'NONE',  ( 105.1932597995808862, -144.0591890776443620, -2.750000000000000000 ) ) ;
#410 = DIRECTION ( 'NONE',  ( 1.000000000000000000, -0.000000000000000000, -0.000000000000000000 ) ) ;
#411 = FACE_OUTER_BOUND ( 'NONE', #4937, .T. ) ;
#412 = ORIENTED_EDGE ( 'NONE', *, *, #198, .F. ) ;
#413 = VECTOR ( 'NONE', #1692, 1000.000000000000227 ) ;
#414 = VERTEX_POINT ( 'NONE', #1330 ) ;
#415 = CARTESIAN_POINT ( 'NONE',  ( 107.7002665619962585, -56.29907359963328872, -2.750000000000171418 ) ) ;
#416 = CARTESIAN_POINT ( 'NONE',  ( 107.7067350192257891, -58.55843578152705931, -2.750000000000000000 ) ) ;
#417 = PLANE ( 'NONE',  #3596 ) ;
#418 = ORIENTED_EDGE ( 'NONE', *, *, #5177, .T. ) ;
#419 = ORIENTED_EDGE ( 'NONE', *, *, #1693, .F. ) ;
#420 = CIRCLE ( 'NONE', #4141, 2.000000000000015543 ) ;
#421 = DIRECTION ( 'NONE',  ( -0.000000000000000000, -0.000000000000000000, 1.000000000000000000 ) ) ;
#422 = DIRECTION ( 'NONE',  ( 0.7071067812421977239, -1.256509773665289260E-06, -0.7071067811297809813 ) ) ;
#423 = EDGE_CURVE ( 'NONE', #3915, #2637, #2719, .T. ) ;
#424 = AXIS2_PLACEMENT_3D ( 'NONE', #575, #948, #2493 ) ;
#425 = DIRECTION ( 'NONE',  ( 0.000000000000000000, 0.000000000000000000, 1.000000000000000000 ) ) ;
#426 = AXIS2_PLACEMENT_3D ( 'NONE', #3612, #807, #3582 ) ;
#427 = ADVANCED_FACE ( 'NONE', ( #1869 ), #2104, .T. ) ;
#428 = CARTESIAN_POINT ( 'NONE',  ( 102.2152195760785958, -140.0485826070301130, -0.000000000000000000 ) ) ;
#429 = DIRECTION ( 'NONE',  ( 0.6570599915742461050, 0.2612894323780660111, -0.7071067811865472397 ) ) ;
#430 = AXIS2_PLACEMENT_3D ( 'NONE', #1278, #3196, #3577 ) ;
#431 = EDGE_CURVE ( 'NONE', #5721, #2868, #4021, .T. ) ;
#432 = CARTESIAN_POINT ( 'NONE',  ( 104.6541176665219695, -70.25013805109517762, 2.499999999999999112 ) ) ;
#433 = LINE ( 'NONE', #5741, #5367 ) ;
#434 = LINE ( 'NONE', #4283, #1413 ) ;
#435 = ORIENTED_EDGE ( 'NONE', *, *, #4876, .F. ) ;
#436 = EDGE_LOOP ( 'NONE', ( #3689, #2382, #3491, #5337 ) ) ;
#437 = ORIENTED_EDGE ( 'NONE', *, *, #668, .T. ) ;
#438 = AXIS2_PLACEMENT_3D ( 'NONE', #241, #2148, #1180 ) ;
#439 = EDGE_CURVE ( 'NONE', #5414, #4119, #5954, .T. ) ;
#440 = EDGE_CURVE ( 'NONE', #3046, #3739, #2808, .T. ) ;
#441 = EDGE_CURVE ( 'NONE', #870, #1162, #5161, .T. ) ;
#442 = CARTESIAN_POINT ( 'NONE',  ( 107.9801124558005796, -94.46772382334611962, 0.000000000000000000 ) ) ;
#443 = DIRECTION ( 'NONE',  ( -0.000000000000000000, 0.000000000000000000, 1.000000000000000000 ) ) ;
#444 = CARTESIAN_POINT ( 'NONE',  ( 107.9800631888001590, -63.05007250392394269, 3.000000000000000000 ) ) ;
#445 = LINE ( 'NONE', #5750, #860 ) ;
#446 = ORIENTED_EDGE ( 'NONE', *, *, #4561, .T. ) ;
#447 = ORIENTED_EDGE ( 'NONE', *, *, #3116, .T. ) ;
#448 = EDGE_LOOP ( 'NONE', ( #105, #3899, #2520, #2224, #1915, #3200, #515 ) ) ;
#449 = DIRECTION ( 'NONE',  ( 0.000000000000000000, 0.000000000000000000, -1.000000000000000000 ) ) ;
#450 = LINE ( 'NONE', #1009, #5879 ) ;
#451 = CARTESIAN_POINT ( 'NONE',  ( 102.6822884034625929, -58.47474931054826897, 3.500000000000000444 ) ) ;
#452 = VERTEX_POINT ( 'NONE', #3251 ) ;
#453 = VERTEX_POINT ( 'NONE', #857 ) ;
#454 = ORIENTED_EDGE ( 'NONE', *, *, #2582, .T. ) ;
#455 = CARTESIAN_POINT ( 'NONE',  ( 143.5296012229387372, -59.74947138323227591, -4.725735931288185476 ) ) ;
#456 = DIRECTION ( 'NONE',  ( 0.000000000000000000, 0.000000000000000000, -1.000000000000000000 ) ) ;
#457 = DIRECTION ( 'NONE',  ( -6.262789326926269514E-06, 0.9999999999803887984, -5.782411586310658209E-15 ) ) ;
#458 = FACE_OUTER_BOUND ( 'NONE', #2931, .T. ) ;
#459 = AXIS2_PLACEMENT_3D ( 'NONE', #5782, #5714, #5811 ) ;
#460 = CARTESIAN_POINT ( 'NONE',  ( 102.1819594097723325, -139.2410233527142793, 0.000000000000000000 ) ) ;
#461 = DIRECTION ( 'NONE',  ( -0.000000000000000000, 1.284980352575898046E-14, -1.000000000000000000 ) ) ;
#462 = CARTESIAN_POINT ( 'NONE',  ( 142.2796012233602312, -59.74943892047521388, -2.750000000000025757 ) ) ;
#463 = ADVANCED_FACE ( 'NONE', ( #3762 ), #2783, .T. ) ;
#464 = LINE ( 'NONE', #2445, #4855 ) ;
#465 = AXIS2_PLACEMENT_3D ( 'NONE', #940, #3398, #5332 ) ;
#466 = LINE ( 'NONE', #3839, #4129 ) ;
#467 = ORIENTED_EDGE ( 'NONE', *, *, #4831, .F. ) ;
#468 = ORIENTED_EDGE ( 'NONE', *, *, #4252, .F. ) ;
#469 = ORIENTED_EDGE ( 'NONE', *, *, #4791, .T. ) ;
#470 = CIRCLE ( 'NONE', #4801, 3.750050407920574980 ) ;
#471 = EDGE_CURVE ( 'NONE', #3139, #3168, #3697, .T. ) ;
#472 = FACE_OUTER_BOUND ( 'NONE', #269, .T. ) ;
#473 = EDGE_CURVE ( 'NONE', #4456, #2222, #2688, .T. ) ;
#474 = DIRECTION ( 'NONE',  ( -0.9999999999518158766, 9.816735655358377758E-06, 4.036521379915308005E-15 ) ) ;
#475 = CARTESIAN_POINT ( 'NONE',  ( 107.7002665619962585, -56.29907359963308977, -5.449999999998964562 ) ) ;
#476 = DIRECTION ( 'NONE',  ( 0.9999999998058088924, 1.970741631024010553E-05, 0.000000000000000000 ) ) ;
#477 = ADVANCED_FACE ( 'NONE', ( #3726 ), #1773, .F. ) ;
#478 = PRODUCT_DEFINITION ( 'UNKNOWN', '', #179, #2300 ) ;
#479 = ORIENTED_EDGE ( 'NONE', *, *, #8, .T. ) ;
#480 = ORIENTED_EDGE ( 'NONE', *, *, #5688, .F. ) ;
#481 = VERTEX_POINT ( 'NONE', #4232 ) ;
#482 = CARTESIAN_POINT ( 'NONE',  ( 143.2273813778678289, -56.77413154552773733, -2.750000000000171418 ) ) ;
#483 = CARTESIAN_POINT ( 'NONE',  ( 107.7002665619962585, -56.29907359963308977, -5.449999999998964562 ) ) ;
#484 = DIRECTION ( 'NONE',  ( 0.000000000000000000, -0.7949615709952037035, 0.6066597898664766175 ) ) ;
#485 = ORIENTED_EDGE ( 'NONE', *, *, #4983, .F. ) ;
#486 = VECTOR ( 'NONE', #5855, 1000.000000000000000 ) ;
#487 = AXIS2_PLACEMENT_3D ( 'NONE', #2810, #2437, #1332 ) ;
#488 = CARTESIAN_POINT ( 'NONE',  ( 100.9788252567377640, 0.001982564866976370931, 3.500000000000000000 ) ) ;
#489 = DIRECTION ( 'NONE',  ( 0.000000000000000000, 0.000000000000000000, 1.000000000000000000 ) ) ;
#490 = PLANE ( 'NONE',  #1841 ) ;
#491 = CARTESIAN_POINT ( 'NONE',  ( 107.9800631888001590, -63.05007250392394269, 3.500000000000000000 ) ) ;
#492 = DIRECTION ( 'NONE',  ( -0.3826834322363997232, -9.938368846911598315E-06, -0.9238795325111373025 ) ) ;
#493 = CARTESIAN_POINT ( 'NONE',  ( 102.1840838479294291, -62.76896728882534404, 4.336808689942017736E-16 ) ) ;
#494 = LINE ( 'NONE', #462, #6218 ) ;
#495 = LINE ( 'NONE', #4756, #4762 ) ;
#496 = CARTESIAN_POINT ( 'NONE',  ( 140.7044195773284514, -63.05007250392394269, 3.500000000000000000 ) ) ;
#497 = AXIS2_PLACEMENT_3D ( 'NONE', #3500, #5948, #636 ) ;
#498 = ORIENTED_EDGE ( 'NONE', *, *, #1939, .F. ) ;
#499 = ORIENTED_EDGE ( 'NONE', *, *, #5610, .T. ) ;
#500 = AXIS2_PLACEMENT_3D ( 'NONE', #3282, #3314, #2304 ) ;
#501 = DIRECTION ( 'NONE',  ( 0.000000000000000000, 0.000000000000000000, -1.000000000000000000 ) ) ;
#502 = CARTESIAN_POINT ( 'NONE',  ( 101.0040248452708056, -94.46772382334611962, 0.000000000000000000 ) ) ;
#503 = EDGE_CURVE ( 'NONE', #2071, #3528, #3208, .T. ) ;
#504 = CARTESIAN_POINT ( 'NONE',  ( 113.4876762177489553, -118.8217653093372093, -5.434114173781541268 ) ) ;
#505 = ADVANCED_FACE ( 'NONE', ( #5225 ), #1836, .F. ) ;
#506 = EDGE_CURVE ( 'NONE', #1060, #5914, #3220, .T. ) ;
#507 = ORIENTED_EDGE ( 'NONE', *, *, #1549, .F. ) ;
#508 = ORIENTED_EDGE ( 'NONE', *, *, #3312, .F. ) ;
#509 = DIRECTION ( 'NONE',  ( 0.9116997120472665195, -0.000000000000000000, 0.4108571954498683176 ) ) ;
#510 = CARTESIAN_POINT ( 'NONE',  ( 107.9801124558005796, -138.9499917040118362, 0.000000000000000000 ) ) ;
#511 = DIRECTION ( 'NONE',  ( -0.7032431132087015868, -0.7109494522992007015, 0.000000000000000000 ) ) ;
#512 = ORIENTED_EDGE ( 'NONE', *, *, #90, .T. ) ;
#513 = VECTOR ( 'NONE', #5458, 1000.000000000000114 ) ;
#514 = ADVANCED_FACE ( 'NONE', ( #2212 ), #4138, .F. ) ;
#515 = ORIENTED_EDGE ( 'NONE', *, *, #3970, .T. ) ;
#516 = CARTESIAN_POINT ( 'NONE',  ( 102.1801097828601712, -139.0860767826652022, -2.750000000000000000 ) ) ;
#517 = DIRECTION ( 'NONE',  ( 0.7519479757879400372, -0.6022855813022359728, 0.2680043288155009029 ) ) ;
#518 = CARTESIAN_POINT ( 'NONE',  ( 108.0000492667939511, -139.0000642079358215, -2.750000000000000000 ) ) ;
#519 = FACE_OUTER_BOUND ( 'NONE', #6164, .T. ) ;
#520 = CIRCLE ( 'NONE', #5258, 2.500000000000085265 ) ;
#521 = VERTEX_POINT ( 'NONE', #2752 ) ;
#522 = VECTOR ( 'NONE', #6014, 1000.000000000000114 ) ;
#523 = DIRECTION ( 'NONE',  ( -1.000000000000000000, 0.000000000000000000, 0.000000000000000000 ) ) ;
#524 = DIRECTION ( 'NONE',  ( 0.000000000000000000, -1.000000000000000000, 0.000000000000000000 ) ) ;
#525 = DIRECTION ( 'NONE',  ( -0.000000000000000000, -0.000000000000000000, 1.000000000000000000 ) ) ;
#526 = FACE_OUTER_BOUND ( 'NONE', #6063, .T. ) ;
#527 = DIRECTION ( 'NONE',  ( -0.3695190589738285847, 0.9292231513770501383, 0.000000000000000000 ) ) ;
#528 = EDGE_LOOP ( 'NONE', ( #1350, #1860, #5592, #2236 ) ) ;
#529 = ORIENTED_EDGE ( 'NONE', *, *, #5331, .T. ) ;
#530 = ORIENTED_EDGE ( 'NONE', *, *, #3362, .T. ) ;
#531 = CYLINDRICAL_SURFACE ( 'NONE', #3988, 2.499999999999988454 ) ;
#532 = DIRECTION ( 'NONE',  ( 0.000000000000000000, 0.000000000000000000, -1.000000000000000000 ) ) ;
#533 = CARTESIAN_POINT ( 'NONE',  ( 123.2887778652147688, -86.56944730317850656, 3.500000000000000000 ) ) ;
#534 = CIRCLE ( 'NONE', #2942, 6.999999999999978684 ) ;
#535 = AXIS2_PLACEMENT_3D ( 'NONE', #1369, #4844, #4279 ) ;
#536 = ORIENTED_EDGE ( 'NONE', *, *, #1781, .T. ) ;
#537 = ORIENTED_EDGE ( 'NONE', *, *, #2094, .F. ) ;
#538 = EDGE_LOOP ( 'NONE', ( #4512, #2366, #5853, #1987 ) ) ;
#539 = EDGE_LOOP ( 'NONE', ( #1948, #4592, #2495, #5359 ) ) ;
#540 = CARTESIAN_POINT ( 'NONE',  ( 107.9452161929179397, -146.9501110552035357, 2.500000000000000000 ) ) ;
#541 = VERTEX_POINT ( 'NONE', #2936 ) ;
#542 = CARTESIAN_POINT ( 'NONE',  ( 139.7793608960470237, -145.7006687926349855, -3.950000000000187583 ) ) ;
#543 = DIRECTION ( 'NONE',  ( -0.1426829312152758100, 0.6925616081907848276, 0.7071067811865551223 ) ) ;
#544 = EDGE_CURVE ( 'NONE', #1517, #4961, #984, .T. ) ;
#545 = VERTEX_POINT ( 'NONE', #80 ) ;
#546 = VERTEX_POINT ( 'NONE', #3829 ) ;
#547 = EDGE_CURVE ( 'NONE', #3528, #3080, #366, .T. ) ;
#548 = CARTESIAN_POINT ( 'NONE',  ( 102.1786120171196188, -136.7410233467621197, -5.449999999999011635 ) ) ;
#549 = DIRECTION ( 'NONE',  ( 1.000000000000000000, 0.000000000000000000, 0.000000000000000000 ) ) ;
#550 = DIRECTION ( 'NONE',  ( 0.000000000000000000, -0.000000000000000000, -1.000000000000000000 ) ) ;
#551 = CARTESIAN_POINT ( 'NONE',  ( 139.7795197597228025, -56.29938851318187432, -3.950000000000187583 ) ) ;
#552 = EDGE_CURVE ( 'NONE', #4518, #2112, #69, .T. ) ;
#553 = ORIENTED_EDGE ( 'NONE', *, *, #3078, .F. ) ;
#554 = EDGE_CURVE ( 'NONE', #5214, #6235, #5826, .T. ) ;
#555 = DIRECTION ( 'NONE',  ( -0.3826834323123278203, 6.800181268219965082E-07, 0.9238795325328912345 ) ) ;
#556 = CARTESIAN_POINT ( 'NONE',  ( 107.6939446901550355, -144.7474444724507521, 0.000000000000000000 ) ) ;
#557 = CARTESIAN_POINT ( 'NONE',  ( 101.2286120172738748, -136.7410216586376066, -3.950000000000189360 ) ) ;
#558 = CARTESIAN_POINT ( 'NONE',  ( 107.9572932538461032, -57.24995295872253820, -2.750000000000000000 ) ) ;
#559 = CIRCLE ( 'NONE', #459, 2.000000000000015543 ) ;
#560 = ORIENTED_EDGE ( 'NONE', *, *, #4211, .T. ) ;
#561 = VERTEX_POINT ( 'NONE', #5763 ) ;
#562 = AXIS2_PLACEMENT_3D ( 'NONE', #712, #1185, #3997 ) ;
#563 = CARTESIAN_POINT ( 'NONE',  ( 107.7629589590390964, -146.9470439333551042, 0.000000000000000000 ) ) ;
#564 = LINE ( 'NONE', #4422, #660 ) ;
#565 = DIRECTION ( 'NONE',  ( 0.01293844508488229718, 0.8415115554100108808, -0.5400841589513708518 ) ) ;
#566 = AXIS2_PLACEMENT_3D ( 'NONE', #3063, #4025, #1058 ) ;
#567 = ORIENTED_EDGE ( 'NONE', *, *, #4642, .F. ) ;
#568 = AXIS2_PLACEMENT_3D ( 'NONE', #4316, #1437, #2789 ) ;
#569 = AXIS2_PLACEMENT_3D ( 'NONE', #4403, #47, #3448 ) ;
#570 = ORIENTED_EDGE ( 'NONE', *, *, #1436, .T. ) ;
#571 = ORIENTED_EDGE ( 'NONE', *, *, #841, .F. ) ;
#572 = VERTEX_POINT ( 'NONE', #1904 ) ;
#573 = PLANE ( 'NONE',  #5321 ) ;
#574 = ORIENTED_EDGE ( 'NONE', *, *, #6109, .F. ) ;
#575 = CARTESIAN_POINT ( 'NONE',  ( 107.9800631888001590, -63.05007250392394269, 3.500000000000000000 ) ) ;
#576 = CARTESIAN_POINT ( 'NONE',  ( 105.5037927504869799, -139.1835780754425116, -2.750000000000000000 ) ) ;
#577 = VERTEX_POINT ( 'NONE', #3918 ) ;
#578 = VERTEX_POINT ( 'NONE', #5794 ) ;
#579 = DIRECTION ( 'NONE',  ( 0.000000000000000000, 0.000000000000000000, 1.000000000000000000 ) ) ;
#580 = FACE_OUTER_BOUND ( 'NONE', #5555, .T. ) ;
#581 = AXIS2_PLACEMENT_3D ( 'NONE', #3277, #5218, #883 ) ;
#582 = CARTESIAN_POINT ( 'NONE',  ( 101.2286120172736759, -136.7410216586376066, -5.449999999998969891 ) ) ;
#583 = EDGE_CURVE ( 'NONE', #3379, #2295, #1521, .T. ) ;
#584 = VECTOR ( 'NONE', #5099, 1000.000000000000114 ) ;
#585 = ADVANCED_FACE ( 'NONE', ( #580 ), #5318, .T. ) ;
#586 = EDGE_CURVE ( 'NONE', #3883, #1664, #4342, .T. ) ;
#587 = AXIS2_PLACEMENT_3D ( 'NONE', #297, #2209, #4166 ) ;
#588 = CARTESIAN_POINT ( 'NONE',  ( 102.1816036903140343, -62.99624880650843295, 0.000000000000000000 ) ) ;
#589 = CARTESIAN_POINT ( 'NONE',  ( 102.6275153932645310, -60.72598359821652991, -2.750000000000000000 ) ) ;
#590 = DIRECTION ( 'NONE',  ( 1.000000000000000000, 0.000000000000000000, -0.000000000000000000 ) ) ;
#591 = DIRECTION ( 'NONE',  ( -0.9999999996627741972, 2.597020567951150872E-05, 1.807764462190293981E-13 ) ) ;
#592 = DIRECTION ( 'NONE',  ( -1.000000000000000000, 0.000000000000000000, 0.000000000000000000 ) ) ;
#593 = ORIENTED_EDGE ( 'NONE', *, *, #4723, .F. ) ;
#594 = ORIENTED_EDGE ( 'NONE', *, *, #1240, .T. ) ;
#595 = VECTOR ( 'NONE', #1335, 1000.000000000000114 ) ;
#596 = ORIENTED_EDGE ( 'NONE', *, *, #1269, .F. ) ;
#597 = LINE ( 'NONE', #5972, #1868 ) ;
#598 = LINE ( 'NONE', #218, #2969 ) ;
#599 = CARTESIAN_POINT ( 'NONE',  ( 107.6939446901550355, -144.7474444724507521, 0.000000000000000000 ) ) ;
#600 = VERTEX_POINT ( 'NONE', #3887 ) ;
#601 = ORIENTED_EDGE ( 'NONE', *, *, #6145, .T. ) ;
#602 = ORIENTED_EDGE ( 'NONE', *, *, #4490, .T. ) ;
#603 = ORIENTED_EDGE ( 'NONE', *, *, #2466, .T. ) ;
#604 = CARTESIAN_POINT ( 'NONE',  ( 60.62443812211248684, -113.1496768363662540, -26.05258347180938117 ) ) ;
#605 = ORIENTED_EDGE ( 'NONE', *, *, #6026, .F. ) ;
#606 = DIRECTION ( 'NONE',  ( -0.000000000000000000, -0.000000000000000000, 1.000000000000000000 ) ) ;
#607 = DIRECTION ( 'NONE',  ( 5.834239922161488122E-14, -9.424321966693367406E-19, 1.000000000000000000 ) ) ;
#608 = ORIENTED_EDGE ( 'NONE', *, *, #2007, .T. ) ;
#609 = PLANE ( 'NONE',  #910 ) ;
#610 = PLANE ( 'NONE',  #621 ) ;
#611 = CARTESIAN_POINT ( 'NONE',  ( 39.88363162941880802, 28.34871898576011162, 3.500000000000000000 ) ) ;
#612 = AXIS2_PLACEMENT_3D ( 'NONE', #1753, #5590, #3737 ) ;
#613 = EDGE_CURVE ( 'NONE', #2431, #5439, #1015, .T. ) ;
#614 = FACE_OUTER_BOUND ( 'NONE', #6124, .T. ) ;
#615 = FACE_OUTER_BOUND ( 'NONE', #4033, .T. ) ;
#616 = VECTOR ( 'NONE', #1589, 1000.000000000000000 ) ;
#617 = CARTESIAN_POINT ( 'NONE',  ( 141.7204924996928526, -146.9506566412817108, -2.750000000000000000 ) ) ;
#618 = DIRECTION ( 'NONE',  ( 0.9999999995368106243, -3.043647119676320210E-05, 0.000000000000000000 ) ) ;
#619 = PLANE ( 'NONE',  #1817 ) ;
#620 = EDGE_CURVE ( 'NONE', #578, #3576, #2030, .T. ) ;
#621 = AXIS2_PLACEMENT_3D ( 'NONE', #4103, #3479, #3089 ) ;
#622 = ORIENTED_EDGE ( 'NONE', *, *, #5064, .T. ) ;
#623 = ADVANCED_FACE ( 'NONE', ( #1051 ), #1366, .T. ) ;
#624 = PLANE ( 'NONE',  #169 ) ;
#625 = CARTESIAN_POINT ( 'NONE',  ( 143.5296012229387372, -59.74947138323227591, -4.725735931288185476 ) ) ;
#626 = AXIS2_PLACEMENT_3D ( 'NONE', #1076, #2610, #3594 ) ;
#627 = DIRECTION ( 'NONE',  ( 0.9999999999984212629, -1.776973163029144970E-06, 5.834239919705101481E-14 ) ) ;
#628 = VECTOR ( 'NONE', #4589, 1000.000000000000227 ) ;
#629 = EDGE_CURVE ( 'NONE', #30, #4284, #1558, .T. ) ;
#630 = ORIENTED_EDGE ( 'NONE', *, *, #3792, .F. ) ;
#631 = EDGE_LOOP ( 'NONE', ( #1342, #1440, #3928, #3138 ) ) ;
#632 = EDGE_CURVE ( 'NONE', #4354, #4218, #3416, .T. ) ;
#633 = ORIENTED_EDGE ( 'NONE', *, *, #5997, .F. ) ;
#634 = ORIENTED_EDGE ( 'NONE', *, *, #2203, .T. ) ;
#635 = VECTOR ( 'NONE', #1573, 1000.000000000000114 ) ;
#636 = DIRECTION ( 'NONE',  ( -1.000000000000000000, 0.000000000000000000, 0.000000000000000000 ) ) ;
#637 = CONICAL_SURFACE ( 'NONE', #334, 6.999999999999992006, 0.7853981633974410625 ) ;
#638 = LINE ( 'NONE', #4935, #4368 ) ;
#639 = DIRECTION ( 'NONE',  ( 1.963347129720719326E-05, 0.9999999998072632845, 0.000000000000000000 ) ) ;
#640 = COLOUR_RGB ( '',0.7921568627450980005, 0.8196078431372548767, 0.9333333333333333481 ) ;
#641 = EDGE_LOOP ( 'NONE', ( #4136, #5018, #5113, #2160 ) ) ;
#642 = CARTESIAN_POINT ( 'NONE',  ( 118.1901369744413159, -93.17074426079777538, 31.24311596724542284 ) ) ;
#643 = DIRECTION ( 'NONE',  ( -0.000000000000000000, -0.000000000000000000, 1.000000000000000000 ) ) ;
#644 = DIRECTION ( 'NONE',  ( 0.8769893853935963879, 0.4805097479832870500, -0.000000000000000000 ) ) ;
#645 = FACE_OUTER_BOUND ( 'NONE', #3205, .T. ) ;
#646 = CARTESIAN_POINT ( 'NONE',  ( 107.2000492667939682, -139.0000642079358215, -5.000000000000000000 ) ) ;
#647 = PLANE ( 'NONE',  #3756 ) ;
#648 = CARTESIAN_POINT ( 'NONE',  ( 107.7002572360973858, -57.24907359958746866, -5.449999999999006306 ) ) ;
#649 = CARTESIAN_POINT ( 'NONE',  ( 108.0000492667939511, -139.0000642079358215, -2.750000000000000000 ) ) ;
#650 = CARTESIAN_POINT ( 'NONE',  ( 167.1623700253511799, -101.0257138486734760, -16.42949218459650851 ) ) ;
#651 = CARTESIAN_POINT ( 'NONE',  ( -20.76207806249115961, -57.80308072816875864, 3.500000000000000000 ) ) ;
#652 = ORIENTED_EDGE ( 'NONE', *, *, #3395, .T. ) ;
#653 = EDGE_CURVE ( 'NONE', #4340, #3910, #2480, .T. ) ;
#654 = DIRECTION ( 'NONE',  ( 1.000000000000000000, 0.000000000000000000, 0.000000000000000000 ) ) ;
#655 = CARTESIAN_POINT ( 'NONE',  ( -24.38979686125761503, -34.42702669921574454, 3.000000000000000000 ) ) ;
#656 = CARTESIAN_POINT ( 'NONE',  ( 107.7001095762406635, -146.0008696982337142, -4.250000000000161648 ) ) ;
#657 = EDGE_CURVE ( 'NONE', #4354, #4130, #2874, .T. ) ;
#658 = ORIENTED_EDGE ( 'NONE', *, *, #2043, .T. ) ;
#659 = ORIENTED_EDGE ( 'NONE', *, *, #3581, .T. ) ;
#660 = VECTOR ( 'NONE', #2514, 1000.000000000000114 ) ;
#661 = EDGE_CURVE ( 'NONE', #6097, #285, #862, .T. ) ;
#662 = VERTEX_POINT ( 'NONE', #2467 ) ;
#663 = VERTEX_POINT ( 'NONE', #2435 ) ;
#664 = ADVANCED_FACE ( 'NONE', ( #4309 ), #2032, .T. ) ;
#665 = CARTESIAN_POINT ( 'NONE',  ( 143.2274586478625622, -59.74946353652746467, -5.449999999998970779 ) ) ;
#666 = FACE_OUTER_BOUND ( 'NONE', #3806, .T. ) ;
#667 = LINE ( 'NONE', #5565, #4602 ) ;
#668 = EDGE_CURVE ( 'NONE', #3725, #2423, #3565, .T. ) ;
#669 = AXIS2_PLACEMENT_3D ( 'NONE', #6098, #2795, #814 ) ;
#670 = ADVANCED_FACE ( 'NONE', ( #2142 ), #5540, .T. ) ;
#671 = CIRCLE ( 'NONE', #566, 2.500050410903401854 ) ;
#672 = VERTEX_POINT ( 'NONE', #4071 ) ;
#673 = LINE ( 'NONE', #699, #116 ) ;
#674 = CARTESIAN_POINT ( 'NONE',  ( 107.9800631888001590, -63.05007250392394269, 2.500000000000000000 ) ) ;
#675 = DIRECTION ( 'NONE',  ( 1.000000000000000000, 0.000000000000000000, 0.000000000000000000 ) ) ;
#676 = EDGE_CURVE ( 'NONE', #788, #6235, #5058, .T. ) ;
#677 = PLANE ( 'NONE',  #4144 ) ;
#678 = LINE ( 'NONE', #611, #3701 ) ;
#679 = CARTESIAN_POINT ( 'NONE',  ( 99.98006319034203671, -63.05022957169427400, 2.500000000000000000 ) ) ;
#680 = CARTESIAN_POINT ( 'NONE',  ( 48.28372929446643269, -145.9491473150342529, 62.29680156426992710 ) ) ;
#681 = CARTESIAN_POINT ( 'NONE',  ( 143.2296012232881424, -142.2507403187872228, -2.750000000000171418 ) ) ;
#682 = DIRECTION ( 'NONE',  ( 0.7071067812421977239, -1.256509773665289260E-06, -0.7071067811297809813 ) ) ;
#683 = VECTOR ( 'NONE', #5692, 1000.000000000000114 ) ;
#684 = VECTOR ( 'NONE', #5802, 999.9999999999998863 ) ;
#685 = EDGE_LOOP ( 'NONE', ( #3260, #3285, #4769 ) ) ;
#686 = CARTESIAN_POINT ( 'NONE',  ( 139.7793627748838503, -146.0006687926291704, -4.725735931288185476 ) ) ;
#687 = FACE_OUTER_BOUND ( 'NONE', #2648, .T. ) ;
#688 = LINE ( 'NONE', #3584, #3444 ) ;
#689 = VERTEX_POINT ( 'NONE', #3508 ) ;
#690 = VERTEX_POINT ( 'NONE', #3027 ) ;
#691 = ORIENTED_EDGE ( 'NONE', *, *, #5257, .T. ) ;
#692 = EDGE_CURVE ( 'NONE', #2205, #1060, #1174, .T. ) ;
#693 = LINE ( 'NONE', #5469, #5743 ) ;
#694 = DIRECTION ( 'NONE',  ( -4.428460810858583900E-06, 0.7071067811727964614, 0.7071067811864313324 ) ) ;
#695 = DIRECTION ( 'NONE',  ( 0.000000000000000000, 0.000000000000000000, -1.000000000000000000 ) ) ;
#696 = ADVANCED_FACE ( 'NONE', ( #5420 ), #5504, .F. ) ;
#697 = ADVANCED_FACE ( 'NONE', ( #1648 ), #4587, .T. ) ;
#698 = ORIENTED_EDGE ( 'NONE', *, *, #1772, .T. ) ;
#699 = CARTESIAN_POINT ( 'NONE',  ( 109.1968165532210264, -60.11863796659206116, 3.500000000000000000 ) ) ;
#700 = CARTESIAN_POINT ( 'NONE',  ( 107.9452161929179397, -146.9501110552035357, 2.500000000000000000 ) ) ;
#701 = DIRECTION ( 'NONE',  ( -0.5350587869722733814, 0.4622900544936490164, -0.7071067811865605623 ) ) ;
#702 = CARTESIAN_POINT ( 'NONE',  ( 143.5273813777667158, -56.77412375446494508, -4.725735931288185476 ) ) ;
#703 = ORIENTED_EDGE ( 'NONE', *, *, #3585, .T. ) ;
#704 = EDGE_CURVE ( 'NONE', #1741, #3816, #1618, .T. ) ;
#705 = ADVANCED_FACE ( 'NONE', ( #1110 ), #610, .T. ) ;
#706 = CARTESIAN_POINT ( 'NONE',  ( 107.9799055294696615, -55.05007250547747333, 0.000000000000000000 ) ) ;
#707 = FACE_OUTER_BOUND ( 'NONE', #1284, .T. ) ;
#708 = CARTESIAN_POINT ( 'NONE',  ( 104.6541176665219695, -70.25013805109517762, 2.499999999999999112 ) ) ;
#709 = LINE ( 'NONE', #5430, #4901 ) ;
#710 = AXIS2_PLACEMENT_3D ( 'NONE', #6182, #1372, #4728 ) ;
#711 = CARTESIAN_POINT ( 'NONE',  ( 107.9506837897962299, -145.9500347192602021, 3.500076424133490960 ) ) ;
#712 = CARTESIAN_POINT ( 'NONE',  ( 108.5755102726545402, 15.53945668373041578, 4.000000000000017764 ) ) ;
#713 = CARTESIAN_POINT ( 'NONE',  ( 107.9799547964700395, -146.9499917024583056, -2.750000000000000000 ) ) ;
#714 = EDGE_LOOP ( 'NONE', ( #6048, #5046, #2605, #2204 ) ) ;
#715 = CARTESIAN_POINT ( 'NONE',  ( 108.0000492667939511, -139.0000642079358215, -4.499999999999991118 ) ) ;
#716 = ORIENTED_EDGE ( 'NONE', *, *, #4458, .T. ) ;
#717 = ORIENTED_EDGE ( 'NONE', *, *, #1391, .F. ) ;
#718 = AXIS2_PLACEMENT_3D ( 'NONE', #674, #1201, #4530 ) ;
#719 = ORIENTED_EDGE ( 'NONE', *, *, #2185, .F. ) ;
#720 = LINE ( 'NONE', #3322, #5739 ) ;
#721 = VECTOR ( 'NONE', #2776, 1000.000000000000000 ) ;
#722 = AXIS2_PLACEMENT_3D ( 'NONE', #6211, #962, #2851 ) ;
#723 = DIRECTION ( 'NONE',  ( -1.000000000000000000, 0.000000000000000000, 0.000000000000000000 ) ) ;
#724 = CARTESIAN_POINT ( 'NONE',  ( 110.5000492667939653, -139.0000642079358215, -2.750000000000000000 ) ) ;
#725 = CARTESIAN_POINT ( 'NONE',  ( 139.7795104333291079, -57.24943891949224906, -2.750000000000000000 ) ) ;
#726 = ORIENTED_EDGE ( 'NONE', *, *, #4918, .F. ) ;
#727 = ORIENTED_EDGE ( 'NONE', *, *, #1504, .F. ) ;
#728 = AXIS2_PLACEMENT_3D ( 'NONE', #2187, #6054, #5587 ) ;
#729 = EDGE_CURVE ( 'NONE', #6034, #1859, #3639, .T. ) ;
#730 = CARTESIAN_POINT ( 'NONE',  ( 101.2287390211992459, -65.26896559120720553, -5.449999999998969891 ) ) ;
#731 = CARTESIAN_POINT ( 'NONE',  ( -0.000000000000000000, -86.56944730317847814, 3.500000000000000000 ) ) ;
#732 = FACE_OUTER_BOUND ( 'NONE', #1697, .T. ) ;
#733 = VECTOR ( 'NONE', #3430, 1000.000000000000000 ) ;
#734 = ORIENTED_EDGE ( 'NONE', *, *, #2582, .F. ) ;
#735 = EDGE_LOOP ( 'NONE', ( #571, #3106, #5753, #5806 ) ) ;
#736 = AXIS2_PLACEMENT_3D ( 'NONE', #1362, #1905, #5286 ) ;
#737 = EDGE_CURVE ( 'NONE', #2071, #1251, #420, .T. ) ;
#738 = CARTESIAN_POINT ( 'NONE',  ( 142.2773813781882097, -56.77415621722656169, -2.750000000000000000 ) ) ;
#739 = DIRECTION ( 'NONE',  ( -0.8266401057623754545, -0.5627309619571049248, 0.000000000000000000 ) ) ;
#740 = FACE_OUTER_BOUND ( 'NONE', #436, .T. ) ;
#741 = EDGE_CURVE ( 'NONE', #2221, #3080, #3537, .T. ) ;
#742 = CARTESIAN_POINT ( 'NONE',  ( 102.1801097828601712, -139.0860767826652022, 0.000000000000000000 ) ) ;
#743 = VECTOR ( 'NONE', #88, 1000.000000000000000 ) ;
#744 = PLANE ( 'NONE',  #2333 ) ;
#745 = CARTESIAN_POINT ( 'NONE',  ( 143.1945612729249717, -121.6868953182585074, -2.750000000000002665 ) ) ;
#746 = DIRECTION ( 'NONE',  ( -5.786062875576375928E-06, 0.9238795324930177966, 0.3826834323654530468 ) ) ;
#747 = ORIENTED_EDGE ( 'NONE', *, *, #5993, .T. ) ;
#748 = DIRECTION ( 'NONE',  ( -0.000000000000000000, -0.000000000000000000, 1.000000000000000000 ) ) ;
#749 = EDGE_LOOP ( 'NONE', ( #4731, #5221, #4528, #2576, #220, #5010, #2819, #1533 ) ) ;
#750 = ORIENTED_EDGE ( 'NONE', *, *, #3393, .T. ) ;
#751 = ORIENTED_EDGE ( 'NONE', *, *, #844, .T. ) ;
#752 = CARTESIAN_POINT ( 'NONE',  ( 128.9901139121556355, -68.33426101659085816, 3.500000000000000000 ) ) ;
#753 = CARTESIAN_POINT ( 'NONE',  ( 141.7204924996928526, -146.9506566412817108, 0.000000000000000000 ) ) ;
#754 = DIRECTION ( 'NONE',  ( 0.6401759846742456350, -0.3002910399035451650, 0.7071067811865527908 ) ) ;
#755 = CIRCLE ( 'NONE', #5405, 3.450050408439283345 ) ;
#756 = VERTEX_POINT ( 'NONE', #2589 ) ;
#757 = DIRECTION ( 'NONE',  ( -0.000000000000000000, -5.782411586589279147E-15, 1.000000000000000000 ) ) ;
#758 = ORIENTED_EDGE ( 'NONE', *, *, #2963, .F. ) ;
#759 = VECTOR ( 'NONE', #872, 1000.000000000000000 ) ;
#760 = DIRECTION ( 'NONE',  ( 1.000000000000000000, 0.000000000000000000, 0.000000000000000000 ) ) ;
#761 = CARTESIAN_POINT ( 'NONE',  ( 102.8595053415024552, -60.29307387543443042, 0.000000000000000000 ) ) ;
#762 = AXIS2_PLACEMENT_3D ( 'NONE', #5445, #511, #5892 ) ;
#763 = EDGE_LOOP ( 'NONE', ( #3012, #2517, #1038, #252 ) ) ;
#764 = ORIENTED_EDGE ( 'NONE', *, *, #958, .F. ) ;
#765 = VECTOR ( 'NONE', #2850, 1000.000000000000000 ) ;
#766 = ORIENTED_EDGE ( 'NONE', *, *, #2591, .T. ) ;
#767 = CARTESIAN_POINT ( 'NONE',  ( 0.000000000000000000, -86.56944730317847814, 3.000000000000000000 ) ) ;
#768 = PLANE ( 'NONE',  #2838 ) ;
#769 = ADVANCED_FACE ( 'NONE', ( #2062 ), #4940, .T. ) ;
#770 = DIRECTION ( 'NONE',  ( -0.000000000000000000, -0.000000000000000000, 1.000000000000000000 ) ) ;
#771 = CARTESIAN_POINT ( 'NONE',  ( 102.8706101777262489, -141.7370422481071159, -2.750000000000000000 ) ) ;
#772 = ADVANCED_FACE ( 'NONE', ( #2088 ), #3983, .F. ) ;
#773 = EDGE_CURVE ( 'NONE', #3262, #1238, #4499, .T. ) ;
#774 = DIRECTION ( 'NONE',  ( -0.6298603465634793341, 0.7767084033451251424, 0.000000000000000000 ) ) ;
#775 = DIRECTION ( 'NONE',  ( -1.000000000000000000, 0.000000000000000000, 0.000000000000000000 ) ) ;
#776 = DIRECTION ( 'NONE',  ( -2.073457552797733375E-19, -5.834239919677126580E-14, 1.000000000000000000 ) ) ;
#777 = DIRECTION ( 'NONE',  ( 0.000000000000000000, 0.000000000000000000, -1.000000000000000000 ) ) ;
#778 = ORIENTED_EDGE ( 'NONE', *, *, #965, .F. ) ;
#779 = VECTOR ( 'NONE', #5699, 1000.000000000000114 ) ;
#780 = ORIENTED_EDGE ( 'NONE', *, *, #3815, .T. ) ;
#781 = ORIENTED_EDGE ( 'NONE', *, *, #5610, .F. ) ;
#782 = LINE ( 'NONE', #5148, #3573 ) ;
#783 = AXIS2_PLACEMENT_3D ( 'NONE', #1204, #5061, #2685 ) ;
#784 = DIRECTION ( 'NONE',  ( -0.000000000000000000, -0.000000000000000000, 1.000000000000000000 ) ) ;
#785 = DIRECTION ( 'NONE',  ( -0.007720106809117825708, -0.7070646363316985816, 0.7071067811865324737 ) ) ;
#786 = DIRECTION ( 'NONE',  ( -0.5352638036110475284, 0.4620526599250837085, 0.7071067811865396902 ) ) ;
#787 = VERTEX_POINT ( 'NONE', #5929 ) ;
#788 = VERTEX_POINT ( 'NONE', #2559 ) ;
#789 = AXIS2_PLACEMENT_3D ( 'NONE', #2642, #2375, #3288 ) ;
#790 = CARTESIAN_POINT ( 'NONE',  ( 139.7044195773284514, -70.25013805109517762, 2.500000000000000000 ) ) ;
#791 = VERTEX_POINT ( 'NONE', #4554 ) ;
#792 = DIRECTION ( 'NONE',  ( -0.8927008760456434100, 0.4506496931179922449, -0.000000000000000000 ) ) ;
#793 = CARTESIAN_POINT ( 'NONE',  ( 139.7044195773284514, -70.25013805109517762, 1.250000000000000000 ) ) ;
#794 = AXIS2_PLACEMENT_3D ( 'NONE', #2833, #449, #2359 ) ;
#795 = AXIS2_PLACEMENT_3D ( 'NONE', #2245, #1361, #1803 ) ;
#796 = ORIENTED_EDGE ( 'NONE', *, *, #239, .T. ) ;
#797 = VERTEX_POINT ( 'NONE', #5957 ) ;
#798 = EDGE_LOOP ( 'NONE', ( #5875, #719, #5850, #2683, #2055, #854, #3870 ) ) ;
#799 = DIRECTION ( 'NONE',  ( -1.000000000000000000, 0.000000000000000000, 0.000000000000000000 ) ) ;
#800 = CARTESIAN_POINT ( 'NONE',  ( 143.5296012230792542, -59.74943891916605310, -4.725735931288185476 ) ) ;
#801 = LINE ( 'NONE', #3700, #3800 ) ;
#802 = DIRECTION ( 'NONE',  ( -0.7631309638112488969, -0.6462438642436107994, 0.000000000000000000 ) ) ;
#803 = EDGE_CURVE ( 'NONE', #4497, #2655, #203, .T. ) ;
#804 = CARTESIAN_POINT ( 'NONE',  ( 139.7795508170041217, -59.74943891916605310, -2.750000000000025757 ) ) ;
#805 = DIRECTION ( 'NONE',  ( 2.055038041388340171E-20, 5.782411586552761987E-15, 1.000000000000000000 ) ) ;
#806 = ADVANCED_FACE ( 'NONE', ( #3180 ), #2801, .T. ) ;
#807 = DIRECTION ( 'NONE',  ( 0.000000000000000000, 0.000000000000000000, -1.000000000000000000 ) ) ;
#808 = LINE ( 'NONE', #4148, #2319 ) ;
#809 = ORIENTED_EDGE ( 'NONE', *, *, #431, .T. ) ;
#810 = EDGE_LOOP ( 'NONE', ( #1287, #3337, #5202 ) ) ;
#811 = VERTEX_POINT ( 'NONE', #5155 ) ;
#812 = VECTOR ( 'NONE', #993, 1000.000000000000227 ) ;
#813 = EDGE_CURVE ( 'NONE', #4793, #2078, #1325, .T. ) ;
#814 = DIRECTION ( 'NONE',  ( -1.000000000000000000, 0.000000000000000000, 0.000000000000000000 ) ) ;
#815 = DIRECTION ( 'NONE',  ( 0.000000000000000000, -1.000000000000000000, 0.000000000000000000 ) ) ;
#816 = CONICAL_SURFACE ( 'NONE', #318, 0.7999999999999951594, 0.7853981633974391752 ) ;
#817 = LINE ( 'NONE', #2739, #2741 ) ;
#818 = PLANE ( 'NONE',  #2372 ) ;
#819 = EDGE_CURVE ( 'NONE', #5779, #1978, #2533, .T. ) ;
#820 = EDGE_CURVE ( 'NONE', #689, #1556, #5662, .T. ) ;
#821 = VERTEX_POINT ( 'NONE', #6105 ) ;
#822 = VERTEX_POINT ( 'NONE', #2265 ) ;
#823 = DIRECTION ( 'NONE',  ( -9.001978983153794133E-06, 0.9999999999594821887, 0.000000000000000000 ) ) ;
#824 = ORIENTED_EDGE ( 'NONE', *, *, #5840, .F. ) ;
#825 = PLANE ( 'NONE',  #4558 ) ;
#826 = LINE ( 'NONE', #4618, #4424 ) ;
#827 = ORIENTED_EDGE ( 'NONE', *, *, #3929, .T. ) ;
#828 = DIRECTION ( 'NONE',  ( -1.776973163029144758E-06, -0.9999999999984211518, -0.000000000000000000 ) ) ;
#829 = CARTESIAN_POINT ( 'NONE',  ( 107.7001076974038654, -145.7008696982397282, -5.449999999998964562 ) ) ;
#830 = LINE ( 'NONE', #5548, #1685 ) ;
#831 = VECTOR ( 'NONE', #5597, 1000.000000000000114 ) ;
#832 = VECTOR ( 'NONE', #3033, 999.9999999999998863 ) ;
#833 = CARTESIAN_POINT ( 'NONE',  ( 102.8706101777262489, -141.7370422481071159, 0.000000000000000000 ) ) ;
#834 = CARTESIAN_POINT ( 'NONE',  ( 139.7795227047435276, -55.99938851319628697, -4.725735931288185476 ) ) ;
#835 = LINE ( 'NONE', #3197, #3176 ) ;
#836 = CARTESIAN_POINT ( 'NONE',  ( 128.5881499508248567, -69.25013805109517762, 3.500000000000000000 ) ) ;
#837 = DIRECTION ( 'NONE',  ( 0.9999999999984212629, -1.776973163029144970E-06, 0.000000000000000000 ) ) ;
#838 = VERTEX_POINT ( 'NONE', #294 ) ;
#839 = ORIENTED_EDGE ( 'NONE', *, *, #5799, .F. ) ;
#840 = ORIENTED_EDGE ( 'NONE', *, *, #2895, .F. ) ;
#841 = EDGE_CURVE ( 'NONE', #3773, #4892, #5021, .T. ) ;
#842 = CARTESIAN_POINT ( 'NONE',  ( 107.9800631888001590, -69.25013805109517762, 3.500000000000000000 ) ) ;
#843 = FACE_OUTER_BOUND ( 'NONE', #5495, .T. ) ;
#844 = EDGE_CURVE ( 'NONE', #5623, #1471, #3214, .T. ) ;
#845 = LINE ( 'NONE', #2293, #3752 ) ;
#846 = FACE_OUTER_BOUND ( 'NONE', #6200, .T. ) ;
#847 = ADVANCED_FACE ( 'NONE', ( #4131 ), #3660, .T. ) ;
#848 = EDGE_CURVE ( 'NONE', #1471, #4497, #4739, .T. ) ;
#849 = ORIENTED_EDGE ( 'NONE', *, *, #1048, .F. ) ;
#850 = ORIENTED_EDGE ( 'NONE', *, *, #6109, .T. ) ;
#851 = DIRECTION ( 'NONE',  ( -1.513246246076680807E-05, 0.7707481898740453641, 0.6371398806988078922 ) ) ;
#852 = DIRECTION ( 'NONE',  ( -0.7071067811865554553, -0.7071067811865395791, 0.000000000000000000 ) ) ;
#853 = CARTESIAN_POINT ( 'NONE',  ( 100.9815533698048853, -138.9501683950392135, 3.500000000000000000 ) ) ;
#854 = ORIENTED_EDGE ( 'NONE', *, *, #1321, .F. ) ;
#855 = ORIENTED_EDGE ( 'NONE', *, *, #2080, .T. ) ;
#856 = VECTOR ( 'NONE', #4014, 1000.000000000000000 ) ;
#857 = CARTESIAN_POINT ( 'NONE',  ( 102.1809857960124930, -94.46772382334611962, 0.000000000000000000 ) ) ;
#858 = DIRECTION ( 'NONE',  ( -0.000000000000000000, -0.000000000000000000, 1.000000000000000000 ) ) ;
#859 = CARTESIAN_POINT ( 'NONE',  ( 4.560520551274114709, 3.698287597461479059, 4.000000000000017764 ) ) ;
#860 = VECTOR ( 'NONE', #1412, 999.9999999999998863 ) ;
#861 = CIRCLE ( 'NONE', #4401, 2.500050410903373876 ) ;
#862 = CIRCLE ( 'NONE', #5003, 6.999999999999978684 ) ;
#863 = CARTESIAN_POINT ( 'NONE',  ( 100.9287390212480773, -65.26896505811525628, -4.250000000000198064 ) ) ;
#864 = CARTESIAN_POINT ( 'NONE',  ( 102.1816036903140343, -62.99624880650843295, 0.000000000000000000 ) ) ;
#865 = CARTESIAN_POINT ( 'NONE',  ( 107.0013568709072871, -63.73931720310693549, 3.000000000000000000 ) ) ;
#866 = DIRECTION ( 'NONE',  ( -7.496502047459744543E-06, 0.9999999999719012544, 0.000000000000000000 ) ) ;
#867 = CARTESIAN_POINT ( 'NONE',  ( 107.7001017477540046, -144.7508696982582137, -5.449999999999006306 ) ) ;
#868 = ORIENTED_EDGE ( 'NONE', *, *, #3275, .T. ) ;
#869 = EDGE_LOOP ( 'NONE', ( #4225, #321, #446, #6104 ) ) ;
#870 = VERTEX_POINT ( 'NONE', #2774 ) ;
#871 = CONICAL_SURFACE ( 'NONE', #5415, 0.7999999999999812816, 0.7853981633974382870 ) ;
#872 = DIRECTION ( 'NONE',  ( 1.000000000000000000, 0.000000000000000000, 0.000000000000000000 ) ) ;
#873 = CARTESIAN_POINT ( 'NONE',  ( 102.6275153932645310, -60.72598359821652991, -0.000000000000000000 ) ) ;
#874 = DIRECTION ( 'NONE',  ( 0.01091162179911142442, 0.9999404664827367117, 0.000000000000000000 ) ) ;
#875 = LINE ( 'NONE', #3239, #2475 ) ;
#876 = VECTOR ( 'NONE', #4719, 1000.000000000000000 ) ;
#877 = ADVANCED_FACE ( 'NONE', ( #1765 ), #6165, .F. ) ;
#878 = VECTOR ( 'NONE', #4874, 1000.000000000000227 ) ;
#879 = EDGE_LOOP ( 'NONE', ( #3397, #3617, #1063, #3076 ) ) ;
#880 = EDGE_LOOP ( 'NONE', ( #1096, #5786, #3847, #3095 ) ) ;
#881 = DIRECTION ( 'NONE',  ( -1.000000000000000000, 0.000000000000000000, 0.000000000000000000 ) ) ;
#882 = PLANE ( 'NONE',  #6080 ) ;
#883 = DIRECTION ( 'NONE',  ( -0.9999999998058088924, -1.970741631199155960E-05, 0.000000000000000000 ) ) ;
#884 = EDGE_CURVE ( 'NONE', #2987, #4891, #352, .T. ) ;
#885 = ORIENTED_EDGE ( 'NONE', *, *, #3740, .T. ) ;
#886 = ORIENTED_EDGE ( 'NONE', *, *, #5798, .F. ) ;
#887 = ADVANCED_FACE ( 'NONE', ( #386 ), #5011, .T. ) ;
#888 = DIRECTION ( 'NONE',  ( 4.382459308427762299E-14, -7.787512579155692674E-20, 1.000000000000000000 ) ) ;
#889 = PLANE ( 'NONE',  #939 ) ;
#890 = DIRECTION ( 'NONE',  ( 0.3695190589738285847, -0.9292231513770500273, 0.000000000000000000 ) ) ;
#891 = EDGE_CURVE ( 'NONE', #5414, #3426, #3274, .T. ) ;
#892 = EDGE_CURVE ( 'NONE', #5057, #1238, #1232, .T. ) ;
#893 = VERTEX_POINT ( 'NONE', #6076 ) ;
#894 = EDGE_CURVE ( 'NONE', #2423, #521, #2682, .T. ) ;
#895 = DIRECTION ( 'NONE',  ( 0.7071182033224665542, 0.7070953588661199607, 0.000000000000000000 ) ) ;
#896 = DIRECTION ( 'NONE',  ( 0.6298603465634791121, -0.7767084033451252534, 0.000000000000000000 ) ) ;
#897 = CARTESIAN_POINT ( 'NONE',  ( 143.2296012230398503, -59.74946359217056369, -3.950000000000187583 ) ) ;
#898 = CARTESIAN_POINT ( 'NONE',  ( -20.25501582575235204, -56.39138391650078574, 4.000000000000017764 ) ) ;
#899 = PLANE ( 'NONE',  #3223 ) ;
#900 = ORIENTED_EDGE ( 'NONE', *, *, #2922, .F. ) ;
#901 = ORIENTED_EDGE ( 'NONE', *, *, #1818, .T. ) ;
#902 = ORIENTED_EDGE ( 'NONE', *, *, #4253, .F. ) ;
#903 = CARTESIAN_POINT ( 'NONE',  ( 139.7793549463971488, -144.7506687926536699, -5.449999999999006306 ) ) ;
#904 = CARTESIAN_POINT ( 'NONE',  ( 143.2295297976044708, -144.2717646358490526, -5.449999999998965450 ) ) ;
#905 = LINE ( 'NONE', #1919, #236 ) ;
#906 = DIRECTION ( 'NONE',  ( 0.9999999998058088924, 1.970741631024010553E-05, 0.000000000000000000 ) ) ;
#907 = AXIS2_PLACEMENT_3D ( 'NONE', #3869, #5804, #3392 ) ;
#908 = ORIENTED_EDGE ( 'NONE', *, *, #3935, .F. ) ;
#909 = ORIENTED_EDGE ( 'NONE', *, *, #1554, .F. ) ;
#910 = AXIS2_PLACEMENT_3D ( 'NONE', #2529, #1557, #5503 ) ;
#911 = ORIENTED_EDGE ( 'NONE', *, *, #5808, .F. ) ;
#912 = DIRECTION ( 'NONE',  ( 1.963347129017993349E-05, -0.9999999998072632845, 0.000000000000000000 ) ) ;
#913 = DIRECTION ( 'NONE',  ( 1.000000000000000000, -0.000000000000000000, 0.000000000000000000 ) ) ;
#914 = DIRECTION ( 'NONE',  ( 0.000000000000000000, 0.000000000000000000, -1.000000000000000000 ) ) ;
#915 = ORIENTED_EDGE ( 'NONE', *, *, #5893, .F. ) ;
#916 = ORIENTED_EDGE ( 'NONE', *, *, #2577, .F. ) ;
#917 = AXIS2_PLACEMENT_3D ( 'NONE', #6044, #4013, #174 ) ;
#918 = EDGE_CURVE ( 'NONE', #5203, #1078, #1489, .T. ) ;
#919 = FACE_OUTER_BOUND ( 'NONE', #191, .T. ) ;
#920 = CARTESIAN_POINT ( 'NONE',  ( 103.4344004022027690, -57.72682632977949879, 3.500000000000000000 ) ) ;
#921 = DIRECTION ( 'NONE',  ( -0.7071182033224665542, -0.7070953588661199607, 0.000000000000000000 ) ) ;
#922 = DIRECTION ( 'NONE',  ( 0.7071182033224566732, -0.7070953588661298417, 0.000000000000000000 ) ) ;
#923 = VECTOR ( 'NONE', #4727, 999.9999999999998863 ) ;
#924 = ADVANCED_FACE ( 'NONE', ( #5788 ), #573, .F. ) ;
#925 = ORIENTED_EDGE ( 'NONE', *, *, #351, .F. ) ;
#926 = EDGE_CURVE ( 'NONE', #2686, #945, #1513, .T. ) ;
#927 = EDGE_CURVE ( 'NONE', #4419, #2553, #5279, .T. ) ;
#928 = VECTOR ( 'NONE', #4325, 1000.000000000000114 ) ;
#929 = FACE_OUTER_BOUND ( 'NONE', #5032, .T. ) ;
#930 = FACE_OUTER_BOUND ( 'NONE', #1900, .T. ) ;
#931 = CIRCLE ( 'NONE', #34, 2.500000000000085265 ) ;
#932 = CARTESIAN_POINT ( 'NONE',  ( 143.2296012230400493, -59.74946359217056369, -5.449999999998964562 ) ) ;
#933 = CARTESIAN_POINT ( 'NONE',  ( 139.7795508170041217, -59.74943891916605310, -2.750000000000000000 ) ) ;
#934 = FACE_OUTER_BOUND ( 'NONE', #4249, .T. ) ;
#935 = ORIENTED_EDGE ( 'NONE', *, *, #157, .T. ) ;
#936 = ORIENTED_EDGE ( 'NONE', *, *, #208, .T. ) ;
#937 = ORIENTED_EDGE ( 'NONE', *, *, #4668, .T. ) ;
#938 = ADVANCED_FACE ( 'NONE', ( #1007 ), #4301, .T. ) ;
#939 = AXIS2_PLACEMENT_3D ( 'NONE', #2809, #361, #3351 ) ;
#940 = CARTESIAN_POINT ( 'NONE',  ( 107.9801124558005796, -138.9499917040118362, -2.750000000000000000 ) ) ;
#941 = PLANE ( 'NONE',  #162 ) ;
#942 = CARTESIAN_POINT ( 'NONE',  ( 105.5037927504869799, -139.1835780754425116, -2.750000000000000000 ) ) ;
#943 = CARTESIAN_POINT ( 'NONE',  ( 102.1840838479294291, -62.76896728882534404, -2.750000000000000000 ) ) ;
#944 = EDGE_LOOP ( 'NONE', ( #4338, #4620, #1865, #766 ) ) ;
#945 = VERTEX_POINT ( 'NONE', #1450 ) ;
#946 = ORIENTED_EDGE ( 'NONE', *, *, #2232, .F. ) ;
#947 = DIRECTION ( 'NONE',  ( 0.9411312077786266883, -0.3380414911592116156, 0.000000000000000000 ) ) ;
#948 = DIRECTION ( 'NONE',  ( 0.000000000000000000, 0.000000000000000000, 1.000000000000000000 ) ) ;
#949 = LINE ( 'NONE', #5790, #3094 ) ;
#950 = ORIENTED_EDGE ( 'NONE', *, *, #3625, .F. ) ;
#951 = ORIENTED_EDGE ( 'NONE', *, *, #1094, .F. ) ;
#952 = DIRECTION ( 'NONE',  ( 1.000000000000000000, 0.000000000000000000, 0.000000000000000000 ) ) ;
#953 = CARTESIAN_POINT ( 'NONE',  ( 141.7204924996928526, -146.9506566412817108, 0.000000000000000000 ) ) ;
#954 = LINE ( 'NONE', #4718, #5074 ) ;
#955 = PLANE ( 'NONE',  #2093 ) ;
#956 = DIRECTION ( 'NONE',  ( 1.000000000000000000, 0.000000000000000000, 0.000000000000000000 ) ) ;
#957 = VECTOR ( 'NONE', #3524, 1000.000000000000000 ) ;
#958 = EDGE_CURVE ( 'NONE', #4823, #5721, #6197, .T. ) ;
#959 = CARTESIAN_POINT ( 'NONE',  ( 100.9286871358390414, -94.46772329025425563, -4.725735931290019565 ) ) ;
#960 = DIRECTION ( 'NONE',  ( -1.776973163029144758E-06, -0.9999999999984211518, -0.000000000000000000 ) ) ;
#961 = CARTESIAN_POINT ( 'NONE',  ( 100.9286120173225356, -136.7410211255456431, -4.725735931288194358 ) ) ;
#962 = DIRECTION ( 'NONE',  ( 4.382459308427762299E-14, -7.787512579155692674E-20, 1.000000000000000000 ) ) ;
#963 = AXIS2_PLACEMENT_3D ( 'NONE', #2916, #3810, #1409 ) ;
#964 = DIRECTION ( 'NONE',  ( -1.000000000000000000, 0.000000000000000000, 0.000000000000000000 ) ) ;
#965 = EDGE_CURVE ( 'NONE', #2921, #1883, #4804, .T. ) ;
#966 = ORIENTED_EDGE ( 'NONE', *, *, #5845, .F. ) ;
#967 = EDGE_CURVE ( 'NONE', #1908, #1078, #3374, .T. ) ;
#968 = VERTEX_POINT ( 'NONE', #1956 ) ;
#969 = VECTOR ( 'NONE', #5629, 1000.000000000000000 ) ;
#970 = DIRECTION ( 'NONE',  ( 0.5793476693294571378, -0.8150805346973548637, 0.000000000000000000 ) ) ;
#971 = DIRECTION ( 'NONE',  ( 0.5757869388090387508, -0.8175997805142295460, 0.000000000000000000 ) ) ;
#972 = AXIS2_PLACEMENT_3D ( 'NONE', #3702, #3640, #1749 ) ;
#973 = PLANE ( 'NONE',  #4259 ) ;
#974 = EDGE_CURVE ( 'NONE', #4389, #4182, #5819, .T. ) ;
#975 = ORIENTED_EDGE ( 'NONE', *, *, #4950, .T. ) ;
#976 = EDGE_LOOP ( 'NONE', ( #2107, #3658, #4407 ) ) ;
#977 = CARTESIAN_POINT ( 'NONE',  ( 127.2838903259784189, -69.25013805109517762, 3.500000000000000000 ) ) ;
#978 = PLANE ( 'NONE',  #128 ) ;
#979 = DIRECTION ( 'NONE',  ( 0.6518134694377142324, 0.2741153061388279522, 0.7071067811865380248 ) ) ;
#980 = ORIENTED_EDGE ( 'NONE', *, *, #926, .F. ) ;
#981 = VECTOR ( 'NONE', #5186, 1000.000000000000227 ) ;
#982 = VECTOR ( 'NONE', #2064, 999.9999999999998863 ) ;
#983 = LINE ( 'NONE', #1050, #3534 ) ;
#984 = LINE ( 'NONE', #1963, #5815 ) ;
#985 = DIRECTION ( 'NONE',  ( -0.01193634130095833600, 0.9999287593405576935, 0.000000000000000000 ) ) ;
#986 = DIRECTION ( 'NONE',  ( 0.000000000000000000, 0.000000000000000000, -1.000000000000000000 ) ) ;
#987 = ORIENTED_EDGE ( 'NONE', *, *, #1047, .F. ) ;
#988 = ORIENTED_EDGE ( 'NONE', *, *, #440, .T. ) ;
#989 = CARTESIAN_POINT ( 'NONE',  ( 125.5053512362911619, -109.8090704389017702, 3.000000000000000000 ) ) ;
#990 = FACE_OUTER_BOUND ( 'NONE', #5885, .T. ) ;
#991 = DIRECTION ( 'NONE',  ( 3.756702098946128341E-06, 0.3826834323470137966, 0.9238795325111363033 ) ) ;
#992 = CARTESIAN_POINT ( 'NONE',  ( 142.2795508170036669, -121.6868953182585074, 0.000000000000000000 ) ) ;
#993 = DIRECTION ( 'NONE',  ( 0.3826834326770060524, -9.938367460114288162E-06, 0.9238795323286321803 ) ) ;
#994 = EDGE_LOOP ( 'NONE', ( #6127, #3750, #193, #4989 ) ) ;
#995 = VERTEX_POINT ( 'NONE', #1484 ) ;
#996 = AXIS2_PLACEMENT_3D ( 'NONE', #5129, #888, #4273 ) ;
#997 = EDGE_CURVE ( 'NONE', #1828, #4793, #4363, .T. ) ;
#998 = CARTESIAN_POINT ( 'NONE',  ( 139.7793627748838503, -146.0006687926291988, -4.250000000000161648 ) ) ;
#999 = DIRECTION ( 'NONE',  ( 2.597020929432778652E-05, -0.9999999996627739751, -3.653861547250550884E-19 ) ) ;
#1000 = PLANE ( 'NONE',  #2643 ) ;
#1001 = ADVANCED_FACE ( 'NONE', ( #2425 ), #3408, .T. ) ;
#1002 = EDGE_LOOP ( 'NONE', ( #3396, #2955, #537, #2928 ) ) ;
#1003 = ORIENTED_EDGE ( 'NONE', *, *, #5143, .T. ) ;
#1004 = ORIENTED_EDGE ( 'NONE', *, *, #2155, .T. ) ;
#1005 = VERTEX_POINT ( 'NONE', #4391 ) ;
#1006 = EDGE_CURVE ( 'NONE', #2820, #4539, #1896, .T. ) ;
#1007 = FACE_OUTER_BOUND ( 'NONE', #2400, .T. ) ;
#1008 = EDGE_LOOP ( 'NONE', ( #3819, #1723 ) ) ;
#1009 = CARTESIAN_POINT ( 'NONE',  ( 102.1840838479294291, -62.76896728882534404, -2.750000000000000000 ) ) ;
#1010 = DIRECTION ( 'NONE',  ( 0.9794300190823399532, 0.2017841364437926166, 0.000000000000000000 ) ) ;
#1011 = EDGE_CURVE ( 'NONE', #1656, #4231, #5754, .T. ) ;
#1012 = ORIENTED_EDGE ( 'NONE', *, *, #3512, .T. ) ;
#1013 = AXIS2_PLACEMENT_3D ( 'NONE', #4510, #1150, #592 ) ;
#1014 = CARTESIAN_POINT ( 'NONE',  ( 139.7795508170034395, -142.2506183894232095, -2.750000000000000000 ) ) ;
#1015 = LINE ( 'NONE', #953, #4402 ) ;
#1016 = CARTESIAN_POINT ( 'NONE',  ( 143.1945612729249717, -94.46772382334611962, -52.83283138959388481 ) ) ;
#1017 = LINE ( 'NONE', #5389, #3604 ) ;
#1018 = ORIENTED_EDGE ( 'NONE', *, *, #5916, .F. ) ;
#1019 = VECTOR ( 'NONE', #4648, 1000.000000000000000 ) ;
#1020 = VECTOR ( 'NONE', #248, 999.9999999999998863 ) ;
#1021 = DIRECTION ( 'NONE',  ( -0.000000000000000000, -0.000000000000000000, 1.000000000000000000 ) ) ;
#1022 = CARTESIAN_POINT ( 'NONE',  ( 107.9269606685299721, -144.7499906576537114, 0.000000000000000000 ) ) ;
#1023 = CARTESIAN_POINT ( 'NONE',  ( 105.4816026354598790, -63.05003324718956748, -2.750000000000000000 ) ) ;
#1024 = PLANE ( 'NONE',  #2535 ) ;
#1025 = DIRECTION ( 'NONE',  ( -0.9794300190823402863, -0.2017841364437908958, 0.000000000000000000 ) ) ;
#1026 = ORIENTED_EDGE ( 'NONE', *, *, #3281, .T. ) ;
#1027 = EDGE_LOOP ( 'NONE', ( #5577, #5700, #633, #2077, #2383 ) ) ;
#1028 = ORIENTED_EDGE ( 'NONE', *, *, #5761, .T. ) ;
#1029 = AXIS2_PLACEMENT_3D ( 'NONE', #5934, #4879, #3516 ) ;
#1030 = LINE ( 'NONE', #2952, #2072 ) ;
#1031 = DIRECTION ( 'NONE',  ( 5.834239918952793234E-14, -9.424321958360324982E-19, 1.000000000000000000 ) ) ;
#1032 = LINE ( 'NONE', #129, #1732 ) ;
#1033 = VECTOR ( 'NONE', #1583, 1000.000000000000114 ) ;
#1034 = AXIS2_PLACEMENT_3D ( 'NONE', #5255, #422, #3383 ) ;
#1035 = VERTEX_POINT ( 'NONE', #5724 ) ;
#1036 = AXIS2_PLACEMENT_3D ( 'NONE', #679, #4077, #5036 ) ;
#1037 = ORIENTED_EDGE ( 'NONE', *, *, #6110, .T. ) ;
#1038 = ORIENTED_EDGE ( 'NONE', *, *, #275, .F. ) ;
#1039 = VERTEX_POINT ( 'NONE', #3821 ) ;
#1040 = EDGE_CURVE ( 'NONE', #59, #2964, #5373, .T. ) ;
#1041 = B_SPLINE_CURVE_WITH_KNOTS ( 'NONE', 2,
 ( #943, #380, #1823, #3748 ),
 .UNSPECIFIED., .F., .F.,
 ( 3, 1, 3 ),
 ( 0.6984282656297914338, 0.8865402256809380432, 1.001631398425536501 ),
 .UNSPECIFIED. ) ;
#1042 = DIRECTION ( 'NONE',  ( 1.000000000000000000, 0.000000000000000000, 0.000000000000000000 ) ) ;
#1043 = DIRECTION ( 'NONE',  ( 0.7032431132088339254, 0.7109494522990696952, 0.000000000000000000 ) ) ;
#1044 = LINE ( 'NONE', #2962, #1769 ) ;
#1045 = ADVANCED_FACE ( 'NONE', ( #4893 ), #1387, .F. ) ;
#1046 = ORIENTED_EDGE ( 'NONE', *, *, #2279, .T. ) ;
#1047 = EDGE_CURVE ( 'NONE', #577, #3231, #2898, .T. ) ;
#1048 = EDGE_CURVE ( 'NONE', #5374, #4849, #2865, .T. ) ;
#1049 = VERTEX_POINT ( 'NONE', #9 ) ;
#1050 = CARTESIAN_POINT ( 'NONE',  ( 3.395457946256472681, 2.753497077616295030, 3.500000000000000000 ) ) ;
#1051 = FACE_OUTER_BOUND ( 'NONE', #5339, .T. ) ;
#1052 =( NAMED_UNIT ( * ) PLANE_ANGLE_UNIT ( ) SI_UNIT ( $, .RADIAN. ) );
#1053 = CARTESIAN_POINT ( 'NONE',  ( 126.8897749301817157, -83.70427220207983510, -8.395889540111127758 ) ) ;
#1054 = EDGE_LOOP ( 'NONE', ( #950, #2456, #3054, #5128 ) ) ;
#1055 = DIRECTION ( 'NONE',  ( 0.9999999999803886874, 6.262789326926268667E-06, 0.000000000000000000 ) ) ;
#1056 = CARTESIAN_POINT ( 'NONE',  ( 139.7795508170034395, -142.2506183894232095, 0.000000000000000000 ) ) ;
#1057 = DIRECTION ( 'NONE',  ( 0.9999999993754952188, -3.534132826689846538E-05, 0.000000000000000000 ) ) ;
#1058 = DIRECTION ( 'NONE',  ( 0.9999999982807196153, -5.863924272614553748E-05, 0.000000000000000000 ) ) ;
#1059 = CARTESIAN_POINT ( 'NONE',  ( 110.5000492667939653, -139.0000642079358215, 0.000000000000000000 ) ) ;
#1060 = VERTEX_POINT ( 'NONE', #1925 ) ;
#1061 = VECTOR ( 'NONE', #6191, 1000.000000000000227 ) ;
#1062 = EDGE_LOOP ( 'NONE', ( #4388, #1552, #467, #2316, #3741, #1796, #5617 ) ) ;
#1063 = ORIENTED_EDGE ( 'NONE', *, *, #3858, .F. ) ;
#1064 = VECTOR ( 'NONE', #3580, 1000.000000000000000 ) ;
#1065 = FACE_OUTER_BOUND ( 'NONE', #528, .T. ) ;
#1066 = CARTESIAN_POINT ( 'NONE',  ( 144.2204432323657954, -144.4507059086088248, -2.750000000000000000 ) ) ;
#1067 = DIRECTION ( 'NONE',  ( -0.4829814486147355201, -0.8756305843756324592, 0.000000000000000000 ) ) ;
#1068 = AXIS2_PLACEMENT_3D ( 'NONE', #5501, #2111, #1168 ) ;
#1069 = ORIENTED_EDGE ( 'NONE', *, *, #1624, .F. ) ;
#1070 = VECTOR ( 'NONE', #3644, 1000.000000000000000 ) ;
#1071 = ORIENTED_EDGE ( 'NONE', *, *, #1555, .F. ) ;
#1072 = ORIENTED_EDGE ( 'NONE', *, *, #5185, .T. ) ;
#1073 = VERTEX_POINT ( 'NONE', #195 ) ;
#1074 = DIRECTION ( 'NONE',  ( -0.9999403047617458906, 0.01092643185063969617, 0.000000000000000000 ) ) ;
#1075 = ORIENTED_EDGE ( 'NONE', *, *, #3124, .F. ) ;
#1076 = CARTESIAN_POINT ( 'NONE',  ( 108.0000492667939511, -139.0000642079358215, -2.750000000000000000 ) ) ;
#1077 = CARTESIAN_POINT ( 'NONE',  ( 111.4938466610561818, -69.25013805109517762, 3.500000000000000000 ) ) ;
#1078 = VERTEX_POINT ( 'NONE', #4962 ) ;
#1079 = EDGE_CURVE ( 'NONE', #1472, #4883, #693, .T. ) ;
#1080 = LINE ( 'NONE', #1676, #1714 ) ;
#1081 = EDGE_CURVE ( 'NONE', #1480, #3841, #3592, .T. ) ;
#1082 = DIRECTION ( 'NONE',  ( 1.000000000000000000, 0.000000000000000000, -0.000000000000000000 ) ) ;
#1083 =( NAMED_UNIT ( * ) SI_UNIT ( $, .STERADIAN. ) SOLID_ANGLE_UNIT ( ) );
#1084 = CARTESIAN_POINT ( 'NONE',  ( 140.7044195773284514, -86.56944730317847814, 3.500000000000000000 ) ) ;
#1085 = VECTOR ( 'NONE', #5261, 1000.000000000000000 ) ;
#1086 = EDGE_CURVE ( 'NONE', #2286, #1512, #2581, .T. ) ;
#1087 = DIRECTION ( 'NONE',  ( 1.000000000000000000, 0.000000000000000000, 0.000000000000000000 ) ) ;
#1088 = CARTESIAN_POINT ( 'NONE',  ( 30.79383788126438404, -149.4686834912143922, 3.500000000000000000 ) ) ;
#1089 = EDGE_CURVE ( 'NONE', #1218, #1470, #2609, .T. ) ;
#1090 = DIRECTION ( 'NONE',  ( 0.6537768648151274231, 0.7566873932030997452, 0.000000000000000000 ) ) ;
#1091 = ADVANCED_FACE ( 'NONE', ( #4991 ), #1105, .T. ) ;
#1092 = CARTESIAN_POINT ( 'NONE',  ( 143.1944786988996725, -67.25020683058068016, 1.250000000000000000 ) ) ;
#1093 = DIRECTION ( 'NONE',  ( 0.8159799138624680426, -0.5780802540936673672, 0.000000000000000000 ) ) ;
#1094 = EDGE_CURVE ( 'NONE', #6235, #4891, #4036, .T. ) ;
#1095 = AXIS2_PLACEMENT_3D ( 'NONE', #2409, #5771, #1087 ) ;
#1096 = ORIENTED_EDGE ( 'NONE', *, *, #5185, .F. ) ;
#1097 = CARTESIAN_POINT ( 'NONE',  ( 143.1945612729249717, -94.46772382334611962, -2.750000000000002665 ) ) ;
#1098 = DIRECTION ( 'NONE',  ( 2.597020929432778652E-05, -0.9999999996627739751, 0.000000000000000000 ) ) ;
#1099 = VECTOR ( 'NONE', #4832, 1000.000000000000000 ) ;
#1100 = CARTESIAN_POINT ( 'NONE',  ( 105.1932597995808862, -144.0591890776443620, -4.336808689942017736E-16 ) ) ;
#1101 = ORIENTED_EDGE ( 'NONE', *, *, #3442, .T. ) ;
#1102 = ORIENTED_EDGE ( 'NONE', *, *, #3980, .F. ) ;
#1103 = ORIENTED_EDGE ( 'NONE', *, *, #2048, .F. ) ;
#1104 = VERTEX_POINT ( 'NONE', #2554 ) ;
#1105 = PLANE ( 'NONE',  #5446 ) ;
#1106 = CARTESIAN_POINT ( 'NONE',  ( 102.1801097828601712, -139.0860767826652022, 0.000000000000000000 ) ) ;
#1107 = DIRECTION ( 'NONE',  ( 0.4829814486147355201, 0.8756305843756323481, 0.000000000000000000 ) ) ;
#1108 = VERTEX_POINT ( 'NONE', #665 ) ;
#1109 = FACE_OUTER_BOUND ( 'NONE', #3311, .T. ) ;
#1110 = FACE_OUTER_BOUND ( 'NONE', #448, .T. ) ;
#1111 = LINE ( 'NONE', #4970, #5199 ) ;
#1112 = CARTESIAN_POINT ( 'NONE',  ( 99.98011245734247154, -138.9498346362414338, -2.750000000000000000 ) ) ;
#1113 = AXIS2_PLACEMENT_3D ( 'NONE', #4117, #1249, #4662 ) ;
#1114 = EDGE_CURVE ( 'NONE', #3678, #3170, #4462, .T. ) ;
#1115 = DIRECTION ( 'NONE',  ( -1.000000000000000000, 0.000000000000000000, 0.000000000000000000 ) ) ;
#1116 = CARTESIAN_POINT ( 'NONE',  ( 107.9269606685299721, -144.7499906576537114, -2.750000000000000000 ) ) ;
#1117 = AXIS2_PLACEMENT_3D ( 'NONE', #2588, #4529, #202 ) ;
#1118 = ADVANCED_FACE ( 'NONE', ( #2992 ), #3020, .T. ) ;
#1119 = DIRECTION ( 'NONE',  ( -0.8159799138624684867, 0.5780802540936668121, 0.000000000000000000 ) ) ;
#1120 = FACE_OUTER_BOUND ( 'NONE', #2799, .T. ) ;
#1121 = CARTESIAN_POINT ( 'NONE',  ( 102.6640533419028856, -143.5024142341048332, 3.500000000000000000 ) ) ;
#1122 = EDGE_CURVE ( 'NONE', #1790, #3937, #5917, .T. ) ;
#1123 = EDGE_CURVE ( 'NONE', #1039, #1470, #5442, .T. ) ;
#1124 = EDGE_LOOP ( 'NONE', ( #2308, #4729, #3503, #2779 ) ) ;
#1125 = EDGE_CURVE ( 'NONE', #1610, #3535, #4429, .T. ) ;
#1126 = PLANE ( 'NONE',  #562 ) ;
#1127 = FACE_OUTER_BOUND ( 'NONE', #631, .T. ) ;
#1128 = AXIS2_PLACEMENT_3D ( 'NONE', #1957, #4864, #2961 ) ;
#1129 = CARTESIAN_POINT ( 'NONE',  ( 106.8867607346144553, -144.7149914377594087, -0.000000000000000000 ) ) ;
#1130 = ADVANCED_FACE ( 'NONE', ( #4932 ), #3082, .F. ) ;
#1131 = VERTEX_POINT ( 'NONE', #1642 ) ;
#1132 = ORIENTED_EDGE ( 'NONE', *, *, #2438, .F. ) ;
#1133 = ORIENTED_EDGE ( 'NONE', *, *, #5644, .T. ) ;
#1134 = ORIENTED_EDGE ( 'NONE', *, *, #5096, .T. ) ;
#1135 = AXIS2_PLACEMENT_3D ( 'NONE', #4256, #1226, #4613 ) ;
#1136 = DIRECTION ( 'NONE',  ( 0.000000000000000000, 0.000000000000000000, -1.000000000000000000 ) ) ;
#1137 = VECTOR ( 'NONE', #1463, 1000.000000000000000 ) ;
#1138 = CARTESIAN_POINT ( 'NONE',  ( 107.7002665619962585, -56.29907359963328872, -2.750000000000171418 ) ) ;
#1139 = LINE ( 'NONE', #3267, #6217 ) ;
#1140 = ORIENTED_EDGE ( 'NONE', *, *, #958, .T. ) ;
#1141 = DIRECTION ( 'NONE',  ( -1.776973163029144758E-06, -0.9999999999984211518, 0.000000000000000000 ) ) ;
#1142 = CARTESIAN_POINT ( 'NONE',  ( 166.0928802417453483, -121.1647670344903673, 3.500000000000000000 ) ) ;
#1143 = LINE ( 'NONE', #842, #759 ) ;
#1144 = CARTESIAN_POINT ( 'NONE',  ( 108.8000492667944172, -63.00006420793567941, -5.000000000000000000 ) ) ;
#1145 = DIRECTION ( 'NONE',  ( 0.4999919231997623226, -0.5000080766697575507, 0.7071067811865567876 ) ) ;
#1146 = CARTESIAN_POINT ( 'NONE',  ( 163.8211263508646596, -123.4364475331399262, 32.17866463935563104 ) ) ;
#1147 = CARTESIAN_POINT ( 'NONE',  ( 144.2203939651227529, -144.4507374078959572, 2.500000000000000000 ) ) ;
#1148 = LINE ( 'NONE', #2598, #3598 ) ;
#1149 = LINE ( 'NONE', #5008, #5112 ) ;
#1150 = DIRECTION ( 'NONE',  ( 0.000000000000000000, 0.000000000000000000, -1.000000000000000000 ) ) ;
#1151 = EDGE_CURVE ( 'NONE', #2020, #299, #3560, .T. ) ;
#1152 = ORIENTED_EDGE ( 'NONE', *, *, #4668, .F. ) ;
#1153 = DIRECTION ( 'NONE',  ( -0.7071067811286646521, 1.256509798546179684E-06, -0.7071067812433140531 ) ) ;
#1154 = EDGE_CURVE ( 'NONE', #3426, #2868, #5134, .T. ) ;
#1155 = DIRECTION ( 'NONE',  ( 1.000000000000000000, 0.000000000000000000, -0.000000000000000000 ) ) ;
#1156 = CARTESIAN_POINT ( 'NONE',  ( 67.40498442831109571, 28.34666481775569835, 3.000000000000000000 ) ) ;
#1157 = EDGE_CURVE ( 'NONE', #4360, #4389, #5534, .T. ) ;
#1158 = ORIENTED_EDGE ( 'NONE', *, *, #4084, .F. ) ;
#1159 = ORIENTED_EDGE ( 'NONE', *, *, #2481, .F. ) ;
#1160 = AXIS2_PLACEMENT_3D ( 'NONE', #1444, #501, #4421 ) ;
#1161 = VECTOR ( 'NONE', #6099, 1000.000000000000114 ) ;
#1162 = VERTEX_POINT ( 'NONE', #5023 ) ;
#1163 = EDGE_LOOP ( 'NONE', ( #2638, #2711, #3647, #716, #2793, #5094 ) ) ;
#1164 = DIRECTION ( 'NONE',  ( -0.8356606510315950365, 0.2985425113011455078, -0.4610245603690286686 ) ) ;
#1165 = VECTOR ( 'NONE', #6131, 1000.000000000000000 ) ;
#1166 = ADVANCED_FACE ( 'NONE', ( #6007 ), #1194, .T. ) ;
#1167 = FACE_OUTER_BOUND ( 'NONE', #2244, .T. ) ;
#1168 = DIRECTION ( 'NONE',  ( -0.9999999999984212629, 1.776973159546526444E-06, 0.000000000000000000 ) ) ;
#1169 = VECTOR ( 'NONE', #5620, 1000.000000000000000 ) ;
#1170 = AXIS2_PLACEMENT_3D ( 'NONE', #3669, #5611, #1271 ) ;
#1171 = VECTOR ( 'NONE', #183, 1000.000000000000000 ) ;
#1172 = ORIENTED_EDGE ( 'NONE', *, *, #4861, .T. ) ;
#1173 = DIRECTION ( 'NONE',  ( -0.7109494522990696952, 0.7032431132088339254, 0.000000000000000000 ) ) ;
#1174 = LINE ( 'NONE', #730, #6073 ) ;
#1175 = VERTEX_POINT ( 'NONE', #5888 ) ;
#1176 = PLANE ( 'NONE',  #5164 ) ;
#1177 = FACE_OUTER_BOUND ( 'NONE', #4064, .T. ) ;
#1178 = ORIENTED_EDGE ( 'NONE', *, *, #1399, .F. ) ;
#1179 = LINE ( 'NONE', #4475, #5594 ) ;
#1180 = DIRECTION ( 'NONE',  ( 1.000000000000000000, 0.000000000000000000, -0.000000000000000000 ) ) ;
#1181 = DIRECTION ( 'NONE',  ( -1.000000000000000000, 0.000000000000000000, 0.000000000000000000 ) ) ;
#1182 = VECTOR ( 'NONE', #2977, 1000.000000000000227 ) ;
#1183 = CARTESIAN_POINT ( 'NONE',  ( -20.25501582575235204, -56.39138391650075732, 4.000000000000017764 ) ) ;
#1184 = DIRECTION ( 'NONE',  ( -1.615294635771886446E-05, 0.9999999998695411341, 0.000000000000000000 ) ) ;
#1185 = DIRECTION ( 'NONE',  ( -0.6999741004975064129, -0.1001811291247844266, 0.7071067811865405783 ) ) ;
#1186 = CARTESIAN_POINT ( 'NONE',  ( -20.59305731691155472, -57.33251512427943908, 3.000000000000000000 ) ) ;
#1187 = CARTESIAN_POINT ( 'NONE',  ( 103.6518355108143368, -60.17376840783757075, 0.000000000000000000 ) ) ;
#1188 = ORIENTED_EDGE ( 'NONE', *, *, #2612, .F. ) ;
#1189 = ORIENTED_EDGE ( 'NONE', *, *, #3195, .F. ) ;
#1190 = EDGE_CURVE ( 'NONE', #2222, #1995, #3471, .T. ) ;
#1191 = VERTEX_POINT ( 'NONE', #2738 ) ;
#1192 = ORIENTED_EDGE ( 'NONE', *, *, #5769, .T. ) ;
#1193 = FACE_OUTER_BOUND ( 'NONE', #283, .T. ) ;
#1194 = PLANE ( 'NONE',  #6250 ) ;
#1195 = EDGE_CURVE ( 'NONE', #1512, #756, #3683, .T. ) ;
#1196 = PLANE ( 'NONE',  #2542 ) ;
#1197 = DIRECTION ( 'NONE',  ( -0.4246756612907170436, -0.9053455598318755904, 0.000000000000000000 ) ) ;
#1198 = ADVANCED_FACE ( 'NONE', ( #1346 ), #6037, .F. ) ;
#1199 = VERTEX_POINT ( 'NONE', #3264 ) ;
#1200 = LINE ( 'NONE', #2498, #616 ) ;
#1201 = DIRECTION ( 'NONE',  ( -0.000000000000000000, -0.000000000000000000, -1.000000000000000000 ) ) ;
#1202 = EDGE_LOOP ( 'NONE', ( #5591, #3761, #4396, #5831 ) ) ;
#1203 = CARTESIAN_POINT ( 'NONE',  ( 107.9452161929179397, -146.9501110552035357, 0.000000000000000000 ) ) ;
#1204 = CARTESIAN_POINT ( 'NONE',  ( 139.7795508170041217, -59.74943891916605310, -2.750000000000000000 ) ) ;
#1205 = ORIENTED_EDGE ( 'NONE', *, *, #12, .T. ) ;
#1206 = VERTEX_POINT ( 'NONE', #2707 ) ;
#1207 = DIRECTION ( 'NONE',  ( -0.000000000000000000, -0.000000000000000000, 1.000000000000000000 ) ) ;
#1208 = CARTESIAN_POINT ( 'NONE',  ( 107.9800631888001590, -63.05007250392394269, 3.500000000000000000 ) ) ;
#1209 = CARTESIAN_POINT ( 'NONE',  ( 104.6541176665219695, -85.56944730317847814, 2.499999999999999112 ) ) ;
#1210 = AXIS2_PLACEMENT_3D ( 'NONE', #404, #4245, #1500 ) ;
#1211 = CARTESIAN_POINT ( 'NONE',  ( 101.2286120172738748, -136.7410216586376066, -2.750000000000182965 ) ) ;
#1212 = AXIS2_PLACEMENT_3D ( 'NONE', #3363, #2913, #5358 ) ;
#1213 = LINE ( 'NONE', #4175, #3451 ) ;
#1214 = DIRECTION ( 'NONE',  ( 0.5757869388090384177, -0.8175997805142297681, 0.000000000000000000 ) ) ;
#1215 = FACE_OUTER_BOUND ( 'NONE', #3974, .T. ) ;
#1216 = ORIENTED_EDGE ( 'NONE', *, *, #397, .F. ) ;
#1217 = CARTESIAN_POINT ( 'NONE',  ( 107.7001017477540046, -144.7508696982582137, -5.449999999999006306 ) ) ;
#1218 = VERTEX_POINT ( 'NONE', #5627 ) ;
#1219 = ORIENTED_EDGE ( 'NONE', *, *, #1190, .T. ) ;
#1220 = VECTOR ( 'NONE', #643, 1000.000000000000000 ) ;
#1221 = ORIENTED_EDGE ( 'NONE', *, *, #3703, .T. ) ;
#1222 = ORIENTED_EDGE ( 'NONE', *, *, #3482, .T. ) ;
#1223 = VECTOR ( 'NONE', #3118, 1000.000000000000114 ) ;
#1224 = AXIS2_PLACEMENT_3D ( 'NONE', #898, #4382, #1812 ) ;
#1225 = CARTESIAN_POINT ( 'NONE',  ( 109.6592082037701914, -69.25013805109517762, 3.000000000000000000 ) ) ;
#1226 = DIRECTION ( 'NONE',  ( 0.000000000000000000, 0.000000000000000000, 1.000000000000000000 ) ) ;
#1227 = CARTESIAN_POINT ( 'NONE',  ( 142.2795508170041217, -59.74943891916606731, -2.750000000000000000 ) ) ;
#1228 = EDGE_CURVE ( 'NONE', #5865, #2635, #755, .T. ) ;
#1229 = VERTEX_POINT ( 'NONE', #1289 ) ;
#1230 = ORIENTED_EDGE ( 'NONE', *, *, #737, .T. ) ;
#1231 = VECTOR ( 'NONE', #461, 1000.000000000000000 ) ;
#1232 = LINE ( 'NONE', #3149, #185 ) ;
#1233 = ORIENTED_EDGE ( 'NONE', *, *, #1281, .F. ) ;
#1234 = DIRECTION ( 'NONE',  ( 0.000000000000000000, 0.000000000000000000, -1.000000000000000000 ) ) ;
#1235 = FACE_OUTER_BOUND ( 'NONE', #3754, .T. ) ;
#1236 = EDGE_CURVE ( 'NONE', #1340, #4802, #3209, .T. ) ;
#1237 = EDGE_CURVE ( 'NONE', #1978, #5779, #2669, .T. ) ;
#1238 = VERTEX_POINT ( 'NONE', #1793 ) ;
#1239 = VERTEX_POINT ( 'NONE', #752 ) ;
#1240 = EDGE_CURVE ( 'NONE', #4560, #4419, #4221, .T. ) ;
#1241 = DIRECTION ( 'NONE',  ( 1.000000000000000000, 0.000000000000000000, -0.000000000000000000 ) ) ;
#1242 = CARTESIAN_POINT ( 'NONE',  ( 126.0719300637570797, -110.0125778246017916, 3.000000000000000000 ) ) ;
#1243 = CARTESIAN_POINT ( 'NONE',  ( 106.8916692708584151, -57.28562795999913959, -2.750000000000000000 ) ) ;
#1244 = CARTESIAN_POINT ( 'NONE',  ( 102.1819594097723325, -139.2410233527142793, -2.750000000000000000 ) ) ;
#1245 = CIRCLE ( 'NONE', #5901, 7.999999999999992895 ) ;
#1246 = PLANE ( 'NONE',  #728 ) ;
#1247 = DIRECTION ( 'NONE',  ( -0.7741780911486467742, 0.000000000000000000, 0.6329678374020575315 ) ) ;
#1248 = DIRECTION ( 'NONE',  ( -1.000000000000000000, 0.000000000000000000, 0.000000000000000000 ) ) ;
#1249 = DIRECTION ( 'NONE',  ( -0.6234468593678735848, -0.3336375481632056772, -0.7071067811865331398 ) ) ;
#1250 = ORIENTED_EDGE ( 'NONE', *, *, #316, .T. ) ;
#1251 = VERTEX_POINT ( 'NONE', #5596 ) ;
#1252 = ORIENTED_EDGE ( 'NONE', *, *, #3832, .F. ) ;
#1253 = VERTEX_POINT ( 'NONE', #317 ) ;
#1254 = CARTESIAN_POINT ( 'NONE',  ( 142.2795508170041217, -59.74943891916606731, -2.750000000000000000 ) ) ;
#1255 = DIRECTION ( 'NONE',  ( -0.000000000000000000, -5.782411586589279147E-15, 1.000000000000000000 ) ) ;
#1256 = DIRECTION ( 'NONE',  ( 0.9999999996627743082, -2.597020567951152228E-05, 0.000000000000000000 ) ) ;
#1257 = LINE ( 'NONE', #4158, #3271 ) ;
#1258 = VECTOR ( 'NONE', #5562, 1000.000000000000114 ) ;
#1259 = ORIENTED_EDGE ( 'NONE', *, *, #741, .T. ) ;
#1260 = VERTEX_POINT ( 'NONE', #6065 ) ;
#1261 = CARTESIAN_POINT ( 'NONE',  ( 108.0000492667944201, -63.00006420793567941, 1.775483399593917433 ) ) ;
#1262 = EDGE_LOOP ( 'NONE', ( #1286, #3760, #4230, #574, #3527 ) ) ;
#1263 = AXIS2_PLACEMENT_3D ( 'NONE', #1254, #1288, #344 ) ;
#1264 = CARTESIAN_POINT ( 'NONE',  ( 101.2287390211994449, -65.26896559120720553, -3.950000000000189360 ) ) ;
#1265 = PLANE ( 'NONE',  #1994 ) ;
#1266 = ADVANCED_FACE ( 'NONE', ( #257 ), #2675, .T. ) ;
#1267 = VECTOR ( 'NONE', #4039, 1000.000000000000114 ) ;
#1268 = EDGE_LOOP ( 'NONE', ( #3019, #6168, #5568, #437 ) ) ;
#1269 = EDGE_CURVE ( 'NONE', #5235, #396, #3143, .T. ) ;
#1270 = EDGE_LOOP ( 'NONE', ( #1511, #5145, #567, #596 ) ) ;
#1271 = DIRECTION ( 'NONE',  ( -1.000000000000000000, 0.000000000000000000, 1.807764463924277146E-13 ) ) ;
#1272 = CARTESIAN_POINT ( 'NONE',  ( 107.9800631888001590, -63.05007250392394269, 3.500000000000000000 ) ) ;
#1273 = AXIS2_PLACEMENT_3D ( 'NONE', #1840, #3317, #956 ) ;
#1274 = LINE ( 'NONE', #4597, #5432 ) ;
#1275 = LINE ( 'NONE', #5643, #4511 ) ;
#1276 = ADVANCED_FACE ( 'NONE', ( #843 ), #2765, .F. ) ;
#1277 = EDGE_CURVE ( 'NONE', #5203, #60, #3746, .T. ) ;
#1278 = CARTESIAN_POINT ( 'NONE',  ( 144.2203939651227529, -144.4507374078959572, 2.500000000000000000 ) ) ;
#1279 = DIRECTION ( 'NONE',  ( -1.000000000000000000, 0.000000000000000000, 0.000000000000000000 ) ) ;
#1280 = CARTESIAN_POINT ( 'NONE',  ( 104.9179784943780760, -140.5978194557504537, -2.750000000000000000 ) ) ;
#1281 = EDGE_CURVE ( 'NONE', #2295, #1656, #5085, .T. ) ;
#1282 = DIRECTION ( 'NONE',  ( 0.000000000000000000, 0.000000000000000000, -1.000000000000000000 ) ) ;
#1283 = ORIENTED_EDGE ( 'NONE', *, *, #813, .T. ) ;
#1284 = EDGE_LOOP ( 'NONE', ( #1416, #4246, #72 ) ) ;
#1285 = AXIS2_PLACEMENT_3D ( 'NONE', #5320, #986, #1965 ) ;
#1286 = ORIENTED_EDGE ( 'NONE', *, *, #5842, .T. ) ;
#1287 = ORIENTED_EDGE ( 'NONE', *, *, #4045, .T. ) ;
#1288 = DIRECTION ( 'NONE',  ( -1.000000000000000000, 7.064954606356651146E-15, 0.000000000000000000 ) ) ;
#1289 = CARTESIAN_POINT ( 'NONE',  ( 143.1944786988996725, -67.25020683058068016, 1.250000000000000000 ) ) ;
#1290 = FACE_OUTER_BOUND ( 'NONE', #4574, .T. ) ;
#1291 = CARTESIAN_POINT ( 'NONE',  ( 143.2296012232881424, -142.2507403187872228, -3.950000000000187583 ) ) ;
#1292 = ORIENTED_EDGE ( 'NONE', *, *, #3574, .F. ) ;
#1293 = VERTEX_POINT ( 'NONE', #2167 ) ;
#1294 = DIRECTION ( 'NONE',  ( -0.000000000000000000, -0.000000000000000000, 1.000000000000000000 ) ) ;
#1295 = PLANE ( 'NONE',  #1826 ) ;
#1296 = DIRECTION ( 'NONE',  ( 0.007720106809117538611, 0.7070646363316644978, 0.7071067811865664465 ) ) ;
#1297 = VECTOR ( 'NONE', #2095, 1000.000000000000114 ) ;
#1298 = EDGE_LOOP ( 'NONE', ( #2008, #6161, #1543, #1003 ) ) ;
#1299 = DIRECTION ( 'NONE',  ( 0.000000000000000000, 1.000000000000000000, 0.000000000000000000 ) ) ;
#1300 = LINE ( 'NONE', #5037, #2844 ) ;
#1301 = DIRECTION ( 'NONE',  ( 1.000000000000000000, 0.000000000000000000, -0.000000000000000000 ) ) ;
#1302 = DIRECTION ( 'NONE',  ( 2.597020929432778652E-05, -0.9999999996627739751, -3.653861547250550884E-19 ) ) ;
#1303 = ADVANCED_FACE ( 'NONE', ( #1728 ), #4060, .F. ) ;
#1304 = EDGE_CURVE ( 'NONE', #4130, #5677, #4155, .T. ) ;
#1305 = CARTESIAN_POINT ( 'NONE',  ( 102.1786120171196188, -136.7410233467621197, -5.449999999999011635 ) ) ;
#1306 = CARTESIAN_POINT ( 'NONE',  ( 143.1945612729249717, -121.6868953182585074, -2.750000000000002665 ) ) ;
#1307 = LINE ( 'NONE', #897, #1673 ) ;
#1308 = LINE ( 'NONE', #2727, #5268 ) ;
#1309 = DIRECTION ( 'NONE',  ( 0.9999999999803886874, 6.262789326926268667E-06, 0.000000000000000000 ) ) ;
#1310 = EDGE_CURVE ( 'NONE', #4360, #3659, #4288, .T. ) ;
#1311 = ORIENTED_EDGE ( 'NONE', *, *, #3792, .T. ) ;
#1312 = EDGE_CURVE ( 'NONE', #5660, #3496, #559, .T. ) ;
#1313 = ORIENTED_EDGE ( 'NONE', *, *, #1352, .F. ) ;
#1314 = ORIENTED_EDGE ( 'NONE', *, *, #1422, .T. ) ;
#1315 = CIRCLE ( 'NONE', #5459, 7.999999999999979572 ) ;
#1316 = DIRECTION ( 'NONE',  ( -0.000000000000000000, -0.000000000000000000, 1.000000000000000000 ) ) ;
#1317 = ADVANCED_FACE ( 'NONE', ( #2859 ), #4481, .F. ) ;
#1318 = CARTESIAN_POINT ( 'NONE',  ( 75.73214859266971644, -138.2204850735555226, 4.000000000000007105 ) ) ;
#1319 = CARTESIAN_POINT ( 'NONE',  ( 143.5296012231870293, -142.2507325277244377, -4.725735931288185476 ) ) ;
#1320 = PLANE ( 'NONE',  #3074 ) ;
#1321 = EDGE_CURVE ( 'NONE', #3121, #689, #1445, .T. ) ;
#1322 = CIRCLE ( 'NONE', #1430, 3.750050406075134291 ) ;
#1323 = VERTEX_POINT ( 'NONE', #2889 ) ;
#1324 = ORIENTED_EDGE ( 'NONE', *, *, #1506, .F. ) ;
#1325 = LINE ( 'NONE', #4616, #3129 ) ;
#1326 = DIRECTION ( 'NONE',  ( 0.9999999998695326964, -1.615346999861855197E-05, 0.000000000000000000 ) ) ;
#1327 = DIRECTION ( 'NONE',  ( -1.000000000000000000, 0.000000000000000000, 0.000000000000000000 ) ) ;
#1328 = EDGE_LOOP ( 'NONE', ( #778, #77, #3108, #4790 ) ) ;
#1329 = ORIENTED_EDGE ( 'NONE', *, *, #2541, .T. ) ;
#1330 = CARTESIAN_POINT ( 'NONE',  ( 100.9808187108339013, -101.5314684632156172, 3.500000000000000000 ) ) ;
#1331 = DIRECTION ( 'NONE',  ( -6.941480357906612558E-06, -0.7071067811525924007, 0.7071067811864313324 ) ) ;
#1332 = DIRECTION ( 'NONE',  ( 1.000000000000000000, 0.000000000000000000, -0.000000000000000000 ) ) ;
#1333 = VECTOR ( 'NONE', #4703, 1000.000000000000114 ) ;
#1334 = VECTOR ( 'NONE', #2410, 1000.000000000000114 ) ;
#1335 = DIRECTION ( 'NONE',  ( 0.9999403981746640691, 0.01091787975268916806, 0.000000000000000000 ) ) ;
#1336 = DIRECTION ( 'NONE',  ( 0.000000000000000000, 0.000000000000000000, 1.000000000000000000 ) ) ;
#1337 = LINE ( 'NONE', #4629, #5205 ) ;
#1338 = DIRECTION ( 'NONE',  ( 0.2810784792926974696, 0.6786023897071941091, -0.6785968502448194162 ) ) ;
#1339 = PLANE ( 'NONE',  #5153 ) ;
#1340 = VERTEX_POINT ( 'NONE', #4323 ) ;
#1341 = EDGE_CURVE ( 'NONE', #5330, #3201, #5334, .T. ) ;
#1342 = ORIENTED_EDGE ( 'NONE', *, *, #5798, .T. ) ;
#1343 = ORIENTED_EDGE ( 'NONE', *, *, #1040, .T. ) ;
#1344 = ADVANCED_FACE ( 'NONE', ( #2 ), #32, .T. ) ;
#1345 = FACE_OUTER_BOUND ( 'NONE', #4959, .T. ) ;
#1346 = FACE_OUTER_BOUND ( 'NONE', #4468, .T. ) ;
#1347 = LINE ( 'NONE', #379, #2234 ) ;
#1348 = DIRECTION ( 'NONE',  ( 1.963347129712797196E-05, 0.9999999998072632845, 0.000000000000000000 ) ) ;
#1349 = ADVANCED_FACE ( 'NONE', ( #3369 ), #5305, .T. ) ;
#1350 = ORIENTED_EDGE ( 'NONE', *, *, #997, .F. ) ;
#1351 = VERTEX_POINT ( 'NONE', #1410 ) ;
#1352 = EDGE_CURVE ( 'NONE', #995, #1828, #4386, .T. ) ;
#1353 = CARTESIAN_POINT ( 'NONE',  ( 102.1819594097723325, -139.2410233527142793, -2.750000000000000000 ) ) ;
#1354 = LINE ( 'NONE', #3306, #224 ) ;
#1355 = CARTESIAN_POINT ( 'NONE',  ( 108.0000492667944201, -63.00006420793567941, 1.775483399593917433 ) ) ;
#1356 = EDGE_CURVE ( 'NONE', #1351, #2162, #3399, .T. ) ;
#1357 = VECTOR ( 'NONE', #5238, 1000.000000000000227 ) ;
#1358 = ORIENTED_EDGE ( 'NONE', *, *, #5338, .T. ) ;
#1359 = ORIENTED_EDGE ( 'NONE', *, *, #884, .T. ) ;
#1360 = VECTOR ( 'NONE', #3682, 1000.000000000000114 ) ;
#1361 = DIRECTION ( 'NONE',  ( 0.000000000000000000, 0.000000000000000000, 1.000000000000000000 ) ) ;
#1362 = CARTESIAN_POINT ( 'NONE',  ( 99.98011245734247154, -138.9498346362414338, -2.750000000000000000 ) ) ;
#1363 = CARTESIAN_POINT ( 'NONE',  ( 107.7002665619962585, -56.29907359963328162, -3.950000000000187583 ) ) ;
#1364 = AXIS2_PLACEMENT_3D ( 'NONE', #6160, #4257, #906 ) ;
#1365 = AXIS2_PLACEMENT_3D ( 'NONE', #3421, #25, #3867 ) ;
#1366 = CONICAL_SURFACE ( 'NONE', #5206, 6.999999999999992006, 0.7853981633974410625 ) ;
#1367 = ORIENTED_EDGE ( 'NONE', *, *, #5840, .T. ) ;
#1368 = CARTESIAN_POINT ( 'NONE',  ( 103.3100751042726984, -141.4985667182607756, -2.750000000000000000 ) ) ;
#1369 = CARTESIAN_POINT ( 'NONE',  ( 108.0000492667939511, -139.0000642079358215, -2.750000000000000000 ) ) ;
#1370 = CYLINDRICAL_SURFACE ( 'NONE', #1365, 2.000000000000015543 ) ;
#1371 = DIRECTION ( 'NONE',  ( -9.001978983153794133E-06, 0.9999999999594821887, 0.000000000000000000 ) ) ;
#1372 = DIRECTION ( 'NONE',  ( 0.000000000000000000, 0.000000000000000000, -1.000000000000000000 ) ) ;
#1373 = ORIENTED_EDGE ( 'NONE', *, *, #4010, .F. ) ;
#1374 = ORIENTED_EDGE ( 'NONE', *, *, #3125, .T. ) ;
#1375 = ORIENTED_EDGE ( 'NONE', *, *, #3938, .F. ) ;
#1376 = DIRECTION ( 'NONE',  ( -0.9999999998058088924, -1.970741631199156299E-05, -0.000000000000000000 ) ) ;
#1377 = CARTESIAN_POINT ( 'NONE',  ( 108.0000492667939511, -139.0000642079358215, -5.000000000000000000 ) ) ;
#1378 = FACE_OUTER_BOUND ( 'NONE', #2519, .T. ) ;
#1379 = DIRECTION ( 'NONE',  ( 0.3979108791835015424, -0.5845228243853449746, 0.7071067811865419106 ) ) ;
#1380 = VECTOR ( 'NONE', #3831, 1000.000000000000000 ) ;
#1381 = AXIS2_PLACEMENT_3D ( 'NONE', #3973, #226, #104 ) ;
#1382 = EDGE_CURVE ( 'NONE', #2177, #1901, #4255, .T. ) ;
#1383 = VECTOR ( 'NONE', #1620, 1000.000000000000000 ) ;
#1384 = ORIENTED_EDGE ( 'NONE', *, *, #1277, .F. ) ;
#1385 = ORIENTED_EDGE ( 'NONE', *, *, #1464, .T. ) ;
#1386 = EDGE_CURVE ( 'NONE', #3841, #3181, #5701, .T. ) ;
#1387 = CYLINDRICAL_SURFACE ( 'NONE', #794, 2.500050410903398301 ) ;
#1388 = CARTESIAN_POINT ( 'NONE',  ( 101.0040248452708056, 0.000000000000000000, 1.250000000000000000 ) ) ;
#1389 = DIRECTION ( 'NONE',  ( -0.000000000000000000, -0.000000000000000000, -1.000000000000000000 ) ) ;
#1390 = EDGE_LOOP ( 'NONE', ( #4108, #946, #4482, #5243 ) ) ;
#1391 = EDGE_CURVE ( 'NONE', #6112, #5407, #5932, .T. ) ;
#1392 = ORIENTED_EDGE ( 'NONE', *, *, #250, .F. ) ;
#1393 = ADVANCED_FACE ( 'NONE', ( #5270 ), #941, .T. ) ;
#1394 = VECTOR ( 'NONE', #1401, 1000.000000000000114 ) ;
#1395 = CARTESIAN_POINT ( 'NONE',  ( 104.6541176665219695, -70.25013805109517762, 2.500000000000000000 ) ) ;
#1396 = CARTESIAN_POINT ( 'NONE',  ( 107.9799252368859896, -56.05007250528329621, 3.500000000000000000 ) ) ;
#1397 = FACE_OUTER_BOUND ( 'NONE', #4857, .T. ) ;
#1398 = LINE ( 'NONE', #5288, #2389 ) ;
#1399 = EDGE_CURVE ( 'NONE', #1984, #1741, #64, .T. ) ;
#1400 = ORIENTED_EDGE ( 'NONE', *, *, #6038, .T. ) ;
#1401 = DIRECTION ( 'NONE',  ( 0.9999999999803886874, 6.262789326926268667E-06, 0.000000000000000000 ) ) ;
#1402 = PLANE ( 'NONE',  #3347 ) ;
#1403 = LINE ( 'NONE', #3325, #1576 ) ;
#1404 = CARTESIAN_POINT ( 'NONE',  ( 139.7795015484595638, -144.7506183889378235, -2.750000000000000000 ) ) ;
#1405 = FACE_OUTER_BOUND ( 'NONE', #2461, .T. ) ;
#1406 = VERTEX_POINT ( 'NONE', #409 ) ;
#1407 = ORIENTED_EDGE ( 'NONE', *, *, #5177, .F. ) ;
#1408 = ORIENTED_EDGE ( 'NONE', *, *, #3030, .T. ) ;
#1409 = DIRECTION ( 'NONE',  ( 1.000000000000000000, 0.000000000000000000, 0.000000000000000000 ) ) ;
#1410 = CARTESIAN_POINT ( 'NONE',  ( 142.2774586469012945, -59.74943886483202959, -5.449999999999006306 ) ) ;
#1411 = CARTESIAN_POINT ( 'NONE',  ( 142.2795508170041217, -59.74943891916606731, -2.750000000000000000 ) ) ;
#1412 = DIRECTION ( 'NONE',  ( 0.9999999998695328074, 1.615346999108320118E-05, 0.000000000000000000 ) ) ;
#1413 = VECTOR ( 'NONE', #6212, 1000.000000000000000 ) ;
#1414 = VERTEX_POINT ( 'NONE', #2353 ) ;
#1415 = VECTOR ( 'NONE', #3506, 1000.000000000000000 ) ;
#1416 = ORIENTED_EDGE ( 'NONE', *, *, #4866, .T. ) ;
#1417 = CARTESIAN_POINT ( 'NONE',  ( 102.1787434634780425, -62.76896727933561948, -5.449999999999011635 ) ) ;
#1418 = CARTESIAN_POINT ( 'NONE',  ( 105.5000492667939369, -139.0000642079358215, -2.750000000000000000 ) ) ;
#1419 = DIRECTION ( 'NONE',  ( 0.000000000000000000, 0.000000000000000000, 1.000000000000000000 ) ) ;
#1420 = B_SPLINE_SURFACE_WITH_KNOTS ( 'NONE', 2, 1, ( 
 ( #2311, #493 ),
 ( #4348, #24 ),
 ( #589, #2003 ),
 ( #4023, #4912 ) ),
 .UNSPECIFIED., .F., .F., .F.,
 ( 3, 1, 3 ),
 ( 2, 2 ),
 ( 0.6984282656297914338, 0.8865402256809380432, 1.001631398425536501 ),
 ( 0.000000000000000000, 1.000000000000000000 ),
 .UNSPECIFIED. ) ;
#1421 = ORIENTED_EDGE ( 'NONE', *, *, #4084, .T. ) ;
#1422 = EDGE_CURVE ( 'NONE', #4183, #295, #4291, .T. ) ;
#1423 = FACE_OUTER_BOUND ( 'NONE', #5174, .T. ) ;
#1424 = ADVANCED_FACE ( 'NONE', ( #687 ), #1538, .F. ) ;
#1425 = DIRECTION ( 'NONE',  ( 0.6785983445458724228, 0.2810846377147854236, -0.6785983445458361185 ) ) ;
#1426 = DIRECTION ( 'NONE',  ( -0.7071067811865411334, 8.659560562354853972E-17, 0.7071067811865539010 ) ) ;
#1427 = VECTOR ( 'NONE', #1831, 1000.000000000000000 ) ;
#1428 = LINE ( 'NONE', #4748, #3287 ) ;
#1429 = ADVANCED_FACE ( 'NONE', ( #3014 ), #4541, .F. ) ;
#1430 = AXIS2_PLACEMENT_3D ( 'NONE', #26, #4819, #866 ) ;
#1431 = ORIENTED_EDGE ( 'NONE', *, *, #704, .F. ) ;
#1432 = VECTOR ( 'NONE', #1759, 1000.000000000000114 ) ;
#1433 = CARTESIAN_POINT ( 'NONE',  ( 143.2203939651227245, -58.61876739631414068, 3.500000000000000000 ) ) ;
#1434 = DIRECTION ( 'NONE',  ( 0.7669529475101468652, -0.08517042557919653201, 0.6360260803710461319 ) ) ;
#1435 = VECTOR ( 'NONE', #5393, 1000.000000000000114 ) ;
#1436 = EDGE_CURVE ( 'NONE', #1238, #295, #3933, .T. ) ;
#1437 = DIRECTION ( 'NONE',  ( 0.000000000000000000, 0.000000000000000000, -1.000000000000000000 ) ) ;
#1438 = DIRECTION ( 'NONE',  ( 0.000000000000000000, 1.000000000000000000, 4.382459307519019149E-14 ) ) ;
#1439 = CARTESIAN_POINT ( 'NONE',  ( 60.81444002073363464, -170.6205975954179337, -24.27450091294306489 ) ) ;
#1440 = ORIENTED_EDGE ( 'NONE', *, *, #891, .T. ) ;
#1441 = ORIENTED_EDGE ( 'NONE', *, *, #3507, .T. ) ;
#1442 = ORIENTED_EDGE ( 'NONE', *, *, #1781, .F. ) ;
#1443 = AXIS2_PLACEMENT_3D ( 'NONE', #5733, #1804, #4233 ) ;
#1444 = CARTESIAN_POINT ( 'NONE',  ( 107.9801124558005796, -138.9499917040118362, 0.000000000000000000 ) ) ;
#1445 = LINE ( 'NONE', #3811, #5913 ) ;
#1446 = DIRECTION ( 'NONE',  ( -0.6534411381966095389, -0.7569773305141438424, 0.000000000000000000 ) ) ;
#1447 = ORIENTED_EDGE ( 'NONE', *, *, #2621, .T. ) ;
#1448 = ORIENTED_EDGE ( 'NONE', *, *, #3890, .F. ) ;
#1449 = ORIENTED_EDGE ( 'NONE', *, *, #4366, .F. ) ;
#1450 = CARTESIAN_POINT ( 'NONE',  ( 139.7793627748838503, -146.0006687926291988, -4.250000000000161648 ) ) ;
#1451 = DIRECTION ( 'NONE',  ( -0.7071206901539669465, -0.7070928719455298328, 0.000000000000000000 ) ) ;
#1452 = DIRECTION ( 'NONE',  ( -1.000000000000000000, 0.000000000000000000, 0.000000000000000000 ) ) ;
#1453 = ORIENTED_EDGE ( 'NONE', *, *, #2471, .F. ) ;
#1454 = DIRECTION ( 'NONE',  ( 0.000000000000000000, 0.000000000000000000, -1.000000000000000000 ) ) ;
#1455 = CARTESIAN_POINT ( 'NONE',  ( 107.9800631888001590, -63.05007250392394269, 3.500000000000000000 ) ) ;
#1456 = CARTESIAN_POINT ( 'NONE',  ( 139.7795197597228025, -56.29938851318187432, -3.950000000000187583 ) ) ;
#1457 = EDGE_CURVE ( 'NONE', #4888, #2483, #6000, .T. ) ;
#1458 = CARTESIAN_POINT ( 'NONE',  ( 100.9815533698048853, -138.9501683950392135, 3.500000000000000000 ) ) ;
#1459 = ADVANCED_FACE ( 'NONE', ( #2074 ), #4058, .T. ) ;
#1460 = VERTEX_POINT ( 'NONE', #5401 ) ;
#1461 = VECTOR ( 'NONE', #1572, 1000.000000000000000 ) ;
#1462 = DIRECTION ( 'NONE',  ( -0.3186574539433711384, -0.6312348430230508844, 0.7071067811865423547 ) ) ;
#1463 = DIRECTION ( 'NONE',  ( -0.000000000000000000, -0.000000000000000000, 1.000000000000000000 ) ) ;
#1464 = EDGE_CURVE ( 'NONE', #821, #3883, #5491, .T. ) ;
#1465 = DIRECTION ( 'NONE',  ( 1.284996957921522787E-14, 1.027963525035009410E-14, -1.000000000000000000 ) ) ;
#1466 = DIRECTION ( 'NONE',  ( -1.000000000000000000, 0.000000000000000000, 0.000000000000000000 ) ) ;
#1467 = VECTOR ( 'NONE', #2545, 999.9999999999998863 ) ;
#1468 = FACE_OUTER_BOUND ( 'NONE', #5690, .T. ) ;
#1469 = VECTOR ( 'NONE', #517, 1000.000000000000114 ) ;
#1470 = VERTEX_POINT ( 'NONE', #4514 ) ;
#1471 = VERTEX_POINT ( 'NONE', #1660 ) ;
#1472 = VERTEX_POINT ( 'NONE', #1066 ) ;
#1473 = AXIS2_PLACEMENT_3D ( 'NONE', #2566, #2124, #2506 ) ;
#1474 = EDGE_CURVE ( 'NONE', #4149, #5637, #1605, .T. ) ;
#1475 = EDGE_CURVE ( 'NONE', #5015, #135, #5463, .T. ) ;
#1476 = LINE ( 'NONE', #5304, #3268 ) ;
#1477 = DIRECTION ( 'NONE',  ( -0.000000000000000000, -0.000000000000000000, 1.000000000000000000 ) ) ;
#1478 = AXIS2_PLACEMENT_3D ( 'NONE', #4509, #3925, #1531 ) ;
#1479 = LINE ( 'NONE', #3875, #733 ) ;
#1480 = VERTEX_POINT ( 'NONE', #2012 ) ;
#1481 = ORIENTED_EDGE ( 'NONE', *, *, #6147, .F. ) ;
#1482 = ORIENTED_EDGE ( 'NONE', *, *, #1474, .T. ) ;
#1483 = CIRCLE ( 'NONE', #5729, 8.000000000000007105 ) ;
#1484 = CARTESIAN_POINT ( 'NONE',  ( 101.0040248452708056, -94.46772382334611962, -2.750000000000002665 ) ) ;
#1485 = EDGE_LOOP ( 'NONE', ( #3971, #2302, #3526, #4062 ) ) ;
#1486 = LINE ( 'NONE', #1418, #327 ) ;
#1487 = DIRECTION ( 'NONE',  ( -0.9999999998058088924, 1.970741631657018942E-05, 0.000000000000000000 ) ) ;
#1488 = ORIENTED_EDGE ( 'NONE', *, *, #4986, .F. ) ;
#1489 = CIRCLE ( 'NONE', #2092, 3.450050406123961633 ) ;
#1490 = AXIS2_PLACEMENT_3D ( 'NONE', #4977, #3487, #590 ) ;
#1491 = ORIENTED_EDGE ( 'NONE', *, *, #5654, .T. ) ;
#1492 = DIRECTION ( 'NONE',  ( 1.963347129720719326E-05, 0.9999999998072632845, 0.000000000000000000 ) ) ;
#1493 = CARTESIAN_POINT ( 'NONE',  ( 103.2948094032364708, -57.84602683048656502, 3.336392998543069144 ) ) ;
#1494 = DIRECTION ( 'NONE',  ( -0.7071182033224665542, -0.7070953588661199607, 0.000000000000000000 ) ) ;
#1495 = LINE ( 'NONE', #3419, #4780 ) ;
#1496 = CARTESIAN_POINT ( 'NONE',  ( 100.9287434636809593, -62.76896505811915716, -4.725735931288194358 ) ) ;
#1497 = LINE ( 'NONE', #4818, #765 ) ;
#1498 = ADVANCED_FACE ( 'NONE', ( #1127 ), #1635, .F. ) ;
#1499 = CARTESIAN_POINT ( 'NONE',  ( 142.2796012236085517, -142.2507649904860898, -2.750000000000000000 ) ) ;
#1500 = DIRECTION ( 'NONE',  ( 0.7631309638112483418, 0.6462438642436113545, -0.000000000000000000 ) ) ;
#1501 = ORIENTED_EDGE ( 'NONE', *, *, #5369, .F. ) ;
#1502 = VERTEX_POINT ( 'NONE', #3965 ) ;
#1503 = ORIENTED_EDGE ( 'NONE', *, *, #4124, .T. ) ;
#1504 = EDGE_CURVE ( 'NONE', #572, #1582, #2602, .T. ) ;
#1505 = CARTESIAN_POINT ( 'NONE',  ( 107.8942103304398046, -146.9495541461375296, 0.000000000000000000 ) ) ;
#1506 = EDGE_CURVE ( 'NONE', #3181, #1908, #4925, .T. ) ;
#1507 = CARTESIAN_POINT ( 'NONE',  ( 102.1840838479294291, -62.76896728882534404, 4.336808689942017736E-16 ) ) ;
#1508 = DIRECTION ( 'NONE',  ( 0.9999999996627743082, -2.597020567951152228E-05, 4.382459307730152406E-14 ) ) ;
#1509 = EDGE_CURVE ( 'NONE', #1218, #135, #598, .T. ) ;
#1510 = ORIENTED_EDGE ( 'NONE', *, *, #275, .T. ) ;
#1511 = ORIENTED_EDGE ( 'NONE', *, *, #3030, .F. ) ;
#1512 = VERTEX_POINT ( 'NONE', #2953 ) ;
#1513 = LINE ( 'NONE', #1861, #4004 ) ;
#1514 = ORIENTED_EDGE ( 'NONE', *, *, #4600, .T. ) ;
#1515 = DIRECTION ( 'NONE',  ( -0.000000000000000000, -0.000000000000000000, 1.000000000000000000 ) ) ;
#1516 = LINE ( 'NONE', #1615, #82 ) ;
#1517 = VERTEX_POINT ( 'NONE', #2485 ) ;
#1518 = AXIS2_PLACEMENT_3D ( 'NONE', #1217, #372, #1309 ) ;
#1519 = ORIENTED_EDGE ( 'NONE', *, *, #5388, .F. ) ;
#1520 = FACE_OUTER_BOUND ( 'NONE', #3467, .T. ) ;
#1521 = LINE ( 'NONE', #3382, #1674 ) ;
#1522 = SURFACE_STYLE_USAGE ( .BOTH. , #2937 ) ;
#1523 = FACE_OUTER_BOUND ( 'NONE', #5082, .T. ) ;
#1524 = VECTOR ( 'NONE', #3117, 999.9999999999998863 ) ;
#1525 = ORIENTED_EDGE ( 'NONE', *, *, #6110, .F. ) ;
#1526 = CIRCLE ( 'NONE', #2630, 2.000000000000001776 ) ;
#1527 = CIRCLE ( 'NONE', #3445, 7.999999999999979572 ) ;
#1528 = CARTESIAN_POINT ( 'NONE',  ( 102.1787390210452457, -65.26896727933170439, -2.750000000000030198 ) ) ;
#1529 = CARTESIAN_POINT ( 'NONE',  ( 99.98006318880014476, -63.05007250392394269, 2.499999999999976463 ) ) ;
#1530 = DIRECTION ( 'NONE',  ( 0.000000000000000000, 0.000000000000000000, -1.000000000000000000 ) ) ;
#1531 = DIRECTION ( 'NONE',  ( 0.000000000000000000, 0.7071067811935974889, 0.7071067811794976565 ) ) ;
#1532 = LINE ( 'NONE', #558, #3729 ) ;
#1533 = ORIENTED_EDGE ( 'NONE', *, *, #1539, .T. ) ;
#1534 = ORIENTED_EDGE ( 'NONE', *, *, #4986, .T. ) ;
#1535 = VECTOR ( 'NONE', #1434, 999.9999999999998863 ) ;
#1536 = ORIENTED_EDGE ( 'NONE', *, *, #2340, .T. ) ;
#1537 = CARTESIAN_POINT ( 'NONE',  ( 124.2911362817749108, -109.9042165412170391, 3.500000000000000000 ) ) ;
#1538 = PLANE ( 'NONE',  #2363 ) ;
#1539 = EDGE_CURVE ( 'NONE', #1293, #4813, #5909, .T. ) ;
#1540 = LINE ( 'NONE', #4515, #4845 ) ;
#1541 = VECTOR ( 'NONE', #2860, 1000.000000000000227 ) ;
#1542 = CONICAL_SURFACE ( 'NONE', #5381, 6.999999999999978684, 0.7853981633974421728 ) ;
#1543 = ORIENTED_EDGE ( 'NONE', *, *, #4527, .T. ) ;
#1544 = EDGE_CURVE ( 'NONE', #5623, #5194, #564, .T. ) ;
#1545 = ORIENTED_EDGE ( 'NONE', *, *, #391, .F. ) ;
#1546 = ORIENTED_EDGE ( 'NONE', *, *, #2476, .T. ) ;
#1547 = DIRECTION ( 'NONE',  ( -0.000000000000000000, -0.000000000000000000, 1.000000000000000000 ) ) ;
#1548 = ORIENTED_EDGE ( 'NONE', *, *, #1195, .T. ) ;
#1549 = EDGE_CURVE ( 'NONE', #4270, #1199, #4451, .T. ) ;
#1550 = LINE ( 'NONE', #3375, #2829 ) ;
#1551 = LINE ( 'NONE', #76, #5204 ) ;
#1552 = ORIENTED_EDGE ( 'NONE', *, *, #3482, .F. ) ;
#1553 = AXIS2_PLACEMENT_3D ( 'NONE', #4843, #2473, #523 ) ;
#1554 = EDGE_CURVE ( 'NONE', #161, #5035, #3493, .T. ) ;
#1555 = EDGE_CURVE ( 'NONE', #1005, #2686, #2759, .T. ) ;
#1556 = VERTEX_POINT ( 'NONE', #2284 ) ;
#1557 = DIRECTION ( 'NONE',  ( 1.615346999108320118E-05, -0.9999999998695326964, 0.000000000000000000 ) ) ;
#1558 = LINE ( 'NONE', #4905, #3579 ) ;
#1559 = CARTESIAN_POINT ( 'NONE',  ( 88.49976182975706251, -86.56944730317847814, 21.95250125539795150 ) ) ;
#1560 = EDGE_CURVE ( 'NONE', #1995, #3719, #260, .T. ) ;
#1561 = LINE ( 'NONE', #4472, #2496 ) ;
#1562 = FACE_OUTER_BOUND ( 'NONE', #3047, .T. ) ;
#1563 = LINE ( 'NONE', #2096, #3551 ) ;
#1564 = CARTESIAN_POINT ( 'NONE',  ( 101.0040248452708056, -67.25020683058068016, 0.000000000000000000 ) ) ;
#1565 = CARTESIAN_POINT ( 'NONE',  ( 107.2000492667944229, -63.00006420793567941, -5.000000000000000000 ) ) ;
#1566 = LINE ( 'NONE', #2069, #5868 ) ;
#1567 = ORIENTED_EDGE ( 'NONE', *, *, #1122, .F. ) ;
#1568 = AXIS2_PLACEMENT_3D ( 'NONE', #3429, #532, #3333 ) ;
#1569 = ORIENTED_EDGE ( 'NONE', *, *, #4242, .T. ) ;
#1570 = AXIS2_PLACEMENT_3D ( 'NONE', #1884, #31, #970 ) ;
#1571 = DIRECTION ( 'NONE',  ( 0.000000000000000000, 0.000000000000000000, -1.000000000000000000 ) ) ;
#1572 = DIRECTION ( 'NONE',  ( 0.000000000000000000, 0.000000000000000000, 1.000000000000000000 ) ) ;
#1573 = DIRECTION ( 'NONE',  ( 0.7071067811286646521, -1.256509658285397213E-06, 0.7071067812433140531 ) ) ;
#1574 = VECTOR ( 'NONE', #1487, 1000.000000000000000 ) ;
#1575 = VERTEX_POINT ( 'NONE', #4690 ) ;
#1576 = VECTOR ( 'NONE', #991, 1000.000000000000114 ) ;
#1577 = ORIENTED_EDGE ( 'NONE', *, *, #1745, .T. ) ;
#1578 = VECTOR ( 'NONE', #2278, 1000.000000000000114 ) ;
#1579 = ORIENTED_EDGE ( 'NONE', *, *, #2048, .T. ) ;
#1580 = ORIENTED_EDGE ( 'NONE', *, *, #4398, .F. ) ;
#1581 = CARTESIAN_POINT ( 'NONE',  ( 143.1944786988996725, -67.25020683058068016, 0.000000000000000000 ) ) ;
#1582 = VERTEX_POINT ( 'NONE', #6151 ) ;
#1583 = DIRECTION ( 'NONE',  ( 0.9999999999803886874, 6.262789326926268667E-06, 0.000000000000000000 ) ) ;
#1584 = LINE ( 'NONE', #3502, #66 ) ;
#1585 = ADVANCED_FACE ( 'NONE', ( #3102 ), #4631, .F. ) ;
#1586 = ORIENTED_EDGE ( 'NONE', *, *, #4828, .T. ) ;
#1587 = EDGE_CURVE ( 'NONE', #4858, #4260, #1308, .T. ) ;
#1588 = ORIENTED_EDGE ( 'NONE', *, *, #3081, .F. ) ;
#1589 = DIRECTION ( 'NONE',  ( -0.000000000000000000, -0.000000000000000000, 1.000000000000000000 ) ) ;
#1590 = DIRECTION ( 'NONE',  ( 0.7071182033224665542, 0.7070953588661199607, 0.000000000000000000 ) ) ;
#1591 = CARTESIAN_POINT ( 'NONE',  ( 124.8927261566849722, -109.0577483176210478, 3.500000000000000000 ) ) ;
#1592 = EDGE_CURVE ( 'NONE', #5441, #4802, #4046, .T. ) ;
#1593 = ADVANCED_FACE ( 'NONE', ( #307 ), #2251, .F. ) ;
#1594 = CIRCLE ( 'NONE', #4815, 2.500000000000015987 ) ;
#1595 = EDGE_CURVE ( 'NONE', #788, #2243, #279, .T. ) ;
#1596 = CARTESIAN_POINT ( 'NONE',  ( 105.4316206043729665, -143.6196619149582432, 0.000000000000000000 ) ) ;
#1597 = LINE ( 'NONE', #3957, #3245 ) ;
#1598 = DIRECTION ( 'NONE',  ( 1.000000000000000000, 0.000000000000000000, -0.000000000000000000 ) ) ;
#1599 = CARTESIAN_POINT ( 'NONE',  ( 139.7795508170034395, -142.2506183894232095, -4.725735931288185476 ) ) ;
#1600 = FACE_OUTER_BOUND ( 'NONE', #2318, .T. ) ;
#1601 = VECTOR ( 'NONE', #4212, 1000.000000000000000 ) ;
#1602 = ORIENTED_EDGE ( 'NONE', *, *, #3068, .F. ) ;
#1603 = ORIENTED_EDGE ( 'NONE', *, *, #5687, .T. ) ;
#1604 = DIRECTION ( 'NONE',  ( 0.000000000000000000, 0.000000000000000000, -1.000000000000000000 ) ) ;
#1605 = LINE ( 'NONE', #127, #2158 ) ;
#1606 = VECTOR ( 'NONE', #2521, 999.9999999999998863 ) ;
#1607 = CARTESIAN_POINT ( 'NONE',  ( 100.9287390212481057, -65.26896505811525628, -4.725735931288194358 ) ) ;
#1608 = AXIS2_PLACEMENT_3D ( 'NONE', #1396, #1746, #329 ) ;
#1609 = ORIENTED_EDGE ( 'NONE', *, *, #4443, .F. ) ;
#1610 = VERTEX_POINT ( 'NONE', #713 ) ;
#1611 = ORIENTED_EDGE ( 'NONE', *, *, #4716, .T. ) ;
#1612 = ORIENTED_EDGE ( 'NONE', *, *, #3240, .T. ) ;
#1613 = CARTESIAN_POINT ( 'NONE',  ( 101.2286120172738748, -136.7410216586376066, -2.750000000000182965 ) ) ;
#1614 = DIRECTION ( 'NONE',  ( 0.9999403981746717296, 0.01091787975199173290, 0.000000000000000000 ) ) ;
#1615 = CARTESIAN_POINT ( 'NONE',  ( 143.5274586481659753, -59.74947132758916979, -4.250000000000161648 ) ) ;
#1616 = ORIENTED_EDGE ( 'NONE', *, *, #2856, .F. ) ;
#1617 = PLANE ( 'NONE',  #2422 ) ;
#1618 = LINE ( 'NONE', #6012, #3336 ) ;
#1619 = FACE_OUTER_BOUND ( 'NONE', #944, .T. ) ;
#1620 = DIRECTION ( 'NONE',  ( -7.064954606356651146E-15, -1.000000000000000000, 0.000000000000000000 ) ) ;
#1621 = EDGE_CURVE ( 'NONE', #1851, #3121, #5109, .T. ) ;
#1622 = AXIS2_PLACEMENT_3D ( 'NONE', #6153, #837, #1718 ) ;
#1623 = ADVANCED_FACE ( 'NONE', ( #2634 ), #2219, .F. ) ;
#1624 = EDGE_CURVE ( 'NONE', #4260, #1104, #4147, .T. ) ;
#1625 = CARTESIAN_POINT ( 'NONE',  ( 107.8942595976835008, -55.05051006204097774, -2.750000000000000000 ) ) ;
#1626 = LINE ( 'NONE', #1088, #2941 ) ;
#1627 = AXIS2_PLACEMENT_3D ( 'NONE', #2465, #3796, #4400 ) ;
#1628 = CARTESIAN_POINT ( 'NONE',  ( 106.7000492667939682, -139.0000642079358215, -2.750000000000000000 ) ) ;
#1629 = CARTESIAN_POINT ( 'NONE',  ( 102.1840838479294291, -62.76896728882534404, 4.336808689942017736E-16 ) ) ;
#1630 = FACE_OUTER_BOUND ( 'NONE', #5080, .T. ) ;
#1631 = AXIS2_PLACEMENT_3D ( 'NONE', #4971, #2116, #3567 ) ;
#1632 = ADVANCED_FACE ( 'NONE', ( #4661 ), #5139, .F. ) ;
#1633 = ORIENTED_EDGE ( 'NONE', *, *, #3979, .T. ) ;
#1634 = DIRECTION ( 'NONE',  ( 1.000000000000000000, 0.000000000000000000, 0.000000000000000000 ) ) ;
#1635 = CYLINDRICAL_SURFACE ( 'NONE', #4501, 2.000000000000015543 ) ;
#1636 = LINE ( 'NONE', #3999, #5557 ) ;
#1637 = EDGE_LOOP ( 'NONE', ( #5873, #4032, #3468, #5567, #2988, #4426 ) ) ;
#1638 = ORIENTED_EDGE ( 'NONE', *, *, #4992, .F. ) ;
#1639 = ORIENTED_EDGE ( 'NONE', *, *, #3929, .F. ) ;
#1640 = ORIENTED_EDGE ( 'NONE', *, *, #3666, .T. ) ;
#1641 = AXIS2_PLACEMENT_3D ( 'NONE', #4098, #4463, #3561 ) ;
#1642 = CARTESIAN_POINT ( 'NONE',  ( 133.7078111131446008, -127.9468104705158709, 3.500000000000000000 ) ) ;
#1643 = AXIS2_PLACEMENT_3D ( 'NONE', #804, #5041, #1184 ) ;
#1644 = CYLINDRICAL_SURFACE ( 'NONE', #2735, 0.5000000000000281997 ) ;
#1645 = LINE ( 'NONE', #1672, #4298 ) ;
#1646 = EDGE_LOOP ( 'NONE', ( #3840, #1072, #2143, #2264 ) ) ;
#1647 = CARTESIAN_POINT ( 'NONE',  ( 143.1945612729249717, -94.46772382334611962, -52.83283138959388481 ) ) ;
#1648 = FACE_OUTER_BOUND ( 'NONE', #1881, .T. ) ;
#1649 = FACE_OUTER_BOUND ( 'NONE', #5841, .T. ) ;
#1650 = DIRECTION ( 'NONE',  ( 0.5757869388090384177, -0.8175997805142296571, 0.000000000000000000 ) ) ;
#1651 = CARTESIAN_POINT ( 'NONE',  ( 113.2856256275427995, -131.9630589748740874, 2.999999999999975131 ) ) ;
#1652 = CARTESIAN_POINT ( 'NONE',  ( 107.9815533684557352, -138.9500309607401789, 3.000000000000000000 ) ) ;
#1653 = CARTESIAN_POINT ( 'NONE',  ( 143.5273813777667442, -56.77412375446494508, -4.250000000000161648 ) ) ;
#1654 = CARTESIAN_POINT ( 'NONE',  ( 142.2795508170035248, -142.2506183894232095, 0.000000000000000000 ) ) ;
#1655 = ADVANCED_FACE ( 'NONE', ( #5169 ), #5621, .T. ) ;
#1656 = VERTEX_POINT ( 'NONE', #836 ) ;
#1657 = ADVANCED_FACE ( 'NONE', ( #1215 ), #3135, .F. ) ;
#1658 = CARTESIAN_POINT ( 'NONE',  ( 41.10625243146452590, 29.21774048975419547, 4.000000000000017764 ) ) ;
#1659 = DIRECTION ( 'NONE',  ( -1.000000000000000000, 0.000000000000000000, 0.000000000000000000 ) ) ;
#1660 = CARTESIAN_POINT ( 'NONE',  ( 100.9808082799770830, -101.0001891666311309, 3.000000000000000000 ) ) ;
#1661 = PLANE ( 'NONE',  #2523 ) ;
#1662 = EDGE_CURVE ( 'NONE', #5056, #797, #2190, .T. ) ;
#1663 = ORIENTED_EDGE ( 'NONE', *, *, #2546, .F. ) ;
#1664 = VERTEX_POINT ( 'NONE', #6093 ) ;
#1665 = EDGE_CURVE ( 'NONE', #2672, #5660, #1727, .T. ) ;
#1666 =( GEOMETRIC_REPRESENTATION_CONTEXT ( 3 ) GLOBAL_UNCERTAINTY_ASSIGNED_CONTEXT ( ( #3249 ) ) GLOBAL_UNIT_ASSIGNED_CONTEXT ( ( #5827, #1052, #1083 ) ) REPRESENTATION_CONTEXT ( 'NONE', 'WORKASPACE' ) );
#1667 = ORIENTED_EDGE ( 'NONE', *, *, #3427, .T. ) ;
#1668 = PLANE ( 'NONE',  #2717 ) ;
#1669 = DIRECTION ( 'NONE',  ( 0.9999403981746717296, 0.01091787975199173290, 0.000000000000000000 ) ) ;
#1670 = VECTOR ( 'NONE', #2294, 1000.000000000000000 ) ;
#1671 = CARTESIAN_POINT ( 'NONE',  ( 105.4316206043729665, -143.6196619149582432, -2.750000000000000000 ) ) ;
#1672 = CARTESIAN_POINT ( 'NONE',  ( 163.1146877071539052, -124.1428633543484636, -25.22249533888036055 ) ) ;
#1673 = VECTOR ( 'NONE', #2815, 1000.000000000000000 ) ;
#1674 = VECTOR ( 'NONE', #110, 1000.000000000000114 ) ;
#1675 = VERTEX_POINT ( 'NONE', #5198 ) ;
#1676 = CARTESIAN_POINT ( 'NONE',  ( 104.6541176665219695, -85.56944730317847814, 2.500000000000000000 ) ) ;
#1677 = DIRECTION ( 'NONE',  ( -1.000000000000000000, 0.000000000000000000, 0.000000000000000000 ) ) ;
#1678 = LINE ( 'NONE', #1203, #1223 ) ;
#1679 = DIRECTION ( 'NONE',  ( -1.776973163029144758E-06, -0.9999999999984211518, -0.000000000000000000 ) ) ;
#1680 = ORIENTED_EDGE ( 'NONE', *, *, #5849, .F. ) ;
#1681 = VECTOR ( 'NONE', #1898, 1000.000000000000227 ) ;
#1682 = DIRECTION ( 'NONE',  ( 0.000000000000000000, 0.000000000000000000, 1.000000000000000000 ) ) ;
#1683 = PLANE ( 'NONE',  #438 ) ;
#1684 = CARTESIAN_POINT ( 'NONE',  ( 101.5435154913216707, -100.6171291528079195, 3.000000000000000000 ) ) ;
#1685 = VECTOR ( 'NONE', #4623, 1000.000000000000114 ) ;
#1686 = DIRECTION ( 'NONE',  ( -0.7631309638112484528, -0.6462438642436112435, 0.000000000000000000 ) ) ;
#1687 = VECTOR ( 'NONE', #1679, 1000.000000000000114 ) ;
#1688 = LINE ( 'NONE', #711, #5785 ) ;
#1689 = DIRECTION ( 'NONE',  ( 0.3826834323123277648, -6.800182027310881258E-07, -0.9238795325328912345 ) ) ;
#1690 = CARTESIAN_POINT ( 'NONE',  ( 143.1945612729249717, -121.6868953182585074, -2.750000000000002665 ) ) ;
#1691 = VERTEX_POINT ( 'NONE', #4351 ) ;
#1692 = DIRECTION ( 'NONE',  ( 1.963347129712797196E-05, 0.9999999998072632845, 0.000000000000000000 ) ) ;
#1693 = EDGE_CURVE ( 'NONE', #36, #5677, #433, .T. ) ;
#1694 = ORIENTED_EDGE ( 'NONE', *, *, #1079, .T. ) ;
#1695 = ORIENTED_EDGE ( 'NONE', *, *, #1696, .F. ) ;
#1696 = EDGE_CURVE ( 'NONE', #3497, #3841, #1322, .T. ) ;
#1697 = EDGE_LOOP ( 'NONE', ( #5406, #5696, #2837 ) ) ;
#1698 = DIRECTION ( 'NONE',  ( 0.000000000000000000, 0.000000000000000000, -1.000000000000000000 ) ) ;
#1699 = EDGE_CURVE ( 'NONE', #4312, #1691, #2344, .T. ) ;
#1700 = CARTESIAN_POINT ( 'NONE',  ( 141.8003852113087362, -145.7007800474939359, -3.950000000000187583 ) ) ;
#1701 = CARTESIAN_POINT ( 'NONE',  ( 106.2695319587208189, -142.0746906516456818, -2.750000000000000000 ) ) ;
#1702 = PLANE ( 'NONE',  #3784 ) ;
#1703 = ORIENTED_EDGE ( 'NONE', *, *, #1086, .F. ) ;
#1704 = ORIENTED_EDGE ( 'NONE', *, *, #848, .T. ) ;
#1705 = CARTESIAN_POINT ( 'NONE',  ( 102.1819594097723325, -139.2410233527142793, 0.000000000000000000 ) ) ;
#1706 = LINE ( 'NONE', #5357, #6082 ) ;
#1707 = DIRECTION ( 'NONE',  ( 1.000000000000000000, -0.000000000000000000, -0.000000000000000000 ) ) ;
#1708 = ORIENTED_EDGE ( 'NONE', *, *, #1928, .T. ) ;
#1709 = LINE ( 'NONE', #271, #2059 ) ;
#1710 = DIRECTION ( 'NONE',  ( -0.9999999998058088924, 1.970741631657018942E-05, 0.000000000000000000 ) ) ;
#1711 = DIRECTION ( 'NONE',  ( -0.000000000000000000, -0.000000000000000000, -1.000000000000000000 ) ) ;
#1712 = AXIS2_PLACEMENT_3D ( 'NONE', #2980, #4480, #119 ) ;
#1713 = CARTESIAN_POINT ( 'NONE',  ( 139.7793549463971488, -144.7506687926536699, -5.449999999999006306 ) ) ;
#1714 = VECTOR ( 'NONE', #5927, 1000.000000000000000 ) ;
#1715 = DIRECTION ( 'NONE',  ( 0.9999999998695326964, 1.615346999004992941E-05, 0.000000000000000000 ) ) ;
#1716 = DIRECTION ( 'NONE',  ( 0.000000000000000000, 0.000000000000000000, -1.000000000000000000 ) ) ;
#1717 = CARTESIAN_POINT ( 'NONE',  ( 102.1801097828601712, -139.0860767826652022, -2.750000000000000000 ) ) ;
#1718 = DIRECTION ( 'NONE',  ( 1.776973163029144758E-06, 0.9999999999984211518, 0.000000000000000000 ) ) ;
#1719 = ORIENTED_EDGE ( 'NONE', *, *, #2656, .F. ) ;
#1720 = ORIENTED_EDGE ( 'NONE', *, *, #309, .F. ) ;
#1721 = AXIS2_PLACEMENT_3D ( 'NONE', #4042, #262, #1082 ) ;
#1722 = ORIENTED_EDGE ( 'NONE', *, *, #5253, .T. ) ;
#1723 = ORIENTED_EDGE ( 'NONE', *, *, #1237, .T. ) ;
#1724 = EDGE_CURVE ( 'NONE', #541, #4149, #2412, .T. ) ;
#1725 = AXIS2_PLACEMENT_3D ( 'NONE', #3631, #1234, #1739 ) ;
#1726 = LINE ( 'NONE', #2226, #4599 ) ;
#1727 = CIRCLE ( 'NONE', #131, 2.000000000000015543 ) ;
#1728 = FACE_OUTER_BOUND ( 'NONE', #5316, .T. ) ;
#1729 = CYLINDRICAL_SURFACE ( 'NONE', #4053, 3.750050407920590967 ) ;
#1730 = CARTESIAN_POINT ( 'NONE',  ( 157.3611710300845346, -73.81431172103252436, 4.000000000000017764 ) ) ;
#1731 = EDGE_CURVE ( 'NONE', #2060, #4149, #4317, .T. ) ;
#1732 = VECTOR ( 'NONE', #3104, 1000.000000000000000 ) ;
#1733 = EDGE_LOOP ( 'NONE', ( #4761, #2331, #2133, #1899, #5820 ) ) ;
#1734 = ORIENTED_EDGE ( 'NONE', *, *, #6214, .F. ) ;
#1735 = VECTOR ( 'NONE', #739, 1000.000000000000227 ) ;
#1736 = EDGE_CURVE ( 'NONE', #60, #893, #6173, .T. ) ;
#1737 = CARTESIAN_POINT ( 'NONE',  ( 108.0000492667939511, -139.0000642079358215, -5.000000000000000000 ) ) ;
#1738 = ORIENTED_EDGE ( 'NONE', *, *, #4713, .T. ) ;
#1739 = DIRECTION ( 'NONE',  ( -1.000000000000000000, 0.000000000000000000, 0.000000000000000000 ) ) ;
#1740 = DIRECTION ( 'NONE',  ( 0.9999403981746670667, -0.01091787975242307536, -0.000000000000000000 ) ) ;
#1741 = VERTEX_POINT ( 'NONE', #992 ) ;
#1742 = VERTEX_POINT ( 'NONE', #2816 ) ;
#1743 = AXIS2_PLACEMENT_3D ( 'NONE', #18, #2370, #393 ) ;
#1744 = EDGE_CURVE ( 'NONE', #1882, #4359, #1527, .T. ) ;
#1745 = EDGE_CURVE ( 'NONE', #2439, #121, #495, .T. ) ;
#1746 = DIRECTION ( 'NONE',  ( -1.393524771263726213E-05, 0.7071067810492395189, 0.7071067811865417996 ) ) ;
#1747 = DIRECTION ( 'NONE',  ( 0.4999999999999973910, 0.5000000000000002220, 0.7071067811865493491 ) ) ;
#1748 = DIRECTION ( 'NONE',  ( -0.5773502691896257311, -0.5773502691896257311, -0.5773502691896257311 ) ) ;
#1749 = DIRECTION ( 'NONE',  ( 1.000000000000000000, 0.000000000000000000, -0.000000000000000000 ) ) ;
#1750 = DIRECTION ( 'NONE',  ( 0.000000000000000000, 0.000000000000000000, -1.000000000000000000 ) ) ;
#1751 = LINE ( 'NONE', #3257, #4086 ) ;
#1752 = DIRECTION ( 'NONE',  ( -0.2390314307210890388, -0.6654802590065481693, -0.7071067811865523467 ) ) ;
#1753 = CARTESIAN_POINT ( 'NONE',  ( 142.2773813781882097, -56.77415621722656169, -5.449999999999006306 ) ) ;
#1754 = ORIENTED_EDGE ( 'NONE', *, *, #4635, .F. ) ;
#1755 = EDGE_LOOP ( 'NONE', ( #3898, #2587, #3794, #4770 ) ) ;
#1756 = VERTEX_POINT ( 'NONE', #3769 ) ;
#1757 = LINE ( 'NONE', #3745, #3381 ) ;
#1758 = CARTESIAN_POINT ( 'NONE',  ( 107.4101567611643731, -63.45142373370242694, 3.500000000000000000 ) ) ;
#1759 = DIRECTION ( 'NONE',  ( -0.7372546954228788030, 0.6339230839413265706, -0.2336600901378663997 ) ) ;
#1760 = CARTESIAN_POINT ( 'NONE',  ( 109.0051369249956110, -60.58043762025512535, 3.000000000000000000 ) ) ;
#1761 = VECTOR ( 'NONE', #4030, 1000.000000000000114 ) ;
#1762 = ORIENTED_EDGE ( 'NONE', *, *, #1228, .T. ) ;
#1763 = ORIENTED_EDGE ( 'NONE', *, *, #316, .F. ) ;
#1764 = ADVANCED_FACE ( 'NONE', ( #402 ), #2378, .F. ) ;
#1765 = FACE_OUTER_BOUND ( 'NONE', #5722, .T. ) ;
#1766 = ORIENTED_EDGE ( 'NONE', *, *, #4251, .T. ) ;
#1767 = CARTESIAN_POINT ( 'NONE',  ( 105.5021289799567228, -139.1020163565506209, 0.000000000000000000 ) ) ;
#1768 = LINE ( 'NONE', #5636, #3295 ) ;
#1769 = VECTOR ( 'NONE', #4896, 1000.000000000000000 ) ;
#1770 = ORIENTED_EDGE ( 'NONE', *, *, #1699, .T. ) ;
#1771 = ADVANCED_FACE ( 'NONE', ( #1847 ), #4787, .T. ) ;
#1772 = EDGE_CURVE ( 'NONE', #3184, #1664, #464, .T. ) ;
#1773 = CYLINDRICAL_SURFACE ( 'NONE', #500, 2.500000000000085265 ) ;
#1774 = LINE ( 'NONE', #330, #4973 ) ;
#1775 = AXIS2_PLACEMENT_3D ( 'NONE', #3162, #5615, #5100 ) ;
#1776 = CARTESIAN_POINT ( 'NONE',  ( 102.1787434634780851, -62.76896727933561948, -2.750000000000030198 ) ) ;
#1777 = ADVANCED_FACE ( 'NONE', ( #2883 ), #5296, .T. ) ;
#1778 = PLANE ( 'NONE',  #972 ) ;
#1779 = ADVANCED_FACE ( 'NONE', ( #4847 ), #3950, .T. ) ;
#1780 = ORIENTED_EDGE ( 'NONE', *, *, #3442, .F. ) ;
#1781 = EDGE_CURVE ( 'NONE', #1756, #3184, #5327, .T. ) ;
#1782 = FACE_OUTER_BOUND ( 'NONE', #1054, .T. ) ;
#1783 = DIRECTION ( 'NONE',  ( 0.9999999982807196153, -5.863924272614619477E-05, 0.000000000000000000 ) ) ;
#1784 = CARTESIAN_POINT ( 'NONE',  ( 144.2203939651227529, -146.9506970251994460, 2.500000000000000000 ) ) ;
#1785 = DIRECTION ( 'NONE',  ( 0.000000000000000000, 0.000000000000000000, 1.000000000000000000 ) ) ;
#1786 = ORIENTED_EDGE ( 'NONE', *, *, #997, .T. ) ;
#1787 = AXIS2_PLACEMENT_3D ( 'NONE', #2927, #2492, #3851 ) ;
#1788 = ORIENTED_EDGE ( 'NONE', *, *, #6219, .T. ) ;
#1789 = AXIS2_PLACEMENT_3D ( 'NONE', #4079, #4685, #5642 ) ;
#1790 = VERTEX_POINT ( 'NONE', #2912 ) ;
#1791 = ORIENTED_EDGE ( 'NONE', *, *, #1736, .F. ) ;
#1792 = CARTESIAN_POINT ( 'NONE',  ( 106.8916692708584151, -57.28562795999913959, -2.750000000000000000 ) ) ;
#1793 = CARTESIAN_POINT ( 'NONE',  ( 141.7204432326926451, -55.04940756665430257, 0.000000000000000000 ) ) ;
#1794 = LINE ( 'NONE', #2200, #1432 ) ;
#1795 = CARTESIAN_POINT ( 'NONE',  ( 78.39733352877067318, -115.1640561136408962, 4.000000000000017764 ) ) ;
#1796 = ORIENTED_EDGE ( 'NONE', *, *, #2971, .T. ) ;
#1797 = ORIENTED_EDGE ( 'NONE', *, *, #2394, .F. ) ;
#1798 = CARTESIAN_POINT ( 'NONE',  ( 102.8706101777262489, -141.7370422481071159, 0.000000000000000000 ) ) ;
#1799 = CARTESIAN_POINT ( 'NONE',  ( 107.9799252368859754, -56.05007250528329621, 3.500000000000000000 ) ) ;
#1800 = CARTESIAN_POINT ( 'NONE',  ( 108.0000492667939511, -139.0000642079358215, -4.499999999999991118 ) ) ;
#1801 = VECTOR ( 'NONE', #3060, 1000.000000000000114 ) ;
#1802 = ORIENTED_EDGE ( 'NONE', *, *, #5487, .T. ) ;
#1803 = DIRECTION ( 'NONE',  ( 1.000000000000000000, 0.000000000000000000, 0.000000000000000000 ) ) ;
#1804 = DIRECTION ( 'NONE',  ( 0.000000000000000000, 0.000000000000000000, 1.000000000000000000 ) ) ;
#1805 = ADVANCED_FACE ( 'NONE', ( #526 ), #3736, .T. ) ;
#1806 = LINE ( 'NONE', #4140, #4100 ) ;
#1807 = ADVANCED_FACE ( 'NONE', ( #5675 ), #2313, .T. ) ;
#1808 = EDGE_CURVE ( 'NONE', #3883, #2356, #4532, .T. ) ;
#1809 = DIRECTION ( 'NONE',  ( -1.000000000000000000, 0.000000000000000000, 0.000000000000000000 ) ) ;
#1810 = DIRECTION ( 'NONE',  ( 0.000000000000000000, 0.000000000000000000, -1.000000000000000000 ) ) ;
#1811 = LINE ( 'NONE', #3611, #4903 ) ;
#1812 = DIRECTION ( 'NONE',  ( -0.9411312077786266883, 0.3380414911592116156, 0.000000000000000000 ) ) ;
#1813 = CARTESIAN_POINT ( 'NONE',  ( 107.7001095762406635, -146.0008696982336858, -4.725735931288185476 ) ) ;
#1814 = ORIENTED_EDGE ( 'NONE', *, *, #657, .F. ) ;
#1815 = ORIENTED_EDGE ( 'NONE', *, *, #4674, .F. ) ;
#1816 = ORIENTED_EDGE ( 'NONE', *, *, #820, .T. ) ;
#1817 = AXIS2_PLACEMENT_3D ( 'NONE', #5937, #5906, #1093 ) ;
#1818 = EDGE_CURVE ( 'NONE', #578, #1323, #4043, .T. ) ;
#1819 = ADVANCED_FACE ( 'NONE', ( #5572 ), #1024, .T. ) ;
#1820 = LINE ( 'NONE', #4123, #1360 ) ;
#1821 = DIRECTION ( 'NONE',  ( -0.3397717012252271518, 0.6201251414404446161, 0.7071067811865359154 ) ) ;
#1822 = CARTESIAN_POINT ( 'NONE',  ( 125.1811611996828901, -56.04973351336505516, 3.500000000000000000 ) ) ;
#1823 = CARTESIAN_POINT ( 'NONE',  ( 102.6275153932645310, -60.72598359821652991, -2.750000000000000000 ) ) ;
#1824 = ORIENTED_EDGE ( 'NONE', *, *, #4600, .F. ) ;
#1825 = ORIENTED_EDGE ( 'NONE', *, *, #357, .F. ) ;
#1826 = AXIS2_PLACEMENT_3D ( 'NONE', #353, #4133, #5217 ) ;
#1827 = AXIS2_PLACEMENT_3D ( 'NONE', #1186, #1752, #4116 ) ;
#1828 = VERTEX_POINT ( 'NONE', #5091 ) ;
#1829 = ORIENTED_EDGE ( 'NONE', *, *, #676, .T. ) ;
#1830 = CARTESIAN_POINT ( 'NONE',  ( 102.2152195760785958, -140.0485826070301130, 0.000000000000000000 ) ) ;
#1831 = DIRECTION ( 'NONE',  ( 0.000000000000000000, -1.000000000000000000, 0.000000000000000000 ) ) ;
#1832 = DIRECTION ( 'NONE',  ( -0.000000000000000000, -0.000000000000000000, 1.000000000000000000 ) ) ;
#1833 = ORIENTED_EDGE ( 'NONE', *, *, #668, .F. ) ;
#1834 = ORIENTED_EDGE ( 'NONE', *, *, #3048, .F. ) ;
#1835 = VECTOR ( 'NONE', #3226, 1000.000000000000000 ) ;
#1836 = PLANE ( 'NONE',  #2268 ) ;
#1837 = PLANE ( 'NONE',  #736 ) ;
#1838 = CARTESIAN_POINT ( 'NONE',  ( 99.98011245734247154, -138.9498346362414338, -2.750000000000000000 ) ) ;
#1839 = VECTOR ( 'NONE', #3299, 1000.000000000000000 ) ;
#1841 = AXIS2_PLACEMENT_3D ( 'NONE', #6203, #457, #4310 ) ;
#1840 = CARTESIAN_POINT ( 'NONE',  ( 0.000000000000000000, 0.000000000000000000, 0.000000000000000000 ) ) ;
#1842 = AXIS2_PLACEMENT_3D ( 'NONE', #3515, #209, #5962 ) ;
#1843 = CARTESIAN_POINT ( 'NONE',  ( 102.1809857960124930, -94.46772382334611962, -2.750000000000000000 ) ) ;
#1844 = DIRECTION ( 'NONE',  ( 1.963347129017993688E-05, -0.9999999998072632845, 0.000000000000000000 ) ) ;
#1845 = DIRECTION ( 'NONE',  ( 0.8237432789082972384, 0.1002879767587700061, -0.5580226986163192571 ) ) ;
#1846 = EDGE_CURVE ( 'NONE', #1131, #3725, #1706, .T. ) ;
#1847 = FACE_OUTER_BOUND ( 'NONE', #4488, .T. ) ;
#1848 = CARTESIAN_POINT ( 'NONE',  ( 102.1786871356384125, -94.46772382334611962, -5.449999999999011635 ) ) ;
#1849 = VECTOR ( 'NONE', #2879, 1000.000000000000114 ) ;
#1850 = ORIENTED_EDGE ( 'NONE', *, *, #8, .F. ) ;
#1851 = VERTEX_POINT ( 'NONE', #4015 ) ;
#1852 = EDGE_LOOP ( 'NONE', ( #4489, #4758, #6215, #570 ) ) ;
#1853 = ADVANCED_FACE ( 'NONE', ( #645 ), #57, .F. ) ;
#1854 = DIRECTION ( 'NONE',  ( -2.055968564121436242E-14, 0.000000000000000000, -1.000000000000000000 ) ) ;
#1855 = CARTESIAN_POINT ( 'NONE',  ( 101.2286120172736759, -136.7410216586376066, -5.449999999998969891 ) ) ;
#1856 = CARTESIAN_POINT ( 'NONE',  ( 141.7204432326926451, -55.04940756665430257, 0.000000000000000000 ) ) ;
#1857 = CARTESIAN_POINT ( 'NONE',  ( 109.3000492667939341, -139.0000642079358215, -4.499999999999991118 ) ) ;
#1858 = EDGE_CURVE ( 'NONE', #2483, #5865, #5543, .T. ) ;
#1859 = VERTEX_POINT ( 'NONE', #1144 ) ;
#1860 = ORIENTED_EDGE ( 'NONE', *, *, #4017, .F. ) ;
#1861 = CARTESIAN_POINT ( 'NONE',  ( 107.7001095762406635, -146.0008696982337142, -4.250000000000161648 ) ) ;
#1862 = DIRECTION ( 'NONE',  ( 0.000000000000000000, 0.000000000000000000, -1.000000000000000000 ) ) ;
#1863 = DIRECTION ( 'NONE',  ( -0.000000000000000000, -0.000000000000000000, -1.000000000000000000 ) ) ;
#1864 = AXIS2_PLACEMENT_3D ( 'NONE', #2198, #345, #4187 ) ;
#1865 = ORIENTED_EDGE ( 'NONE', *, *, #1474, .F. ) ;
#1866 = ORIENTED_EDGE ( 'NONE', *, *, #894, .T. ) ;
#1867 = CYLINDRICAL_SURFACE ( 'NONE', #4652, 2.500000000000015987 ) ;
#1868 = VECTOR ( 'NONE', #3492, 1000.000000000000000 ) ;
#1869 = FACE_OUTER_BOUND ( 'NONE', #2288, .T. ) ;
#1870 = CARTESIAN_POINT ( 'NONE',  ( 107.2000492667944229, -63.00006420793567941, -5.000000000000000000 ) ) ;
#1871 = CARTESIAN_POINT ( 'NONE',  ( 143.2203939651227529, -4.325469606319817669E-14, 3.500000000000000000 ) ) ;
#1872 = VECTOR ( 'NONE', #2170, 1000.000000000000000 ) ;
#1873 = VECTOR ( 'NONE', #2377, 1000.000000000000114 ) ;
#1874 = ORIENTED_EDGE ( 'NONE', *, *, #2963, .T. ) ;
#1875 = VECTOR ( 'NONE', #4174, 1000.000000000000000 ) ;
#1876 = CARTESIAN_POINT ( 'NONE',  ( 107.7001095762406635, -146.0008696982336858, -4.725735931288185476 ) ) ;
#1877 = CARTESIAN_POINT ( 'NONE',  ( 75.24646069976930107, -121.4546545816752001, -44.98138817032894110 ) ) ;
#1878 = DIRECTION ( 'NONE',  ( 0.000000000000000000, 0.000000000000000000, -1.000000000000000000 ) ) ;
#1879 = CARTESIAN_POINT ( 'NONE',  ( 144.2204432323657954, -144.4507059086088248, -2.750000000000000000 ) ) ;
#1880 = DIRECTION ( 'NONE',  ( 0.000000000000000000, -1.000000000000000000, 0.000000000000000000 ) ) ;
#1881 = EDGE_LOOP ( 'NONE', ( #5311, #1579, #3462 ) ) ;
#1882 = VERTEX_POINT ( 'NONE', #3151 ) ;
#1883 = VERTEX_POINT ( 'NONE', #5959 ) ;
#1884 = CARTESIAN_POINT ( 'NONE',  ( 39.47609136207012170, 28.05904515109537201, 4.000000000000017764 ) ) ;
#1885 = DIRECTION ( 'NONE',  ( -1.000000000000000000, 0.000000000000000000, -0.000000000000000000 ) ) ;
#1886 = ADVANCED_FACE ( 'NONE', ( #3896 ), #677, .F. ) ;
#1887 = CARTESIAN_POINT ( 'NONE',  ( 67.86588615261922541, 28.54049360955348291, 3.500000000000000000 ) ) ;
#1888 = CARTESIAN_POINT ( 'NONE',  ( 107.6939446901550355, -144.7474444724507521, -2.750000000000000000 ) ) ;
#1889 = AXIS2_PLACEMENT_3D ( 'NONE', #2277, #770, #6144 ) ;
#1890 = ADVANCED_FACE ( 'NONE', ( #1619 ), #2947, .F. ) ;
#1891 = ORIENTED_EDGE ( 'NONE', *, *, #3437, .T. ) ;
#1892 = EDGE_CURVE ( 'NONE', #3910, #5721, #5780, .T. ) ;
#1893 = AXIS2_PLACEMENT_3D ( 'NONE', #702, #5092, #326 ) ;
#1894 = VERTEX_POINT ( 'NONE', #4104 ) ;
#1895 = ORIENTED_EDGE ( 'NONE', *, *, #841, .T. ) ;
#1896 = LINE ( 'NONE', #4772, #3699 ) ;
#1897 = CARTESIAN_POINT ( 'NONE',  ( 104.8937625671687073, -61.40223359149344162, -2.750000000000000000 ) ) ;
#1898 = DIRECTION ( 'NONE',  ( 1.963347129017993688E-05, -0.9999999998072632845, 0.000000000000000000 ) ) ;
#1899 = ORIENTED_EDGE ( 'NONE', *, *, #661, .T. ) ;
#1900 = EDGE_LOOP ( 'NONE', ( #100, #2256, #5308, #4002 ) ) ;
#1901 = VERTEX_POINT ( 'NONE', #1499 ) ;
#1902 = VECTOR ( 'NONE', #4878, 1000.000000000000000 ) ;
#1903 = PLANE ( 'NONE',  #3634 ) ;
#1904 = CARTESIAN_POINT ( 'NONE',  ( 107.7001076974038654, -145.7008696982395293, -2.750000000000171418 ) ) ;
#1905 = DIRECTION ( 'NONE',  ( 0.9999999998072633955, -1.963347129712797535E-05, 0.000000000000000000 ) ) ;
#1906 = VECTOR ( 'NONE', #3051, 1000.000000000000000 ) ;
#1907 = PLANE ( 'NONE',  #4313 ) ;
#1908 = VERTEX_POINT ( 'NONE', #2090 ) ;
#1909 = DIRECTION ( 'NONE',  ( 1.000000000000000000, 0.000000000000000000, 0.000000000000000000 ) ) ;
#1910 = DIRECTION ( 'NONE',  ( -1.000000000000000000, 0.000000000000000000, 0.000000000000000000 ) ) ;
#1911 = LINE ( 'NONE', #932, #6237 ) ;
#1912 = CARTESIAN_POINT ( 'NONE',  ( 107.7002665619962585, -56.29907359963308977, -5.449999999998964562 ) ) ;
#1913 = DIRECTION ( 'NONE',  ( -0.4718347455293016579, 0.8816870039369407719, 0.000000000000000000 ) ) ;
#1914 = ORIENTED_EDGE ( 'NONE', *, *, #5451, .F. ) ;
#1915 = ORIENTED_EDGE ( 'NONE', *, *, #1504, .T. ) ;
#1916 = ORIENTED_EDGE ( 'NONE', *, *, #3228, .T. ) ;
#1917 = CARTESIAN_POINT ( 'NONE',  ( 139.7795015484595638, -144.7506183889378235, -2.750000000000000000 ) ) ;
#1918 = DIRECTION ( 'NONE',  ( -9.816735655358377758E-06, -0.9999999999518158766, 0.000000000000000000 ) ) ;
#1919 = CARTESIAN_POINT ( 'NONE',  ( 142.2796012233602596, -59.74943892047518545, -5.449999999999006306 ) ) ;
#1920 = CIRCLE ( 'NONE', #3836, 1.299999999999981615 ) ;
#1921 = ADVANCED_FACE ( 'NONE', ( #1649 ), #1176, .F. ) ;
#1922 = VERTEX_POINT ( 'NONE', #233 ) ;
#1923 = AXIS2_PLACEMENT_3D ( 'NONE', #79, #4809, #3380 ) ;
#1924 = EDGE_LOOP ( 'NONE', ( #3908, #2864, #5360, #5823 ) ) ;
#1925 = CARTESIAN_POINT ( 'NONE',  ( 100.9287390212481057, -65.26896505811525628, -4.725735931288194358 ) ) ;
#1926 = LINE ( 'NONE', #4431, #4658 ) ;
#1927 = CARTESIAN_POINT ( 'NONE',  ( 107.9800631888001590, -63.05007250392394269, 0.000000000000000000 ) ) ;
#1928 = EDGE_CURVE ( 'NONE', #2392, #2177, #5477, .T. ) ;
#1929 = ORIENTED_EDGE ( 'NONE', *, *, #1731, .F. ) ;
#1930 = EDGE_CURVE ( 'NONE', #102, #1131, #5060, .T. ) ;
#1931 = ORIENTED_EDGE ( 'NONE', *, *, #506, .F. ) ;
#1932 = DIRECTION ( 'NONE',  ( -1.476106168397682638E-05, 0.7518314750848393846, 0.6593553160882724695 ) ) ;
#1933 = CARTESIAN_POINT ( 'NONE',  ( 108.0000492667939511, -139.0000642079358215, 0.000000000000000000 ) ) ;
#1934 = CARTESIAN_POINT ( 'NONE',  ( 101.0040248452708056, 0.000000000000000000, -2.750000000000002665 ) ) ;
#1935 = CIRCLE ( 'NONE', #2324, 8.000000000000007105 ) ;
#1936 = CARTESIAN_POINT ( 'NONE',  ( 143.1945612729249717, -121.6868953182585074, -2.750000000000002665 ) ) ;
#1937 = EDGE_CURVE ( 'NONE', #1883, #5439, #1678, .T. ) ;
#1938 = EDGE_LOOP ( 'NONE', ( #3651, #2878, #4743, #2522 ) ) ;
#1939 = EDGE_CURVE ( 'NONE', #2553, #2655, #6046, .T. ) ;
#1940 = AXIS2_PLACEMENT_3D ( 'NONE', #3210, #2230, #1256 ) ;
#1941 = CARTESIAN_POINT ( 'NONE',  ( 107.9815533684557352, -138.9500309607401789, 3.500000000000000000 ) ) ;
#1942 = CARTESIAN_POINT ( 'NONE',  ( 107.9800631888001590, -63.05007250392394269, 3.500000000000000000 ) ) ;
#1943 = VECTOR ( 'NONE', #960, 1000.000000000000114 ) ;
#1944 = CARTESIAN_POINT ( 'NONE',  ( 158.7191893698323781, -74.45132521296872596, 3.500000000000000000 ) ) ;
#1945 = CARTESIAN_POINT ( 'NONE',  ( 139.7795508170041217, -59.74943891916605310, -4.250000000000161648 ) ) ;
#1946 = DIRECTION ( 'NONE',  ( -6.262789326926269514E-06, 0.9999999999803887984, 5.834239919432853592E-14 ) ) ;
#1947 = ORIENTED_EDGE ( 'NONE', *, *, #3476, .F. ) ;
#1948 = ORIENTED_EDGE ( 'NONE', *, *, #276, .T. ) ;
#1949 = CARTESIAN_POINT ( 'NONE',  ( 103.2438046415254860, -144.1057646489858257, 3.333112572981646871 ) ) ;
#1950 = CARTESIAN_POINT ( 'NONE',  ( 141.9761257674710464, -146.0007789468737371, -4.725735931288185476 ) ) ;
#1951 = CARTESIAN_POINT ( 'NONE',  ( 129.4315735045260851, -111.7284643807379894, 4.000000000000017764 ) ) ;
#1952 = ORIENTED_EDGE ( 'NONE', *, *, #2262, .F. ) ;
#1953 = ORIENTED_EDGE ( 'NONE', *, *, #2084, .F. ) ;
#1954 = ORIENTED_EDGE ( 'NONE', *, *, #1304, .F. ) ;
#1955 = EDGE_LOOP ( 'NONE', ( #4760, #4722, #1704 ) ) ;
#1956 = CARTESIAN_POINT ( 'NONE',  ( 143.2203939651227245, -97.75144224305886098, 3.500000000000000000 ) ) ;
#1957 = CARTESIAN_POINT ( 'NONE',  ( 139.7795508170041217, -59.74943891916605310, -4.250000000000161648 ) ) ;
#1958 = PLANE ( 'NONE',  #367 ) ;
#1959 = ORIENTED_EDGE ( 'NONE', *, *, #4561, .F. ) ;
#1960 = EDGE_CURVE ( 'NONE', #1460, #1502, #3949, .T. ) ;
#1961 = ORIENTED_EDGE ( 'NONE', *, *, #4234, .T. ) ;
#1962 = DIRECTION ( 'NONE',  ( 0.9999999998072633955, -1.963347129720719665E-05, 0.000000000000000000 ) ) ;
#1963 = CARTESIAN_POINT ( 'NONE',  ( 143.1944786988996725, -121.6868928208420328, 1.250000000000000000 ) ) ;
#1964 = DIRECTION ( 'NONE',  ( -1.000000000000000000, 0.000000000000000000, 0.000000000000000000 ) ) ;
#1965 = DIRECTION ( 'NONE',  ( -1.615294636882064409E-05, 0.9999999998695411341, 0.000000000000000000 ) ) ;
#1966 = EDGE_CURVE ( 'NONE', #4889, #4337, #2714, .T. ) ;
#1967 = CIRCLE ( 'NONE', #465, 8.000000000000007105 ) ;
#1968 = ADVANCED_FACE ( 'NONE', ( #2748 ), #3722, .T. ) ;
#1969 = ADVANCED_FACE ( 'NONE', ( #4265 ), #5245, .F. ) ;
#1970 = CARTESIAN_POINT ( 'NONE',  ( 100.9812338495246138, -122.6759051497498660, 3.500000000000000000 ) ) ;
#1971 = CARTESIAN_POINT ( 'NONE',  ( 105.6383751220752742, -144.3005804079244285, -2.750000000000000000 ) ) ;
#1972 = VECTOR ( 'NONE', #3146, 1000.000000000000000 ) ;
#1973 = CARTESIAN_POINT ( 'NONE',  ( 108.0000492667939511, -139.0000642079358215, 1.775483399593917433 ) ) ;
#1974 = DIRECTION ( 'NONE',  ( 0.000000000000000000, -0.7071067811865475727, -0.7071067811865475727 ) ) ;
#1975 = AXIS2_PLACEMENT_3D ( 'NONE', #2283, #5138, #775 ) ;
#1976 = LINE ( 'NONE', #3897, #3627 ) ;
#1977 = VECTOR ( 'NONE', #1425, 1000.000000000000114 ) ;
#1978 = VERTEX_POINT ( 'NONE', #3182 ) ;
#1979 = ORIENTED_EDGE ( 'NONE', *, *, #5222, .F. ) ;
#1980 = EDGE_CURVE ( 'NONE', #4183, #4714, #4679, .T. ) ;
#1981 = LINE ( 'NONE', #4322, #4082 ) ;
#1982 = CARTESIAN_POINT ( 'NONE',  ( 143.1944786988996725, -121.6868928208420328, 0.000000000000000000 ) ) ;
#1983 = CARTESIAN_POINT ( 'NONE',  ( 143.2203939651227529, -4.325469606319817669E-14, 3.000000000000000000 ) ) ;
#1984 = VERTEX_POINT ( 'NONE', #5663 ) ;
#1985 = EDGE_LOOP ( 'NONE', ( #4651, #3711, #4730, #435, #4164, #237 ) ) ;
#1986 = EDGE_LOOP ( 'NONE', ( #3217, #1754, #6140, #659 ) ) ;
#1987 = ORIENTED_EDGE ( 'NONE', *, *, #3427, .F. ) ;
#1988 = CIRCLE ( 'NONE', #1285, 2.500050406356130850 ) ;
#1989 = DIRECTION ( 'NONE',  ( -0.000000000000000000, -0.000000000000000000, -1.000000000000000000 ) ) ;
#1990 = ORIENTED_EDGE ( 'NONE', *, *, #1665, .F. ) ;
#1991 = PLANE ( 'NONE',  #3031 ) ;
#1992 = FACE_OUTER_BOUND ( 'NONE', #2836, .T. ) ;
#1993 = ORIENTED_EDGE ( 'NONE', *, *, #5997, .T. ) ;
#1994 = AXIS2_PLACEMENT_3D ( 'NONE', #2619, #6015, #5157 ) ;
#1995 = VERTEX_POINT ( 'NONE', #6166 ) ;
#1996 = LINE ( 'NONE', #3917, #3843 ) ;
#1997 = CARTESIAN_POINT ( 'NONE',  ( 142.2501766746333942, -58.36544902162697923, 4.470217290489286732 ) ) ;
#1998 = DIRECTION ( 'NONE',  ( 0.000000000000000000, 0.000000000000000000, 1.000000000000000000 ) ) ;
#1999 = FACE_BOUND ( 'NONE', #3406, .T. ) ;
#2000 = ORIENTED_EDGE ( 'NONE', *, *, #3616, .T. ) ;
#2001 = ADVANCED_FACE ( 'NONE', ( #5725 ), #825, .T. ) ;
#2002 = LINE ( 'NONE', #959, #3153 ) ;
#2003 = CARTESIAN_POINT ( 'NONE',  ( 102.6275153932645310, -60.72598359821652991, 4.336808689942017736E-16 ) ) ;
#2004 = PLANE ( 'NONE',  #5939 ) ;
#2005 = CARTESIAN_POINT ( 'NONE',  ( 102.8706101777262489, -141.7370422481071159, -2.750000000000000000 ) ) ;
#2006 = LINE ( 'NONE', #2540, #513 ) ;
#2007 = EDGE_CURVE ( 'NONE', #2078, #4961, #4197, .T. ) ;
#2008 = ORIENTED_EDGE ( 'NONE', *, *, #5887, .T. ) ;
#2009 = ORIENTED_EDGE ( 'NONE', *, *, #974, .T. ) ;
#2010 = EDGE_CURVE ( 'NONE', #4544, #2439, #2240, .T. ) ;
#2011 = CARTESIAN_POINT ( 'NONE',  ( 99.98006319034203671, -63.05022957169427400, 2.499999999999976463 ) ) ;
#2012 = CARTESIAN_POINT ( 'NONE',  ( 143.2296012231282702, -59.74943891916605310, -5.449999999998964562 ) ) ;
#2013 = LINE ( 'NONE', #5974, #6088 ) ;
#2014 = EDGE_CURVE ( 'NONE', #3535, #4238, #1935, .T. ) ;
#2015 = EDGE_CURVE ( 'NONE', #285, #339, #1354, .T. ) ;
#2016 = EDGE_LOOP ( 'NONE', ( #2580, #5213, #3142, #5824 ) ) ;
#2017 = ORIENTED_EDGE ( 'NONE', *, *, #4642, .T. ) ;
#2018 = ADVANCED_FACE ( 'NONE', ( #4709 ), #1295, .F. ) ;
#2019 = ORIENTED_EDGE ( 'NONE', *, *, #1237, .F. ) ;
#2020 = VERTEX_POINT ( 'NONE', #6078 ) ;
#2021 = CARTESIAN_POINT ( 'NONE',  ( 107.7002571999147165, -57.25275941472119001, -2.750000000000000000 ) ) ;
#2022 = ORIENTED_EDGE ( 'NONE', *, *, #6072, .T. ) ;
#2023 = CIRCLE ( 'NONE', #1712, 7.999999999999992895 ) ;
#2024 = PLANE ( 'NONE',  #424 ) ;
#2025 = CARTESIAN_POINT ( 'NONE',  ( 106.7000492667939682, -139.0000642079358215, -4.499999999999991118 ) ) ;
#2026 = ORIENTED_EDGE ( 'NONE', *, *, #4124, .F. ) ;
#2027 = CIRCLE ( 'NONE', #5563, 1.299999999999981615 ) ;
#2028 = ORIENTED_EDGE ( 'NONE', *, *, #1595, .T. ) ;
#2029 = LINE ( 'NONE', #2558, #4137 ) ;
#2030 = LINE ( 'NONE', #4373, #2778 ) ;
#2031 = CARTESIAN_POINT ( 'NONE',  ( 139.7044195773284514, -70.25013805109517762, 2.500000000000000000 ) ) ;
#2032 = CONICAL_SURFACE ( 'NONE', #2827, 0.7999999999999812816, 0.7853981633974382870 ) ;
#2033 = VECTOR ( 'NONE', #5857, 1000.000000000000000 ) ;
#2034 = AXIS2_PLACEMENT_3D ( 'NONE', #1879, #4282, #2790 ) ;
#2035 = DIRECTION ( 'NONE',  ( -0.8927008760456436320, 0.4506496931179919674, 0.000000000000000000 ) ) ;
#2036 = CARTESIAN_POINT ( 'NONE',  ( 105.1932597995808862, -144.0591890776443620, -2.750000000000000000 ) ) ;
#2037 = CARTESIAN_POINT ( 'NONE',  ( 139.0970609668463283, -120.1796689633693944, 3.500000000000000000 ) ) ;
#2038 = DIRECTION ( 'NONE',  ( 0.000000000000000000, 0.000000000000000000, -1.000000000000000000 ) ) ;
#2039 = CARTESIAN_POINT ( 'NONE',  ( 109.3000492667944314, -63.00006420793567941, 1.775483399593917433 ) ) ;
#2040 = EDGE_LOOP ( 'NONE', ( #4800, #5089, #1442, #4217, #2135 ) ) ;
#2041 = ORIENTED_EDGE ( 'NONE', *, *, #6072, .F. ) ;
#2042 = VECTOR ( 'NONE', #2246, 1000.000000000000114 ) ;
#2043 = EDGE_CURVE ( 'NONE', #811, #4248, #5603, .T. ) ;
#2044 = DIRECTION ( 'NONE',  ( 1.487396762528545811E-23, -5.727319118494064635E-19, -1.000000000000000000 ) ) ;
#2045 = CARTESIAN_POINT ( 'NONE',  ( 142.2795508170038659, -94.46772382334611962, -2.750000000000000000 ) ) ;
#2046 = DIRECTION ( 'NONE',  ( -1.000000000000000000, 0.000000000000000000, 0.000000000000000000 ) ) ;
#2047 = AXIS2_PLACEMENT_3D ( 'NONE', #518, #3000, #48 ) ;
#2048 = EDGE_CURVE ( 'NONE', #968, #4034, #6137, .T. ) ;
#2049 = EDGE_LOOP ( 'NONE', ( #4860, #1482, #1453, #5468 ) ) ;
#2050 = EDGE_LOOP ( 'NONE', ( #2449, #6252, #4277, #5144 ) ) ;
#2051 = ADVANCED_FACE ( 'NONE', ( #6107 ), #882, .F. ) ;
#2052 = ORIENTED_EDGE ( 'NONE', *, *, #4327, .T. ) ;
#2053 = EDGE_CURVE ( 'NONE', #3046, #4714, #3790, .T. ) ;
#2054 = CARTESIAN_POINT ( 'NONE',  ( 107.9269606685299721, -144.7499906576537114, 0.000000000000000000 ) ) ;
#2055 = ORIENTED_EDGE ( 'NONE', *, *, #820, .F. ) ;
#2056 = LINE ( 'NONE', #1106, #3550 ) ;
#2057 = PLANE ( 'NONE',  #2976 ) ;
#2058 = ORIENTED_EDGE ( 'NONE', *, *, #4831, .T. ) ;
#2059 = VECTOR ( 'NONE', #2657, 1000.000000000000114 ) ;
#2060 = VERTEX_POINT ( 'NONE', #2298 ) ;
#2061 = CARTESIAN_POINT ( 'NONE',  ( 108.0000492667939511, -139.0000642079358215, -2.750000000000000000 ) ) ;
#2062 = FACE_OUTER_BOUND ( 'NONE', #4803, .T. ) ;
#2063 = CYLINDRICAL_SURFACE ( 'NONE', #5307, 1.299999999999981615 ) ;
#2064 = DIRECTION ( 'NONE',  ( 0.7071067810502548179, 1.388296068964591251E-05, 0.7071067811865549002 ) ) ;
#2065 = CARTESIAN_POINT ( 'NONE',  ( 107.9800631888001590, -63.05007250392394269, 3.500000000000000000 ) ) ;
#2066 = DIRECTION ( 'NONE',  ( 0.000000000000000000, 0.000000000000000000, -1.000000000000000000 ) ) ;
#2067 = DIRECTION ( 'NONE',  ( 0.000000000000000000, -1.000000000000000000, 0.000000000000000000 ) ) ;
#2068 = DIRECTION ( 'NONE',  ( 2.597020929432778652E-05, -0.9999999996627739751, -3.653861547250550884E-19 ) ) ;
#2069 = CARTESIAN_POINT ( 'NONE',  ( 143.1945612729249717, -94.46772382334611962, -52.83283138959388481 ) ) ;
#2070 = AXIS2_PLACEMENT_3D ( 'NONE', #1225, #815, #2644 ) ;
#2071 = VERTEX_POINT ( 'NONE', #1767 ) ;
#2072 = VECTOR ( 'NONE', #5713, 1000.000000000000114 ) ;
#2073 = CARTESIAN_POINT ( 'NONE',  ( 107.8942595976835008, -55.05051006204097774, 0.000000000000000000 ) ) ;
#2074 = FACE_OUTER_BOUND ( 'NONE', #2207, .T. ) ;
#2075 = DIRECTION ( 'NONE',  ( -0.3876575835955765048, 0.9218034486162647312, -0.000000000000000000 ) ) ;
#2076 = VECTOR ( 'NONE', #2798, 1000.000000000000000 ) ;
#2077 = ORIENTED_EDGE ( 'NONE', *, *, #2153, .F. ) ;
#2078 = VERTEX_POINT ( 'NONE', #2329 ) ;
#2079 = ORIENTED_EDGE ( 'NONE', *, *, #4791, .F. ) ;
#2080 = EDGE_CURVE ( 'NONE', #3460, #5059, #1526, .T. ) ;
#2081 = DIRECTION ( 'NONE',  ( 0.000000000000000000, 0.000000000000000000, 1.000000000000000000 ) ) ;
#2082 = CARTESIAN_POINT ( 'NONE',  ( 107.7002571999147165, -57.25275941472119001, -2.750000000000000000 ) ) ;
#2083 = CARTESIAN_POINT ( 'NONE',  ( 130.5670395002973123, -112.7086260880329291, 3.500000000000000000 ) ) ;
#2084 = EDGE_CURVE ( 'NONE', #2655, #1293, #5635, .T. ) ;
#2085 = ADVANCED_FACE ( 'NONE', ( #5891 ), #2396, .T. ) ;
#2086 = EDGE_LOOP ( 'NONE', ( #2552, #4910, #1222, #1431, #1178, #3691, #5158, #1216, #1069, #194, #2274, #4808, #4738, #2028, #28 ) ) ;
#2087 = FACE_OUTER_BOUND ( 'NONE', #2086, .T. ) ;
#2088 = FACE_OUTER_BOUND ( 'NONE', #2832, .T. ) ;
#2089 = DIRECTION ( 'NONE',  ( -0.000000000000000000, -0.000000000000000000, -1.000000000000000000 ) ) ;
#2090 = CARTESIAN_POINT ( 'NONE',  ( 143.5296012229387941, -59.74947138323227591, -4.250000000000161648 ) ) ;
#2091 = LINE ( 'NONE', #83, #982 ) ;
#2092 = AXIS2_PLACEMENT_3D ( 'NONE', #4163, #3690, #823 ) ;
#2093 = AXIS2_PLACEMENT_3D ( 'NONE', #5227, #4311, #5256 ) ;
#2094 = EDGE_CURVE ( 'NONE', #2349, #1908, #5777, .T. ) ;
#2095 = DIRECTION ( 'NONE',  ( 0.9999999999518158766, -9.816735652869698397E-06, 0.000000000000000000 ) ) ;
#2096 = CARTESIAN_POINT ( 'NONE',  ( 139.7795227047435276, -55.99938851319625854, -4.250000000000161648 ) ) ;
#2097 = CARTESIAN_POINT ( 'NONE',  ( 124.5194325065374557, -89.86180892181911872, 3.000000000000000000 ) ) ;
#2098 = CARTESIAN_POINT ( 'NONE',  ( 133.4290498155424984, -128.4856003521690866, 3.000000000000000000 ) ) ;
#2099 = DIRECTION ( 'NONE',  ( -1.963347129017993688E-05, 0.9999999998072632845, 0.000000000000000000 ) ) ;
#2100 = ORIENTED_EDGE ( 'NONE', *, *, #5376, .T. ) ;
#2101 = DIRECTION ( 'NONE',  ( -0.000000000000000000, -0.000000000000000000, 1.000000000000000000 ) ) ;
#2102 = DIRECTION ( 'NONE',  ( -0.8159799138624684867, 0.5780802540936668121, -0.000000000000000000 ) ) ;
#2103 = DIRECTION ( 'NONE',  ( 0.9999999996627741972, -2.597020567951150872E-05, 4.382459299920693870E-14 ) ) ;
#2104 = CONICAL_SURFACE ( 'NONE', #795, 0.7999999999999951594, 0.7853981633974391752 ) ;
#2105 = ORIENTED_EDGE ( 'NONE', *, *, #5364, .F. ) ;
#2106 = ORIENTED_EDGE ( 'NONE', *, *, #2501, .T. ) ;
#2107 = ORIENTED_EDGE ( 'NONE', *, *, #5215, .T. ) ;
#2108 = ORIENTED_EDGE ( 'NONE', *, *, #5607, .T. ) ;
#2109 = DIRECTION ( 'NONE',  ( 0.8159799138624684867, -0.5780802540936668121, 0.000000000000000000 ) ) ;
#2110 = CARTESIAN_POINT ( 'NONE',  ( 101.0040248452708056, -121.6868953182584931, -2.750000000000002665 ) ) ;
#2111 = DIRECTION ( 'NONE',  ( 1.776973159546526444E-06, 0.9999999999984212629, -3.653400955315203996E-20 ) ) ;
#2112 = VERTEX_POINT ( 'NONE', #4364 ) ;
#2113 = FACE_OUTER_BOUND ( 'NONE', #5558, .T. ) ;
#2114 = EDGE_CURVE ( 'NONE', #945, #2635, #4833, .T. ) ;
#2115 = CARTESIAN_POINT ( 'NONE',  ( 78.67869900974923780, -115.5773761665220860, 3.500000000000000000 ) ) ;
#2116 = DIRECTION ( 'NONE',  ( 0.000000000000000000, 0.000000000000000000, -1.000000000000000000 ) ) ;
#2117 = CARTESIAN_POINT ( 'NONE',  ( 143.2203939651227529, -4.325469606319817669E-14, 3.500000000000000000 ) ) ;
#2118 = AXIS2_PLACEMENT_3D ( 'NONE', #2285, #777, #2699 ) ;
#2119 = ADVANCED_FACE ( 'NONE', ( #2899 ), #1991, .T. ) ;
#2120 = CARTESIAN_POINT ( 'NONE',  ( 108.0000492667944201, -63.00006420793567941, -2.750000000000000000 ) ) ;
#2121 = CARTESIAN_POINT ( 'NONE',  ( 90.48516700814778346, -138.3643898457407602, -35.71257753901552690 ) ) ;
#2122 = CARTESIAN_POINT ( 'NONE',  ( 141.7204432326926451, -55.04940756665430257, 2.500000000000000000 ) ) ;
#2123 = EDGE_CURVE ( 'NONE', #4312, #3951, #1550, .T. ) ;
#2124 = DIRECTION ( 'NONE',  ( -0.6999741004975015279, -0.1001811291247840241, -0.7071067811865454633 ) ) ;
#2125 = ADVANCED_FACE ( 'NONE', ( #4335 ), #3472, .F. ) ;
#2126 = VECTOR ( 'NONE', #5500, 1000.000000000000000 ) ;
#2127 = EDGE_LOOP ( 'NONE', ( #3016, #3498, #3439, #1633 ) ) ;
#2128 = LINE ( 'NONE', #5877, #1467 ) ;
#2129 = CARTESIAN_POINT ( 'NONE',  ( 144.2203939651227813, -55.04935829908445299, 0.000000000000000000 ) ) ;
#2130 = CARTESIAN_POINT ( 'NONE',  ( 107.9816026354566532, -63.05003324744097881, 0.000000000000000000 ) ) ;
#2131 = ORIENTED_EDGE ( 'NONE', *, *, #3820, .T. ) ;
#2132 = CIRCLE ( 'NONE', #5681, 2.000000000000015543 ) ;
#2133 = ORIENTED_EDGE ( 'NONE', *, *, #5601, .T. ) ;
#2134 = EDGE_LOOP ( 'NONE', ( #1834, #1602, #4696, #780 ) ) ;
#2135 = ORIENTED_EDGE ( 'NONE', *, *, #1808, .F. ) ;
#2136 = AXIS2_PLACEMENT_3D ( 'NONE', #2555, #167, #139 ) ;
#2137 = CARTESIAN_POINT ( 'NONE',  ( 143.2296012231282702, -59.74943891916605310, -5.449999999998964562 ) ) ;
#2138 = DIRECTION ( 'NONE',  ( 0.7071067811865288100, -2.135567991238590780E-16, 0.7071067811865663355 ) ) ;
#2139 = DIRECTION ( 'NONE',  ( 0.000000000000000000, 0.000000000000000000, -1.000000000000000000 ) ) ;
#2140 = ORIENTED_EDGE ( 'NONE', *, *, #5489, .F. ) ;
#2141 = CARTESIAN_POINT ( 'NONE',  ( 107.8288984042186627, -60.55470132182152554, -2.750000000000000000 ) ) ;
#2142 = FACE_OUTER_BOUND ( 'NONE', #538, .T. ) ;
#2143 = ORIENTED_EDGE ( 'NONE', *, *, #5687, .F. ) ;
#2144 = CARTESIAN_POINT ( 'NONE',  ( 142.2773813781882097, -56.77415621722656169, -2.750000000000000000 ) ) ;
#2145 = LINE ( 'NONE', #793, #2289 ) ;
#2146 = ORIENTED_EDGE ( 'NONE', *, *, #2420, .F. ) ;
#2147 = PLANE ( 'NONE',  #1036 ) ;
#2148 = DIRECTION ( 'NONE',  ( 0.000000000000000000, 0.000000000000000000, 1.000000000000000000 ) ) ;
#2149 = EDGE_CURVE ( 'NONE', #4707, #6112, #450, .T. ) ;
#2150 = CARTESIAN_POINT ( 'NONE',  ( 139.7604409511351662, -117.0802718966275080, 5.024342826097027981 ) ) ;
#2151 = CARTESIAN_POINT ( 'NONE',  ( 100.9286120173225072, -136.7410211255456431, -4.250000000000198064 ) ) ;
#2152 = ADVANCED_FACE ( 'NONE', ( #5313 ), #978, .F. ) ;
#2153 = EDGE_CURVE ( 'NONE', #1882, #3969, #3641, .T. ) ;
#2154 = CARTESIAN_POINT ( 'NONE',  ( 107.6939446901550355, -144.7474444724507521, -2.750000000000000000 ) ) ;
#2155 = EDGE_CURVE ( 'NONE', #134, #3528, #1486, .T. ) ;
#2156 = CARTESIAN_POINT ( 'NONE',  ( 107.8942103304398046, -146.9495541461375296, 2.499999999999976019 ) ) ;
#2157 = CARTESIAN_POINT ( 'NONE',  ( 104.6541176665219695, -70.25013805109517762, 2.499999999999999112 ) ) ;
#2158 = VECTOR ( 'NONE', #5363, 1000.000000000000114 ) ;
#2159 = FACE_OUTER_BOUND ( 'NONE', #263, .T. ) ;
#2160 = ORIENTED_EDGE ( 'NONE', *, *, #5215, .F. ) ;
#2161 = VERTEX_POINT ( 'NONE', #3342 ) ;
#2162 = VERTEX_POINT ( 'NONE', #4393 ) ;
#2163 = AXIS2_PLACEMENT_3D ( 'NONE', #5519, #1571, #2633 ) ;
#2164 = EDGE_CURVE ( 'NONE', #3948, #4889, #10, .T. ) ;
#2165 = ORIENTED_EDGE ( 'NONE', *, *, #1312, .T. ) ;
#2166 = PLANE ( 'NONE',  #213 ) ;
#2167 = CARTESIAN_POINT ( 'NONE',  ( 103.6541176665219695, -86.56944730317847814, 3.500000000000000000 ) ) ;
#2168 = VECTOR ( 'NONE', #5485, 1000.000000000000000 ) ;
#2169 = CARTESIAN_POINT ( 'NONE',  ( 139.7044195773284514, -85.56944730317847814, 1.250000000000000000 ) ) ;
#2170 = DIRECTION ( 'NONE',  ( 0.9235993073262013242, -0.3833592564508662703, 0.000000000000000000 ) ) ;
#2171 = CIRCLE ( 'NONE', #568, 0.4999999999999726885 ) ;
#2172 = CIRCLE ( 'NONE', #5715, 1.999999999999960032 ) ;
#2173 = VERTEX_POINT ( 'NONE', #2360 ) ;
#2174 = DIRECTION ( 'NONE',  ( 0.000000000000000000, 0.000000000000000000, -1.000000000000000000 ) ) ;
#2175 = DIRECTION ( 'NONE',  ( 0.4718347455293017134, -0.8816870039369407719, -0.000000000000000000 ) ) ;
#2176 = DIRECTION ( 'NONE',  ( 3.020149216579562146E-16, 1.000000000000000000, 0.000000000000000000 ) ) ;
#2177 = VERTEX_POINT ( 'NONE', #3913 ) ;
#2178 = ORIENTED_EDGE ( 'NONE', *, *, #1858, .F. ) ;
#2179 = CARTESIAN_POINT ( 'NONE',  ( 102.8277838903362635, -101.6635976098961009, 3.000000000000000000 ) ) ;
#2180 = LINE ( 'NONE', #6020, #3654 ) ;
#2181 = CARTESIAN_POINT ( 'NONE',  ( 105.6271095438378609, -57.70625792681313726, -2.750000000000000000 ) ) ;
#2182 = VECTOR ( 'NONE', #5429, 1000.000000000000000 ) ;
#2183 = VECTOR ( 'NONE', #2109, 1000.000000000000114 ) ;
#2184 = DIRECTION ( 'NONE',  ( -0.9999403981746670667, 0.01091787975242307536, 0.000000000000000000 ) ) ;
#2185 = EDGE_CURVE ( 'NONE', #3576, #2949, #5755, .T. ) ;
#2186 = AXIS2_PLACEMENT_3D ( 'NONE', #178, #3481, #5931 ) ;
#2187 = CARTESIAN_POINT ( 'NONE',  ( 107.9572932538461032, -57.24995295872253820, -2.750000000000000000 ) ) ;
#2188 = PLANE ( 'NONE',  #4698 ) ;
#2189 = EDGE_CURVE ( 'NONE', #4000, #1191, #4895, .T. ) ;
#2190 = LINE ( 'NONE', #1717, #2830 ) ;
#2191 = DIRECTION ( 'NONE',  ( -0.9999999998058088924, 1.970741632085223235E-05, 0.000000000000000000 ) ) ;
#2192 = ORIENTED_EDGE ( 'NONE', *, *, #282, .F. ) ;
#2193 = ORIENTED_EDGE ( 'NONE', *, *, #6042, .T. ) ;
#2194 = ADVANCED_FACE ( 'NONE', ( #3440 ), #2024, .T. ) ;
#2195 = EDGE_LOOP ( 'NONE', ( #4681, #133, #5559, #5807 ) ) ;
#2196 = ORIENTED_EDGE ( 'NONE', *, *, #3894, .T. ) ;
#2197 = CARTESIAN_POINT ( 'NONE',  ( 99.98083291018951968, -102.2547001390916961, 0.000000000000000000 ) ) ;
#2198 = CARTESIAN_POINT ( 'NONE',  ( 108.0000492667939511, -139.0000642079358215, -5.000000000000000000 ) ) ;
#2199 = EDGE_CURVE ( 'NONE', #1260, #1162, #1926, .T. ) ;
#2200 = CARTESIAN_POINT ( 'NONE',  ( 19.48246932708349277, 1.733648118340643585, -29.54796955391275048 ) ) ;
#2201 = DIRECTION ( 'NONE',  ( 0.6534411381966096499, 0.7569773305141438424, 0.000000000000000000 ) ) ;
#2202 = EDGE_CURVE ( 'NONE', #1790, #5035, #106, .T. ) ;
#2203 = EDGE_CURVE ( 'NONE', #134, #2221, #6171, .T. ) ;
#2204 = ORIENTED_EDGE ( 'NONE', *, *, #3321, .T. ) ;
#2205 = VERTEX_POINT ( 'NONE', #5052 ) ;
#2206 = DIRECTION ( 'NONE',  ( 0.000000000000000000, 0.000000000000000000, 1.000000000000000000 ) ) ;
#2207 = EDGE_LOOP ( 'NONE', ( #2731, #937, #6077 ) ) ;
#2208 = DIRECTION ( 'NONE',  ( 0.9999403981746670667, -0.01091787975242307536, 0.000000000000000000 ) ) ;
#2209 = DIRECTION ( 'NONE',  ( 0.000000000000000000, 0.000000000000000000, 1.000000000000000000 ) ) ;
#2210 = ORIENTED_EDGE ( 'NONE', *, *, #2842, .T. ) ;
#2211 = ORIENTED_EDGE ( 'NONE', *, *, #6067, .F. ) ;
#2212 = FACE_OUTER_BOUND ( 'NONE', #1062, .T. ) ;
#2213 = CARTESIAN_POINT ( 'NONE',  ( 128.1434788981945871, -42.88665679452940793, 3.500000000000000000 ) ) ;
#2214 = CARTESIAN_POINT ( 'NONE',  ( 101.0040248452708056, -121.6868928208420328, 1.250000000000000000 ) ) ;
#2215 = CIRCLE ( 'NONE', #3936, 0.4999999999999865663 ) ;
#2216 = LINE ( 'NONE', #742, #3586 ) ;
#2217 = CARTESIAN_POINT ( 'NONE',  ( 139.7044195773284514, -70.25013805109517762, 2.499999999999999112 ) ) ;
#2218 = LINE ( 'NONE', #336, #4604 ) ;
#2219 = PLANE ( 'NONE',  #4250 ) ;
#2220 = CARTESIAN_POINT ( 'NONE',  ( 113.2736474525950570, -132.7421149251948691, 3.500000000000000000 ) ) ;
#2221 = VERTEX_POINT ( 'NONE', #724 ) ;
#2222 = VERTEX_POINT ( 'NONE', #1701 ) ;
#2223 = EDGE_CURVE ( 'NONE', #2686, #2972, #5025, .T. ) ;
#2224 = ORIENTED_EDGE ( 'NONE', *, *, #4674, .T. ) ;
#2225 = VECTOR ( 'NONE', #2929, 1000.000000000000000 ) ;
#2226 = CARTESIAN_POINT ( 'NONE',  ( 105.1689392345624157, -57.95832068211103660, -2.750000000000000000 ) ) ;
#2227 = AXIS2_PLACEMENT_3D ( 'NONE', #204, #701, #5838 ) ;
#2228 = CARTESIAN_POINT ( 'NONE',  ( 139.7793627748839356, -146.0006687926291988, -4.250000000000161648 ) ) ;
#2229 = ADVANCED_FACE ( 'NONE', ( #196 ), #1644, .F. ) ;
#2230 = DIRECTION ( 'NONE',  ( -2.597020567951152228E-05, -0.9999999996627743082, 5.727319112699863953E-19 ) ) ;
#2231 = FACE_OUTER_BOUND ( 'NONE', #5078, .T. ) ;
#2232 = EDGE_CURVE ( 'NONE', #5652, #452, #6008, .T. ) ;
#2233 = ADVANCED_FACE ( 'NONE', ( #666 ), #5444, .T. ) ;
#2234 = VECTOR ( 'NONE', #4126, 1000.000000000000114 ) ;
#2235 = EDGE_LOOP ( 'NONE', ( #3120, #5264, #4321, #2578, #6205 ) ) ;
#2236 = ORIENTED_EDGE ( 'NONE', *, *, #2734, .F. ) ;
#2237 = VECTOR ( 'NONE', #2720, 1000.000000000000000 ) ;
#2238 = DIRECTION ( 'NONE',  ( 0.6785971197235773911, -0.2810905516124272974, -0.6785971197235413088 ) ) ;
#2239 = ORIENTED_EDGE ( 'NONE', *, *, #351, .T. ) ;
#2240 = LINE ( 'NONE', #2266, #4965 ) ;
#2241 = PLANE ( 'NONE',  #587 ) ;
#2242 = ADVANCED_FACE ( 'NONE', ( #3052 ), #258, .T. ) ;
#2243 = VERTEX_POINT ( 'NONE', #2110 ) ;
#2244 = EDGE_LOOP ( 'NONE', ( #3394, #4028, #2667 ) ) ;
#2245 = CARTESIAN_POINT ( 'NONE',  ( 108.0000492667944201, -63.00006420793567941, -5.000000000000000000 ) ) ;
#2246 = DIRECTION ( 'NONE',  ( 3.756702098946128341E-06, 0.3826834323470137966, 0.9238795325111363033 ) ) ;
#2247 = CARTESIAN_POINT ( 'NONE',  ( 100.9812450430809037, -123.2460313447923994, 3.000000000000000000 ) ) ;
#2248 = CARTESIAN_POINT ( 'NONE',  ( 107.9800631888001590, -63.05007250392394269, 3.500000000000000000 ) ) ;
#2249 = CARTESIAN_POINT ( 'NONE',  ( 107.8288984042186627, -60.55470132182152554, -2.750000000000000000 ) ) ;
#2250 = CARTESIAN_POINT ( 'NONE',  ( 141.8895687951549007, -115.1627823267135966, 3.500000000000000000 ) ) ;
#2251 = PLANE ( 'NONE',  #1827 ) ;
#2252 = PLANE ( 'NONE',  #3324 ) ;
#2253 = ORIENTED_EDGE ( 'NONE', *, *, #5326, .T. ) ;
#2254 = ORIENTED_EDGE ( 'NONE', *, *, #3006, .F. ) ;
#2255 = ORIENTED_EDGE ( 'NONE', *, *, #286, .T. ) ;
#2256 = ORIENTED_EDGE ( 'NONE', *, *, #3476, .T. ) ;
#2257 = DIRECTION ( 'NONE',  ( 0.7071182033224566732, -0.7070953588661298417, 0.000000000000000000 ) ) ;
#2258 = DIRECTION ( 'NONE',  ( -0.7071067811865475727, -0.000000000000000000, -0.7071067811865475727 ) ) ;
#2259 = CARTESIAN_POINT ( 'NONE',  ( 107.0750209785604454, -145.9405501968221301, 3.500000000000000000 ) ) ;
#2260 = CARTESIAN_POINT ( 'NONE',  ( -20.42403657133196049, -56.86194952039010531, 3.500000000000000000 ) ) ;
#2261 = VECTOR ( 'NONE', #4984, 1000.000000000000000 ) ;
#2262 = EDGE_CURVE ( 'NONE', #1039, #3522, #2056, .T. ) ;
#2263 = EDGE_LOOP ( 'NONE', ( #1824, #4465, #5606, #5856 ) ) ;
#2264 = ORIENTED_EDGE ( 'NONE', *, *, #2918, .T. ) ;
#2265 = CARTESIAN_POINT ( 'NONE',  ( 126.4074559590071516, -110.6643696989788879, 3.500000000000000000 ) ) ;
#2266 = CARTESIAN_POINT ( 'NONE',  ( 141.7204101189189487, -145.9506566416549163, 3.500000000000000000 ) ) ;
#2267 = CARTESIAN_POINT ( 'NONE',  ( 107.9801124558005796, -138.9499917040118362, 0.000000000000000000 ) ) ;
#2268 = AXIS2_PLACEMENT_3D ( 'NONE', #767, #1299, #4621 ) ;
#2269 = EDGE_CURVE ( 'NONE', #4419, #1035, #638, .T. ) ;
#2270 = ADVANCED_FACE ( 'NONE', ( #4038 ), #1196, .F. ) ;
#2271 = CIRCLE ( 'NONE', #4697, 2.000000000000015543 ) ;
#2272 = ORIENTED_EDGE ( 'NONE', *, *, #4162, .F. ) ;
#2273 = ORIENTED_EDGE ( 'NONE', *, *, #5249, .F. ) ;
#2274 = ORIENTED_EDGE ( 'NONE', *, *, #12, .F. ) ;
#2275 = LINE ( 'NONE', #6085, #5646 ) ;
#2276 = FACE_OUTER_BOUND ( 'NONE', #5758, .T. ) ;
#2277 = CARTESIAN_POINT ( 'NONE',  ( 103.3002139542100366, -60.52924313398717970, -2.750000000000000000 ) ) ;
#2278 = DIRECTION ( 'NONE',  ( -1.776973163029144758E-06, -0.9999999999984211518, -0.000000000000000000 ) ) ;
#2279 = EDGE_CURVE ( 'NONE', #1406, #384, #2645, .T. ) ;
#2280 = AXIS2_PLACEMENT_3D ( 'NONE', #303, #6052, #362 ) ;
#2281 = CARTESIAN_POINT ( 'NONE',  ( 107.9800631888001590, -86.56944730317847814, 3.500000000000000000 ) ) ;
#2282 = DIRECTION ( 'NONE',  ( 0.000000000000000000, 1.000000000000000000, -0.000000000000000000 ) ) ;
#2283 = CARTESIAN_POINT ( 'NONE',  ( 103.3002139542100366, -60.52924313398717970, -2.750000000000000000 ) ) ;
#2284 = CARTESIAN_POINT ( 'NONE',  ( 107.7002665619962585, -56.29907359963328872, -2.750000000000171418 ) ) ;
#2285 = CARTESIAN_POINT ( 'NONE',  ( 107.9816026354598648, -63.05003324718956748, -2.750000000000000000 ) ) ;
#2286 = VERTEX_POINT ( 'NONE', #2169 ) ;
#2287 = VECTOR ( 'NONE', #509, 1000.000000000000114 ) ;
#2288 = EDGE_LOOP ( 'NONE', ( #1639, #3329, #1367, #900 ) ) ;
#2289 = VECTOR ( 'NONE', #1707, 1000.000000000000000 ) ;
#2290 = ORIENTED_EDGE ( 'NONE', *, *, #692, .T. ) ;
#2291 = CARTESIAN_POINT ( 'NONE',  ( 106.8916692708584151, -57.28562795999913959, 0.000000000000000000 ) ) ;
#2292 = CARTESIAN_POINT ( 'NONE',  ( 143.5296012231870577, -142.2507325277244377, -4.250000000000161648 ) ) ;
#2293 = CARTESIAN_POINT ( 'NONE',  ( 107.9452161929179539, -146.9501110552035357, 2.499999999999999556 ) ) ;
#2294 = DIRECTION ( 'NONE',  ( -0.000000000000000000, 0.000000000000000000, -1.000000000000000000 ) ) ;
#2295 = VERTEX_POINT ( 'NONE', #3976 ) ;
#2296 = ORIENTED_EDGE ( 'NONE', *, *, #676, .F. ) ;
#2297 = DIRECTION ( 'NONE',  ( 0.000000000000000000, 0.000000000000000000, -1.000000000000000000 ) ) ;
#2298 = CARTESIAN_POINT ( 'NONE',  ( 133.1343008380138144, -128.9945150926890562, 3.500000000000000000 ) ) ;
#2299 = CARTESIAN_POINT ( 'NONE',  ( 66.48318097969453788, 27.95900723416013989, 4.000000000000017764 ) ) ;
#2300 = PRODUCT_DEFINITION_CONTEXT ( 'detailed design', #4378, 'design' ) ;
#2301 = ORIENTED_EDGE ( 'NONE', *, *, #1744, .T. ) ;
#2302 = ORIENTED_EDGE ( 'NONE', *, *, #3437, .F. ) ;
#2303 = ADVANCED_FACE ( 'NONE', ( #4963 ), #2524, .T. ) ;
#2304 = DIRECTION ( 'NONE',  ( 1.000000000000000000, 0.000000000000000000, 0.000000000000000000 ) ) ;
#2305 = LINE ( 'NONE', #6170, #5586 ) ;
#2306 = CARTESIAN_POINT ( 'NONE',  ( 67.40498442831109571, 28.34666481775570190, 3.000000000000000000 ) ) ;
#2307 = ADVANCED_FACE ( 'NONE', ( #1167 ), #3083, .F. ) ;
#2308 = ORIENTED_EDGE ( 'NONE', *, *, #4370, .F. ) ;
#2309 = EDGE_CURVE ( 'NONE', #2792, #6227, #6039, .T. ) ;
#2310 = CARTESIAN_POINT ( 'NONE',  ( 143.6261406301447039, -143.6307808262069727, 3.000000000000000000 ) ) ;
#2311 = CARTESIAN_POINT ( 'NONE',  ( 102.1840838479294291, -62.76896728882534404, -2.750000000000000000 ) ) ;
#2312 = LINE ( 'NONE', #3290, #5712 ) ;
#2313 = PLANE ( 'NONE',  #2325 ) ;
#2314 = EDGE_CURVE ( 'NONE', #5652, #2732, #4007, .T. ) ;
#2315 = DIRECTION ( 'NONE',  ( -0.000000000000000000, -0.000000000000000000, 1.000000000000000000 ) ) ;
#2316 = ORIENTED_EDGE ( 'NONE', *, *, #3228, .F. ) ;
#2317 = ORIENTED_EDGE ( 'NONE', *, *, #5688, .T. ) ;
#2318 = EDGE_LOOP ( 'NONE', ( #4345, #3366, #6184, #4096 ) ) ;
#2319 = VECTOR ( 'NONE', #5079, 999.9999999999998863 ) ;
#2320 = CARTESIAN_POINT ( 'NONE',  ( 105.1689392345624157, -57.95832068211104371, 0.000000000000000000 ) ) ;
#2321 = PLANE ( 'NONE',  #4151 ) ;
#2322 = PLANE ( 'NONE',  #1364 ) ;
#2323 = AXIS2_PLACEMENT_3D ( 'NONE', #5030, #2649, #232 ) ;
#2324 = AXIS2_PLACEMENT_3D ( 'NONE', #4165, #3758, #5693 ) ;
#2325 = AXIS2_PLACEMENT_3D ( 'NONE', #3291, #5232, #4556 ) ;
#2326 = ORIENTED_EDGE ( 'NONE', *, *, #3624, .T. ) ;
#2327 = VERTEX_POINT ( 'NONE', #5470 ) ;
#2328 = DIRECTION ( 'NONE',  ( -1.000000000000000000, 0.000000000000000000, 0.000000000000000000 ) ) ;
#2329 = CARTESIAN_POINT ( 'NONE',  ( 101.0040248452708056, -67.25020683058068016, 1.250000000000000000 ) ) ;
#2330 = CYLINDRICAL_SURFACE ( 'NONE', #3286, 1.300000000000009592 ) ;
#2331 = ORIENTED_EDGE ( 'NONE', *, *, #3148, .T. ) ;
#2332 = ORIENTED_EDGE ( 'NONE', *, *, #4608, .F. ) ;
#2333 = AXIS2_PLACEMENT_3D ( 'NONE', #2217, #305, #2282 ) ;
#2334 = LINE ( 'NONE', #4902, #2822 ) ;
#2335 = CARTESIAN_POINT ( 'NONE',  ( 105.0780741684001782, -143.2661015698813003, -2.750000000000000000 ) ) ;
#2336 = CARTESIAN_POINT ( 'NONE',  ( 107.9269606685299721, -144.7499906576537114, -2.750000000000000000 ) ) ;
#2337 = DIRECTION ( 'NONE',  ( -0.3876575835955765603, 0.9218034486162646202, 0.000000000000000000 ) ) ;
#2338 = VECTOR ( 'NONE', #1426, 1000.000000000000114 ) ;
#2339 = ORIENTED_EDGE ( 'NONE', *, *, #737, .F. ) ;
#2340 = EDGE_CURVE ( 'NONE', #1556, #60, #4993, .T. ) ;
#2341 = CARTESIAN_POINT ( 'NONE',  ( 100.9286387681009813, -121.6868947851666576, -4.250000000000198064 ) ) ;
#2342 = PLANE ( 'NONE',  #2639 ) ;
#2343 = CARTESIAN_POINT ( 'NONE',  ( 143.2203939651227245, -120.1246736313613326, 5.584119422034531155 ) ) ;
#2344 = LINE ( 'NONE', #1404, #2631 ) ;
#2345 = LINE ( 'NONE', #3805, #812 ) ;
#2346 = EDGE_CURVE ( 'NONE', #672, #4884, #332, .T. ) ;
#2347 = ORIENTED_EDGE ( 'NONE', *, *, #5481, .F. ) ;
#2348 = EDGE_CURVE ( 'NONE', #2637, #1191, #6159, .T. ) ;
#2349 = VERTEX_POINT ( 'NONE', #5685 ) ;
#2350 = EDGE_LOOP ( 'NONE', ( #3795, #2544, #1947, #2993 ) ) ;
#2351 = DIRECTION ( 'NONE',  ( 0.000000000000000000, 0.000000000000000000, -1.000000000000000000 ) ) ;
#2352 = EDGE_CURVE ( 'NONE', #2987, #2579, #3717, .T. ) ;
#2353 = CARTESIAN_POINT ( 'NONE',  ( 125.4446089972137912, -110.9544307087138577, 3.500000000000000000 ) ) ;
#2354 = CARTESIAN_POINT ( 'NONE',  ( 30.59205374482030493, -148.4892534721319919, 3.500000000000000000 ) ) ;
#2355 = DIRECTION ( 'NONE',  ( 1.000000000000000000, 0.000000000000000000, 0.000000000000000000 ) ) ;
#2356 = VERTEX_POINT ( 'NONE', #6192 ) ;
#2357 = ORIENTED_EDGE ( 'NONE', *, *, #692, .F. ) ;
#2358 = ORIENTED_EDGE ( 'NONE', *, *, #3979, .F. ) ;
#2359 = DIRECTION ( 'NONE',  ( -1.000000000000000000, 0.000000000000000000, 0.000000000000000000 ) ) ;
#2360 = CARTESIAN_POINT ( 'NONE',  ( 132.4081489849381796, -127.5128973733520894, 3.500000000000000000 ) ) ;
#2361 = DIRECTION ( 'NONE',  ( -0.000000000000000000, -0.000000000000000000, 1.000000000000000000 ) ) ;
#2362 = UNCERTAINTY_MEASURE_WITH_UNIT (LENGTH_MEASURE( 1.000000000000000082E-05 ), #5165, 'distance_accuracy_value', 'NONE');
#2363 = AXIS2_PLACEMENT_3D ( 'NONE', #156, #98, #1098 ) ;
#2364 = ORIENTED_EDGE ( 'NONE', *, *, #5101, .F. ) ;
#2365 = ORIENTED_EDGE ( 'NONE', *, *, #5369, .T. ) ;
#2366 = ORIENTED_EDGE ( 'NONE', *, *, #1731, .T. ) ;
#2367 = CARTESIAN_POINT ( 'NONE',  ( -24.67883698830440764, -34.83501665614687681, 3.500000000000000000 ) ) ;
#2368 = VECTOR ( 'NONE', #1, 1000.000000000000227 ) ;
#2369 = DIRECTION ( 'NONE',  ( 0.000000000000000000, 0.000000000000000000, 1.000000000000000000 ) ) ;
#2370 = DIRECTION ( 'NONE',  ( 0.000000000000000000, 0.000000000000000000, -1.000000000000000000 ) ) ;
#2371 = PLANE ( 'NONE',  #5322 ) ;
#2372 = AXIS2_PLACEMENT_3D ( 'NONE', #4673, #682, #4052 ) ;
#2373 = CIRCLE ( 'NONE', #2979, 7.999999999999979572 ) ;
#2374 = ORIENTED_EDGE ( 'NONE', *, *, #3045, .F. ) ;
#2375 = DIRECTION ( 'NONE',  ( 9.816735652869698397E-06, 0.9999999999518158766, -5.834239919432852329E-14 ) ) ;
#2376 = DIRECTION ( 'NONE',  ( 0.5492157790099150283, 0.4453785222555456946, 0.7071067811865464625 ) ) ;
#2377 = DIRECTION ( 'NONE',  ( 0.4829814486147354646, 0.8756305843756324592, 0.000000000000000000 ) ) ;
#2378 = PLANE ( 'NONE',  #722 ) ;
#2379 = CARTESIAN_POINT ( 'NONE',  ( 124.3069016091210415, -56.55746848286174355, 3.500000000000000000 ) ) ;
#2380 = ORIENTED_EDGE ( 'NONE', *, *, #5423, .F. ) ;
#2381 = ADVANCED_FACE ( 'NONE', ( #2708 ), #1729, .T. ) ;
#2382 = ORIENTED_EDGE ( 'NONE', *, *, #3312, .T. ) ;
#2383 = ORIENTED_EDGE ( 'NONE', *, *, #2662, .F. ) ;
#2384 = ADVANCED_FACE ( 'NONE', ( #4672 ), #290, .T. ) ;
#2385 = FACE_OUTER_BOUND ( 'NONE', #141, .T. ) ;
#2386 = DIRECTION ( 'NONE',  ( 0.000000000000000000, 0.000000000000000000, -1.000000000000000000 ) ) ;
#2387 = DIRECTION ( 'NONE',  ( 0.5352638036110580755, -0.4620526599250927569, 0.7071067811865258124 ) ) ;
#2388 = CARTESIAN_POINT ( 'NONE',  ( 141.7204432326926451, -55.04940756665430257, 2.499999999999976463 ) ) ;
#2389 = VECTOR ( 'NONE', #394, 1000.000000000000000 ) ;
#2390 = ADVANCED_FACE ( 'NONE', ( #1290 ), #2321, .F. ) ;
#2391 = ORIENTED_EDGE ( 'NONE', *, *, #1699, .F. ) ;
#2392 = VERTEX_POINT ( 'NONE', #4734 ) ;
#2393 = VERTEX_POINT ( 'NONE', #5658 ) ;
#2394 = EDGE_CURVE ( 'NONE', #4884, #3659, #3174, .T. ) ;
#2395 = DIRECTION ( 'NONE',  ( 2.597020929432778652E-05, -0.9999999996627739751, -3.653861547250550884E-19 ) ) ;
#2396 = PLANE ( 'NONE',  #4853 ) ;
#2397 = FACE_OUTER_BOUND ( 'NONE', #4428, .T. ) ;
#2398 = EDGE_CURVE ( 'NONE', #521, #121, #3145, .T. ) ;
#2399 = ORIENTED_EDGE ( 'NONE', *, *, #20, .T. ) ;
#2400 = EDGE_LOOP ( 'NONE', ( #1221, #2926, #5498, #398 ) ) ;
#2401 = CIRCLE ( 'NONE', #5443, 0.7999999999999951594 ) ;
#2402 = ORIENTED_EDGE ( 'NONE', *, *, #244, .T. ) ;
#2403 = LINE ( 'NONE', #5762, #21 ) ;
#2404 = CARTESIAN_POINT ( 'NONE',  ( 108.0000492667939511, -139.0000642079358215, -5.000000000000000000 ) ) ;
#2405 = CARTESIAN_POINT ( 'NONE',  ( 99.98006318880014476, -63.05007250392394269, 0.000000000000000000 ) ) ;
#2406 = VECTOR ( 'NONE', #2959, 1000.000000000000114 ) ;
#2407 = DIRECTION ( 'NONE',  ( 6.941480349258772932E-06, 0.7071067811523600311, 0.7071067811866638131 ) ) ;
#2408 = VECTOR ( 'NONE', #6142, 999.9999999999998863 ) ;
#2409 = CARTESIAN_POINT ( 'NONE',  ( 107.9816026354598648, -63.05003324718956748, -2.750000000000000000 ) ) ;
#2410 = DIRECTION ( 'NONE',  ( -1.776973163029144758E-06, -0.9999999999984211518, -0.000000000000000000 ) ) ;
#2411 = CARTESIAN_POINT ( 'NONE',  ( 139.7044195773284514, -70.25013805109517762, 2.499999999999999112 ) ) ;
#2412 = LINE ( 'NONE', #3804, #923 ) ;
#2413 = FACE_BOUND ( 'NONE', #4551, .T. ) ;
#2414 = ORIENTED_EDGE ( 'NONE', *, *, #1125, .T. ) ;
#2415 = ORIENTED_EDGE ( 'NONE', *, *, #1190, .F. ) ;
#2416 = CARTESIAN_POINT ( 'NONE',  ( 101.2287390211994449, -65.26896559120720553, -2.750000000000182965 ) ) ;
#2417 = CARTESIAN_POINT ( 'NONE',  ( 142.2773813781882097, -56.77415621722656169, -5.449999999999006306 ) ) ;
#2418 = CARTESIAN_POINT ( 'NONE',  ( 143.1945612729249717, -94.46772382334611962, -2.750000000000002665 ) ) ;
#2419 = CIRCLE ( 'NONE', #907, 2.000000000000001776 ) ;
#2420 = EDGE_CURVE ( 'NONE', #4034, #4419, #1794, .T. ) ;
#2421 = VERTEX_POINT ( 'NONE', #1319 ) ;
#2422 = AXIS2_PLACEMENT_3D ( 'NONE', #4968, #6011, #1141 ) ;
#2423 = VERTEX_POINT ( 'NONE', #5117 ) ;
#2424 = EDGE_CURVE ( 'NONE', #3599, #5035, #1347, .T. ) ;
#2425 = FACE_OUTER_BOUND ( 'NONE', #376, .T. ) ;
#2426 = DIRECTION ( 'NONE',  ( -1.000000000000000000, 0.000000000000000000, -0.000000000000000000 ) ) ;
#2427 = CARTESIAN_POINT ( 'NONE',  ( 102.0733168307362888, -100.8613277843742821, 3.500000000000000000 ) ) ;
#2428 = ADVANCED_FACE ( 'NONE', ( #3266 ), #3655, .T. ) ;
#2429 = ORIENTED_EDGE ( 'NONE', *, *, #2663, .T. ) ;
#2430 = EDGE_CURVE ( 'NONE', #1238, #2393, #4189, .T. ) ;
#2431 = VERTEX_POINT ( 'NONE', #753 ) ;
#2432 = AXIS2_PLACEMENT_3D ( 'NONE', #1912, #3258, #1438 ) ;
#2433 = ORIENTED_EDGE ( 'NONE', *, *, #5990, .F. ) ;
#2434 = DIRECTION ( 'NONE',  ( -1.000000000000000000, 0.000000000000000000, 0.000000000000000000 ) ) ;
#2435 = CARTESIAN_POINT ( 'NONE',  ( 109.3000492667944314, -63.00006420793567941, -4.499999999999975131 ) ) ;
#2436 = LINE ( 'NONE', #3919, #4771 ) ;
#2437 = DIRECTION ( 'NONE',  ( 0.000000000000000000, 0.000000000000000000, 1.000000000000000000 ) ) ;
#2438 = EDGE_CURVE ( 'NONE', #5015, #561, #817, .T. ) ;
#2439 = VERTEX_POINT ( 'NONE', #5181 ) ;
#2440 = VECTOR ( 'NONE', #874, 1000.000000000000114 ) ;
#2441 = CARTESIAN_POINT ( 'NONE',  ( 107.9815533684557352, -138.9500309607401789, 0.000000000000000000 ) ) ;
#2442 = CARTESIAN_POINT ( 'NONE',  ( 102.1787434634780425, -62.76896727933561948, -5.449999999999011635 ) ) ;
#2443 = VECTOR ( 'NONE', #774, 1000.000000000000114 ) ;
#2444 = LINE ( 'NONE', #5356, #2679 ) ;
#2445 = CARTESIAN_POINT ( 'NONE',  ( 141.7204432326926451, -55.04940756665430257, 2.499999999999999112 ) ) ;
#2446 = DIRECTION ( 'NONE',  ( -0.9999999999803886874, -6.262789326926268667E-06, 0.000000000000000000 ) ) ;
#2447 = ORIENTED_EDGE ( 'NONE', *, *, #207, .T. ) ;
#2448 = EDGE_LOOP ( 'NONE', ( #4647, #3771, #172, #5028 ) ) ;
#2449 = ORIENTED_EDGE ( 'NONE', *, *, #2155, .F. ) ;
#2450 = LINE ( 'NONE', #998, #365 ) ;
#2451 = CARTESIAN_POINT ( 'NONE',  ( 102.8595053415024552, -60.29307387543443042, 0.000000000000000000 ) ) ;
#2452 = DIRECTION ( 'NONE',  ( 1.000000000000000000, 0.000000000000000000, -0.000000000000000000 ) ) ;
#2453 = ORIENTED_EDGE ( 'NONE', *, *, #2501, .F. ) ;
#2454 = EDGE_LOOP ( 'NONE', ( #5859, #6059, #5048, #6049 ) ) ;
#2455 = ORIENTED_EDGE ( 'NONE', *, *, #1341, .T. ) ;
#2456 = ORIENTED_EDGE ( 'NONE', *, *, #2398, .T. ) ;
#2457 = DIRECTION ( 'NONE',  ( 0.2390314307210914258, 0.6654802590065540535, 0.7071067811865459074 ) ) ;
#2458 = ORIENTED_EDGE ( 'NONE', *, *, #4339, .T. ) ;
#2459 = DIRECTION ( 'NONE',  ( -0.000000000000000000, -0.000000000000000000, 1.000000000000000000 ) ) ;
#2460 = LINE ( 'NONE', #5378, #6016 ) ;
#2461 = EDGE_LOOP ( 'NONE', ( #1694, #2131, #4332, #2253, #3558, #5851, #5114, #3785, #201 ) ) ;
#2462 = EDGE_CURVE ( 'NONE', #121, #2921, #845, .T. ) ;
#2463 = VERTEX_POINT ( 'NONE', #1822 ) ;
#2464 = ORIENTED_EDGE ( 'NONE', *, *, #2149, .T. ) ;
#2465 = CARTESIAN_POINT ( 'NONE',  ( 107.0013568709072587, -63.73931720310694971, 3.000000000000000000 ) ) ;
#2466 = EDGE_CURVE ( 'NONE', #787, #4707, #3747, .T. ) ;
#2467 = CARTESIAN_POINT ( 'NONE',  ( 105.1689392345624157, -57.95832068211103660, -2.750000000000000000 ) ) ;
#2468 = CARTESIAN_POINT ( 'NONE',  ( 107.8942595976835008, -55.05051006204097774, -2.750000000000000000 ) ) ;
#2469 = DIRECTION ( 'NONE',  ( 0.04854659169788985013, 0.9153982172881035551, -0.3996114765872975094 ) ) ;
#2470 = ADVANCED_FACE ( 'NONE', ( #2797 ), #5239, .F. ) ;
#2471 = EDGE_CURVE ( 'NONE', #822, #5637, #4854, .T. ) ;
#2472 = ORIENTED_EDGE ( 'NONE', *, *, #4414, .F. ) ;
#2473 = DIRECTION ( 'NONE',  ( 0.000000000000000000, 0.000000000000000000, -1.000000000000000000 ) ) ;
#2474 = CARTESIAN_POINT ( 'NONE',  ( 142.3354550194596300, -57.07863291579432996, 4.247210674383024021 ) ) ;
#2475 = VECTOR ( 'NONE', #4326, 1000.000000000000000 ) ;
#2476 = EDGE_CURVE ( 'NONE', #2742, #299, #5783, .T. ) ;
#2477 = DIRECTION ( 'NONE',  ( -0.7071067811865455743, -0.7071067811865494601, -0.000000000000000000 ) ) ;
#2478 = VECTOR ( 'NONE', #2881, 1000.000000000000114 ) ;
#2479 = PLANE ( 'NONE',  #4446 ) ;
#2480 = CIRCLE ( 'NONE', #4087, 2.499999999999988454 ) ;
#2481 = EDGE_CURVE ( 'NONE', #3412, #5235, #534, .T. ) ;
#2482 = EDGE_LOOP ( 'NONE', ( #1392, #2606, #40, #5655 ) ) ;
#2483 = VERTEX_POINT ( 'NONE', #4292 ) ;
#2484 = DIRECTION ( 'NONE',  ( -2.073457552797733375E-19, -5.834239919677126580E-14, 1.000000000000000000 ) ) ;
#2485 = CARTESIAN_POINT ( 'NONE',  ( 143.1945612729249717, -121.6868953182585074, 1.250000000000000000 ) ) ;
#2486 = DIRECTION ( 'NONE',  ( 1.000000000000000000, 0.000000000000000000, 0.000000000000000000 ) ) ;
#2487 = EDGE_LOOP ( 'NONE', ( #383, #6062, #2600, #3783 ) ) ;
#2488 = ORIENTED_EDGE ( 'NONE', *, *, #4294, .T. ) ;
#2489 = ORIENTED_EDGE ( 'NONE', *, *, #632, .F. ) ;
#2490 = ORIENTED_EDGE ( 'NONE', *, *, #286, .F. ) ;
#2491 = VECTOR ( 'NONE', #5583, 1000.000000000000114 ) ;
#2492 = DIRECTION ( 'NONE',  ( -9.816735652869698397E-06, -0.9999999999518158766, -1.284980352513982562E-14 ) ) ;
#2493 = DIRECTION ( 'NONE',  ( 1.000000000000000000, 0.000000000000000000, -0.000000000000000000 ) ) ;
#2494 = DIRECTION ( 'NONE',  ( -0.6534411381966095389, -0.7569773305141438424, 0.000000000000000000 ) ) ;
#2495 = ORIENTED_EDGE ( 'NONE', *, *, #3625, .T. ) ;
#2496 = VECTOR ( 'NONE', #5864, 1000.000000000000114 ) ;
#2497 = ORIENTED_EDGE ( 'NONE', *, *, #5141, .T. ) ;
#2498 = CARTESIAN_POINT ( 'NONE',  ( 139.7795104333291079, -57.24943891949224906, -2.750000000000000000 ) ) ;
#2499 = DIRECTION ( 'NONE',  ( 0.000000000000000000, 0.000000000000000000, -1.000000000000000000 ) ) ;
#2500 = DIRECTION ( 'NONE',  ( -1.000000000000000000, 0.000000000000000000, 0.000000000000000000 ) ) ;
#2501 = EDGE_CURVE ( 'NONE', #1108, #1073, #905, .T. ) ;
#2502 = DIRECTION ( 'NONE',  ( 0.000000000000000000, 0.000000000000000000, -1.000000000000000000 ) ) ;
#2503 = PLANE ( 'NONE',  #6179 ) ;
#2504 = ADVANCED_FACE ( 'NONE', ( #1378 ), #5717, .T. ) ;
#2505 = CARTESIAN_POINT ( 'NONE',  ( 107.9572932538461032, -57.24995295872253820, 0.000000000000000000 ) ) ;
#2506 = DIRECTION ( 'NONE',  ( 0.1416775115021194076, -0.9899128662334715223, 0.000000000000000000 ) ) ;
#2507 = LINE ( 'NONE', #4979, #4548 ) ;
#2508 = ORIENTED_EDGE ( 'NONE', *, *, #6219, .F. ) ;
#2509 = EDGE_CURVE ( 'NONE', #2177, #1206, #4423, .T. ) ;
#2510 = EDGE_LOOP ( 'NONE', ( #2641, #1895 ) ) ;
#2511 = ADVANCED_FACE ( 'NONE', ( #5812 ), #3846, .F. ) ;
#2512 = ORIENTED_EDGE ( 'NONE', *, *, #5460, .F. ) ;
#2513 = DIRECTION ( 'NONE',  ( 0.000000000000000000, 0.000000000000000000, -1.000000000000000000 ) ) ;
#2514 = DIRECTION ( 'NONE',  ( 0.9411312077786265773, -0.3380414911592117266, -0.000000000000000000 ) ) ;
#2515 = FACE_OUTER_BOUND ( 'NONE', #4930, .T. ) ;
#2516 = EDGE_CURVE ( 'NONE', #5660, #1251, #3905, .T. ) ;
#2517 = ORIENTED_EDGE ( 'NONE', *, *, #2114, .T. ) ;
#2518 = EDGE_LOOP ( 'NONE', ( #2239, #3774 ) ) ;
#2519 = EDGE_LOOP ( 'NONE', ( #1640, #5120, #1891 ) ) ;
#2520 = ORIENTED_EDGE ( 'NONE', *, *, #2223, .T. ) ;
#2521 = DIRECTION ( 'NONE',  ( 0.3826834323122410009, 0.000000000000000000, 0.9238795325331775610 ) ) ;
#2522 = ORIENTED_EDGE ( 'NONE', *, *, #5529, .F. ) ;
#2523 = AXIS2_PLACEMENT_3D ( 'NONE', #4452, #3015, #2636 ) ;
#2524 = CYLINDRICAL_SURFACE ( 'NONE', #1641, 7.999999999999992895 ) ;
#2525 = DIRECTION ( 'NONE',  ( -1.615346999861855197E-05, -0.9999999998695326964, 0.000000000000000000 ) ) ;
#2526 = ORIENTED_EDGE ( 'NONE', *, *, #250, .T. ) ;
#2527 = VECTOR ( 'NONE', #4041, 999.9999999999998863 ) ;
#2528 = VERTEX_POINT ( 'NONE', #4765 ) ;
#2529 = CARTESIAN_POINT ( 'NONE',  ( 107.9452654601616644, -55.04995315297496461, -2.750000000000000000 ) ) ;
#2530 = DIRECTION ( 'NONE',  ( -0.9999999998695326964, 1.615346999861855197E-05, 0.000000000000000000 ) ) ;
#2531 = CARTESIAN_POINT ( 'NONE',  ( 123.7568908315799234, -87.92595427783403750, 3.500000000000000000 ) ) ;
#2532 = DIRECTION ( 'NONE',  ( -0.7071067811865404673, 8.659560562354846577E-17, 0.7071067811865545671 ) ) ;
#2533 = CIRCLE ( 'NONE', #4752, 0.7999999999999812816 ) ;
#2534 = VECTOR ( 'NONE', #792, 1000.000000000000227 ) ;
#2535 = AXIS2_PLACEMENT_3D ( 'NONE', #3058, #5507, #5000 ) ;
#2536 = DIRECTION ( 'NONE',  ( -0.000000000000000000, -0.000000000000000000, 1.000000000000000000 ) ) ;
#2537 = CARTESIAN_POINT ( 'NONE',  ( 142.6327061190423251, -144.6241832429986403, 3.499999999999999556 ) ) ;
#2538 = LINE ( 'NONE', #182, #3192 ) ;
#2539 = LINE ( 'NONE', #2098, #3793 ) ;
#2540 = CARTESIAN_POINT ( 'NONE',  ( 142.2773041094859821, -59.74943886081866395, -2.750000000000000000 ) ) ;
#2541 = EDGE_CURVE ( 'NONE', #1741, #6084, #1479, .T. ) ;
#2542 = AXIS2_PLACEMENT_3D ( 'NONE', #3622, #3112, #5981 ) ;
#2543 = VECTOR ( 'NONE', #1715, 1000.000000000000114 ) ;
#2544 = ORIENTED_EDGE ( 'NONE', *, *, #1151, .T. ) ;
#2545 = DIRECTION ( 'NONE',  ( 0.5773502691896257311, -0.5773502691896257311, -0.5773502691896257311 ) ) ;
#2546 = EDGE_CURVE ( 'NONE', #3340, #52, #2954, .T. ) ;
#2547 = DIRECTION ( 'NONE',  ( 0.000000000000000000, -1.000000000000000000, 0.000000000000000000 ) ) ;
#2548 = DIRECTION ( 'NONE',  ( 1.776973163029144758E-06, 0.9999999999984211518, 0.000000000000000000 ) ) ;
#2549 = ADVANCED_FACE ( 'NONE', ( #2825 ), #1000, .F. ) ;
#2550 = VECTOR ( 'NONE', #4205, 999.9999999999998863 ) ;
#2551 = ORIENTED_EDGE ( 'NONE', *, *, #397, .T. ) ;
#2552 = ORIENTED_EDGE ( 'NONE', *, *, #544, .F. ) ;
#2553 = VERTEX_POINT ( 'NONE', #533 ) ;
#2554 = CARTESIAN_POINT ( 'NONE',  ( 102.1786387679055821, -121.6868928208420328, -5.449999999998990319 ) ) ;
#2555 = CARTESIAN_POINT ( 'NONE',  ( 127.2838903259784189, -69.25013805109517762, 3.000000000000000000 ) ) ;
#2556 = CARTESIAN_POINT ( 'NONE',  ( 141.7204924996928526, -146.9506566412817108, 0.000000000000000000 ) ) ;
#2557 = ORIENTED_EDGE ( 'NONE', *, *, #2185, .T. ) ;
#2558 = CARTESIAN_POINT ( 'NONE',  ( 141.7203939654489488, -146.9506566415244606, 2.500000000000000000 ) ) ;
#2559 = CARTESIAN_POINT ( 'NONE',  ( 101.2286387680567827, -121.6868953182585074, -2.750000000000002665 ) ) ;
#2560 = LINE ( 'NONE', #5319, #5814 ) ;
#2561 = CARTESIAN_POINT ( 'NONE',  ( 104.6541176665219695, -85.56944730317847814, 2.499999999999999112 ) ) ;
#2562 = DIRECTION ( 'NONE',  ( -0.000000000000000000, -0.000000000000000000, -1.000000000000000000 ) ) ;
#2563 = DIRECTION ( 'NONE',  ( 0.000000000000000000, -1.000000000000000000, 0.000000000000000000 ) ) ;
#2564 = DIRECTION ( 'NONE',  ( 0.9999999999518158766, -9.816735652869698397E-06, 0.000000000000000000 ) ) ;
#2565 = CARTESIAN_POINT ( 'NONE',  ( 107.9800631888001590, -63.05007250392394269, 2.499999999999976463 ) ) ;
#2566 = CARTESIAN_POINT ( 'NONE',  ( 107.5855974064210443, 15.39777917222833636, 3.000000000000000000 ) ) ;
#2567 = DIRECTION ( 'NONE',  ( -0.000000000000000000, -0.000000000000000000, 1.000000000000000000 ) ) ;
#2568 = VECTOR ( 'NONE', #5878, 1000.000000000000114 ) ;
#2569 = EDGE_LOOP ( 'NONE', ( #4296, #4200, #4676, #5945 ) ) ;
#2570 = CIRCLE ( 'NONE', #963, 8.000000000000007105 ) ;
#2571 = LINE ( 'NONE', #217, #5002 ) ;
#2572 = CARTESIAN_POINT ( 'NONE',  ( 143.2203939651227245, -57.96357186145747420, 3.000000000000000000 ) ) ;
#2573 = ADVANCED_FACE ( 'NONE', ( #33 ), #973, .T. ) ;
#2574 = FACE_OUTER_BOUND ( 'NONE', #2049, .T. ) ;
#2575 = AXIS2_PLACEMENT_3D ( 'NONE', #2900, #543, #1010 ) ;
#2576 = ORIENTED_EDGE ( 'NONE', *, *, #4009, .T. ) ;
#2577 = EDGE_CURVE ( 'NONE', #4863, #2173, #6223, .T. ) ;
#2578 = ORIENTED_EDGE ( 'NONE', *, *, #2971, .F. ) ;
#2579 = VERTEX_POINT ( 'NONE', #3370 ) ;
#2580 = ORIENTED_EDGE ( 'NONE', *, *, #4330, .F. ) ;
#2581 = LINE ( 'NONE', #4006, #4922 ) ;
#2582 = EDGE_CURVE ( 'NONE', #2949, #791, #65, .T. ) ;
#2583 = CARTESIAN_POINT ( 'NONE',  ( 107.9816026354598648, -63.05003324718956748, -2.750000000000000000 ) ) ;
#2584 = CARTESIAN_POINT ( 'NONE',  ( 99.98160263699857353, -63.04987617942521894, 0.000000000000000000 ) ) ;
#2585 = PRODUCT ( 'OLED cover', 'OLED cover', '', ( #2940 ) ) ;
#2586 = ADVANCED_FACE ( 'NONE', ( #3 ), #5306, .F. ) ;
#2587 = ORIENTED_EDGE ( 'NONE', *, *, #2888, .F. ) ;
#2588 = CARTESIAN_POINT ( 'NONE',  ( 100.9287434636809309, -62.76896505811915716, -4.250000000000198064 ) ) ;
#2589 = CARTESIAN_POINT ( 'NONE',  ( 104.6541176665219695, -70.25013805109517762, 1.250000000000000000 ) ) ;
#2590 = CARTESIAN_POINT ( 'NONE',  ( 105.6271095438378609, -57.70625792681313726, -2.750000000000000000 ) ) ;
#2591 = EDGE_CURVE ( 'NONE', #4149, #2820, #1032, .T. ) ;
#2592 = CARTESIAN_POINT ( 'NONE',  ( 102.1787434634780425, -62.76896727933561948, -5.449999999999011635 ) ) ;
#2593 = CARTESIAN_POINT ( 'NONE',  ( 144.2204432323664491, -57.54932680028286285, 0.000000000000000000 ) ) ;
#2594 = VECTOR ( 'NONE', #6231, 1000.000000000000000 ) ;
#2595 = VECTOR ( 'NONE', #3987, 1000.000000000000114 ) ;
#2596 = DIRECTION ( 'NONE',  ( 0.000000000000000000, 0.000000000000000000, 1.000000000000000000 ) ) ;
#2597 = LINE ( 'NONE', #2121, #4054 ) ;
#2598 = CARTESIAN_POINT ( 'NONE',  ( 107.7002571999147165, -57.25275941472119001, 0.000000000000000000 ) ) ;
#2599 = DIRECTION ( 'NONE',  ( -0.2390314307210898159, -0.6654802590065492796, 0.7071067811865511255 ) ) ;
#2600 = ORIENTED_EDGE ( 'NONE', *, *, #5654, .F. ) ;
#2601 = CARTESIAN_POINT ( 'NONE',  ( 102.1819594097723325, -139.2410233527142793, -2.750000000000000000 ) ) ;
#2602 = LINE ( 'NONE', #5013, #2568 ) ;
#2603 = DIRECTION ( 'NONE',  ( 0.6518134694377071270, 0.2741153061388235668, -0.7071067811865463515 ) ) ;
#2604 = VECTOR ( 'NONE', #5697, 1000.000000000000000 ) ;
#2605 = ORIENTED_EDGE ( 'NONE', *, *, #3006, .T. ) ;
#2606 = ORIENTED_EDGE ( 'NONE', *, *, #3045, .T. ) ;
#2607 = ORIENTED_EDGE ( 'NONE', *, *, #2842, .F. ) ;
#2608 = EDGE_LOOP ( 'NONE', ( #1536, #1384, #966, #1816 ) ) ;
#2609 = LINE ( 'NONE', #5050, #3817 ) ;
#2610 = DIRECTION ( 'NONE',  ( 0.000000000000000000, 0.000000000000000000, -1.000000000000000000 ) ) ;
#2611 = LINE ( 'NONE', #259, #5618 ) ;
#2612 = EDGE_CURVE ( 'NONE', #4776, #968, #5880, .T. ) ;
#2613 = EDGE_CURVE ( 'NONE', #4518, #4319, #2013, .T. ) ;
#2614 = ORIENTED_EDGE ( 'NONE', *, *, #3507, .F. ) ;
#2615 = PLANE ( 'NONE',  #1117 ) ;
#2616 = CARTESIAN_POINT ( 'NONE',  ( 101.2287434636322985, -62.76896559121112062, -2.750000000000182965 ) ) ;
#2617 = ORIENTED_EDGE ( 'NONE', *, *, #3786, .T. ) ;
#2618 = DIRECTION ( 'NONE',  ( -0.2710759298670381567, -0.6530833333095500404, -0.7071067811865530128 ) ) ;
#2619 = CARTESIAN_POINT ( 'NONE',  ( 143.2273813778678289, -56.77413154552773733, -3.950000000000187583 ) ) ;
#2620 = EDGE_CURVE ( 'NONE', #4284, #577, #5464, .T. ) ;
#2621 = EDGE_CURVE ( 'NONE', #1351, #4491, #688, .T. ) ;
#2622 = EDGE_LOOP ( 'NONE', ( #5127, #3765, #2762, #1219 ) ) ;
#2623 = VECTOR ( 'NONE', #3036, 1000.000000000000114 ) ;
#2624 = ADVANCED_FACE ( 'NONE', ( #2574 ), #2986, .F. ) ;
#2625 = PLANE ( 'NONE',  #6146 ) ;
#2626 = DIRECTION ( 'NONE',  ( 0.7071067810502595918, 1.388296068964581256E-05, 0.7071067811865501263 ) ) ;
#2627 = CARTESIAN_POINT ( 'NONE',  ( 107.9800631888001590, -63.05007250392394269, 3.500000000000000000 ) ) ;
#2628 = LINE ( 'NONE', #3010, #4188 ) ;
#2629 = EDGE_CURVE ( 'NONE', #5407, #2637, #2215, .T. ) ;
#2630 = AXIS2_PLACEMENT_3D ( 'NONE', #416, #1862, #3692 ) ;
#2631 = VECTOR ( 'NONE', #5262, 1000.000000000000000 ) ;
#2632 = CARTESIAN_POINT ( 'NONE',  ( 105.4872763399729223, -62.82413249532188360, 0.000000000000000000 ) ) ;
#2633 = DIRECTION ( 'NONE',  ( -1.000000000000000000, 0.000000000000000000, 0.000000000000000000 ) ) ;
#2634 = FACE_OUTER_BOUND ( 'NONE', #6236, .T. ) ;
#2635 = VERTEX_POINT ( 'NONE', #5943 ) ;
#2636 = DIRECTION ( 'NONE',  ( 0.4829814486147355201, 0.8756305843756324592, 0.000000000000000000 ) ) ;
#2637 = VERTEX_POINT ( 'NONE', #1187 ) ;
#2638 = ORIENTED_EDGE ( 'NONE', *, *, #385, .F. ) ;
#2639 = AXIS2_PLACEMENT_3D ( 'NONE', #3256, #524, #3767 ) ;
#2640 = ORIENTED_EDGE ( 'NONE', *, *, #4153, .F. ) ;
#2641 = ORIENTED_EDGE ( 'NONE', *, *, #3308, .T. ) ;
#2642 = CARTESIAN_POINT ( 'NONE',  ( 107.7002695070169551, -55.99907359964765874, -4.250000000000161648 ) ) ;
#2643 = AXIS2_PLACEMENT_3D ( 'NONE', #3401, #2919, #2452 ) ;
#2644 = DIRECTION ( 'NONE',  ( 0.000000000000000000, -0.000000000000000000, -1.000000000000000000 ) ) ;
#2645 = LINE ( 'NONE', #4495, #3038 ) ;
#2646 = DIRECTION ( 'NONE',  ( -1.000000000000000000, 0.000000000000000000, 0.000000000000000000 ) ) ;
#2647 = EDGE_LOOP ( 'NONE', ( #5234, #5020, #4065, #1329, #6074, #1192, #6186, #103, #3615, #1612, #4168, #3049, #5047, #3679, #1230, #4181, #5083, #3461, #479 ) ) ;
#2648 = EDGE_LOOP ( 'NONE', ( #2178, #1503, #5497, #4875 ) ) ;
#2649 = DIRECTION ( 'NONE',  ( -2.597020567951152228E-05, -0.9999999996627743082, 5.727319112699863953E-19 ) ) ;
#2650 = ORIENTED_EDGE ( 'NONE', *, *, #729, .T. ) ;
#2651 = CARTESIAN_POINT ( 'NONE',  ( 143.2273813778678289, -56.77413154552773733, -3.950000000000187583 ) ) ;
#2652 = CARTESIAN_POINT ( 'NONE',  ( 99.98011245734247154, -138.9498346362414338, 0.000000000000000000 ) ) ;
#2653 = VECTOR ( 'NONE', #1055, 1000.000000000000114 ) ;
#2654 = EDGE_CURVE ( 'NONE', #453, #52, #1636, .T. ) ;
#2655 = VERTEX_POINT ( 'NONE', #3968 ) ;
#2656 = EDGE_CURVE ( 'NONE', #5665, #5926, #1920, .T. ) ;
#2657 = DIRECTION ( 'NONE',  ( -0.5616410057752194707, 0.6887953593549170916, 0.4583888453735870949 ) ) ;
#2658 = FACE_OUTER_BOUND ( 'NONE', #405, .T. ) ;
#2659 = CARTESIAN_POINT ( 'NONE',  ( 105.1689392345624157, -57.95832068211103660, -2.750000000000000000 ) ) ;
#2660 = CARTESIAN_POINT ( 'NONE',  ( 102.6302309145810767, -141.2940691041141861, -2.750000000000000000 ) ) ;
#2661 = EDGE_CURVE ( 'NONE', #663, #4353, #4037, .T. ) ;
#2662 = EDGE_CURVE ( 'NONE', #5752, #1882, #1315, .T. ) ;
#2663 = EDGE_CURVE ( 'NONE', #1060, #30, #6001, .T. ) ;
#2664 = PLANE ( 'NONE',  #430 ) ;
#2665 = LINE ( 'NONE', #745, #1070 ) ;
#2666 = DIRECTION ( 'NONE',  ( 0.000000000000000000, -0.3826834323718588671, 0.9238795325084828702 ) ) ;
#2667 = ORIENTED_EDGE ( 'NONE', *, *, #1281, .T. ) ;
#2668 = ADVANCED_FACE ( 'NONE', ( #4985 ), #1661, .T. ) ;
#2669 = CIRCLE ( 'NONE', #1864, 0.7999999999999812816 ) ;
#2670 = PLANE ( 'NONE',  #1113 ) ;
#2671 = ORIENTED_EDGE ( 'NONE', *, *, #5460, .T. ) ;
#2672 = VERTEX_POINT ( 'NONE', #4575 ) ;
#2673 = AXIS2_PLACEMENT_3D ( 'NONE', #4186, #6128, #377 ) ;
#2674 = ORIENTED_EDGE ( 'NONE', *, *, #3354, .T. ) ;
#2675 = PLANE ( 'NONE',  #4794 ) ;
#2676 = VECTOR ( 'NONE', #6040, 1000.000000000000114 ) ;
#2677 = CARTESIAN_POINT ( 'NONE',  ( 142.6683018786489470, -78.69316620762819525, 3.000000000000000000 ) ) ;
#2678 = DIRECTION ( 'NONE',  ( 0.3397717012252285951, -0.6201251414404479467, 0.7071067811865323627 ) ) ;
#2679 = VECTOR ( 'NONE', #5231, 1000.000000000000000 ) ;
#2680 = ORIENTED_EDGE ( 'NONE', *, *, #5797, .F. ) ;
#2681 = ORIENTED_EDGE ( 'NONE', *, *, #2693, .F. ) ;
#2682 = LINE ( 'NONE', #5122, #4206 ) ;
#2683 = ORIENTED_EDGE ( 'NONE', *, *, #5376, .F. ) ;
#2684 = DIRECTION ( 'NONE',  ( -1.776973163029144758E-06, -0.9999999999984211518, 0.000000000000000000 ) ) ;
#2685 = DIRECTION ( 'NONE',  ( -1.000000000000000000, 0.000000000000000000, 0.000000000000000000 ) ) ;
#2686 = VERTEX_POINT ( 'NONE', #656 ) ;
#2687 = ORIENTED_EDGE ( 'NONE', *, *, #3348, .T. ) ;
#2688 = LINE ( 'NONE', #2335, #2408 ) ;
#2689 = PLANE ( 'NONE',  #4870 ) ;
#2690 = PLANE ( 'NONE',  #4209 ) ;
#2691 = VECTOR ( 'NONE', #525, 1000.000000000000000 ) ;
#2692 = DIRECTION ( 'NONE',  ( 1.963347129720719326E-05, 0.9999999998072632845, 0.000000000000000000 ) ) ;
#2693 = EDGE_CURVE ( 'NONE', #2964, #3688, #3494, .T. ) ;
#2694 = VECTOR ( 'NONE', #5125, 1000.000000000000000 ) ;
#2695 = EDGE_CURVE ( 'NONE', #3170, #384, #3635, .T. ) ;
#2696 = PLANE ( 'NONE',  #5073 ) ;
#2697 = CARTESIAN_POINT ( 'NONE',  ( 106.3002487928080910, -59.98033468612522512, -2.750000000000000000 ) ) ;
#2698 = CARTESIAN_POINT ( 'NONE',  ( 107.7002695070169551, -55.99907359964765874, -4.250000000000161648 ) ) ;
#2699 = DIRECTION ( 'NONE',  ( -1.000000000000000000, 0.000000000000000000, 0.000000000000000000 ) ) ;
#2700 = EDGE_CURVE ( 'NONE', #1414, #4863, #1540, .T. ) ;
#2701 = ADVANCED_FACE ( 'NONE', ( #2515 ), #190, .F. ) ;
#2702 = ORIENTED_EDGE ( 'NONE', *, *, #439, .F. ) ;
#2703 = ORIENTED_EDGE ( 'NONE', *, *, #4856, .T. ) ;
#2704 = VECTOR ( 'NONE', #1164, 1000.000000000000227 ) ;
#2705 = CARTESIAN_POINT ( 'NONE',  ( 107.7002571999147165, -57.25275941472119001, -2.750000000000000000 ) ) ;
#2706 = ADVANCED_FACE ( 'NONE', ( #4486 ), #158, .T. ) ;
#2707 = CARTESIAN_POINT ( 'NONE',  ( 142.2795508170035248, -142.2506183894171556, -2.750000000000000000 ) ) ;
#2708 = FACE_OUTER_BOUND ( 'NONE', #216, .T. ) ;
#2709 = DIRECTION ( 'NONE',  ( -0.8769893853935963879, -0.4805097479832870500, 0.000000000000000000 ) ) ;
#2710 = ORIENTED_EDGE ( 'NONE', *, *, #5333, .F. ) ;
#2711 = ORIENTED_EDGE ( 'NONE', *, *, #4406, .T. ) ;
#2712 = DIRECTION ( 'NONE',  ( -1.000000000000000000, 0.000000000000000000, 0.000000000000000000 ) ) ;
#2713 = ORIENTED_EDGE ( 'NONE', *, *, #200, .T. ) ;
#2714 = LINE ( 'NONE', #3276, #5472 ) ;
#2715 = CARTESIAN_POINT ( 'NONE',  ( 108.5562502764993127, -69.25013805109517762, 1.098221840746929967 ) ) ;
#2716 = ORIENTED_EDGE ( 'NONE', *, *, #3354, .F. ) ;
#2717 = AXIS2_PLACEMENT_3D ( 'NONE', #3766, #3591, #4240 ) ;
#2718 = EDGE_LOOP ( 'NONE', ( #2794, #1189, #468, #3067 ) ) ;
#2719 = LINE ( 'NONE', #5732, #2604 ) ;
#2720 = DIRECTION ( 'NONE',  ( -0.000000000000000000, -0.000000000000000000, 1.000000000000000000 ) ) ;
#2721 = LINE ( 'NONE', #2150, #6031 ) ;
#2722 = AXIS2_PLACEMENT_3D ( 'NONE', #6123, #1785, #3199 ) ;
#2723 = CARTESIAN_POINT ( 'NONE',  ( 107.8942103304398046, -146.9495541461375296, 2.499999999999976463 ) ) ;
#2724 = VECTOR ( 'NONE', #3961, 1000.000000000000000 ) ;
#2725 = CARTESIAN_POINT ( 'NONE',  ( 157.8138438100004919, -74.02664955167787753, 3.500000000000000000 ) ) ;
#2726 = DIRECTION ( 'NONE',  ( -1.776973163029144758E-06, -0.9999999999984211518, -0.000000000000000000 ) ) ;
#2727 = CARTESIAN_POINT ( 'NONE',  ( 100.9286387681024166, -121.6868947851666576, -4.725735931291587200 ) ) ;
#2728 = PLANE ( 'NONE',  #612 ) ;
#2729 = ORIENTED_EDGE ( 'NONE', *, *, #3574, .T. ) ;
#2730 = EDGE_CURVE ( 'NONE', #5173, #1517, #4179, .T. ) ;
#2731 = ORIENTED_EDGE ( 'NONE', *, *, #1122, .T. ) ;
#2732 = VERTEX_POINT ( 'NONE', #5622 ) ;
#2733 = ORIENTED_EDGE ( 'NONE', *, *, #2663, .F. ) ;
#2734 = EDGE_CURVE ( 'NONE', #4793, #1039, #251, .T. ) ;
#2735 = AXIS2_PLACEMENT_3D ( 'NONE', #1671, #4549, #3532 ) ;
#2736 = CARTESIAN_POINT ( 'NONE',  ( 122.1093492240175351, -61.34992693130872965, 7.312921288643311257 ) ) ;
#2737 = EDGE_CURVE ( 'NONE', #4182, #5752, #5140, .T. ) ;
#2738 = CARTESIAN_POINT ( 'NONE',  ( 104.8937625671687215, -61.40223359149343452, 0.000000000000000000 ) ) ;
#2739 = CARTESIAN_POINT ( 'NONE',  ( 143.1945612729249717, -94.46772382334611962, 1.250000000000000000 ) ) ;
#2740 = CARTESIAN_POINT ( 'NONE',  ( 143.2296012232881424, -142.2507403187872228, -2.750000000000171418 ) ) ;
#2741 = VECTOR ( 'NONE', #410, 1000.000000000000000 ) ;
#2742 = VERTEX_POINT ( 'NONE', #2220 ) ;
#2743 = ORIENTED_EDGE ( 'NONE', *, *, #2346, .F. ) ;
#2744 = VECTOR ( 'NONE', #4659, 1000.000000000000000 ) ;
#2745 = ADVANCED_FACE ( 'NONE', ( #5554 ), #5650, .F. ) ;
#2746 = CARTESIAN_POINT ( 'NONE',  ( 108.0000492667939511, -139.0000642079358215, -2.750000000000000000 ) ) ;
#2747 = ORIENTED_EDGE ( 'NONE', *, *, #3308, .F. ) ;
#2748 = FACE_OUTER_BOUND ( 'NONE', #5088, .T. ) ;
#2749 = CARTESIAN_POINT ( 'NONE',  ( 99.98160263699857353, -63.04987617942521894, -2.750000000000000000 ) ) ;
#2750 = VERTEX_POINT ( 'NONE', #3230 ) ;
#2751 = EDGE_LOOP ( 'NONE', ( #1961, #1408, #936 ) ) ;
#2752 = CARTESIAN_POINT ( 'NONE',  ( 144.2203939651227529, -144.4507374078959572, 2.499999999999999556 ) ) ;
#2753 = FACE_OUTER_BOUND ( 'NONE', #5759, .T. ) ;
#2754 = DIRECTION ( 'NONE',  ( -0.5773502691896257311, -0.5773502691896257311, 0.5773502691896257311 ) ) ;
#2755 = LINE ( 'NONE', #2151, #4702 ) ;
#2756 = CARTESIAN_POINT ( 'NONE',  ( 102.1816036903140343, -62.99624880650843295, -2.750000000000000000 ) ) ;
#2757 = DIRECTION ( 'NONE',  ( -0.5793476693294585811, 0.8150805346973537535, 0.000000000000000000 ) ) ;
#2758 = FACE_OUTER_BOUND ( 'NONE', #3219, .T. ) ;
#2759 = LINE ( 'NONE', #6056, #5809 ) ;
#2760 = DIRECTION ( 'NONE',  ( 1.000000000000000000, -0.000000000000000000, -0.000000000000000000 ) ) ;
#2761 = ORIENTED_EDGE ( 'NONE', *, *, #5614, .T. ) ;
#2762 = ORIENTED_EDGE ( 'NONE', *, *, #473, .T. ) ;
#2763 = ORIENTED_EDGE ( 'NONE', *, *, #4121, .T. ) ;
#2764 = PLANE ( 'NONE',  #1263 ) ;
#2765 = PLANE ( 'NONE',  #2070 ) ;
#2766 = DIRECTION ( 'NONE',  ( -1.000000000000000000, 0.000000000000000000, 0.000000000000000000 ) ) ;
#2767 = FACE_OUTER_BOUND ( 'NONE', #4653, .T. ) ;
#2768 = ADVANCED_FACE ( 'NONE', ( #2159 ), #338, .T. ) ;
#2769 = VECTOR ( 'NONE', #5908, 1000.000000000000227 ) ;
#2770 = VECTOR ( 'NONE', #3946, 1000.000000000000000 ) ;
#2771 = ORIENTED_EDGE ( 'NONE', *, *, #1123, .F. ) ;
#2772 = ORIENTED_EDGE ( 'NONE', *, *, #2309, .F. ) ;
#2773 = EDGE_CURVE ( 'NONE', #4823, #4119, #3531, .T. ) ;
#2774 = CARTESIAN_POINT ( 'NONE',  ( 103.6636215402454582, -141.8521270633377185, -2.750000000000000000 ) ) ;
#2775 = CIRCLE ( 'NONE', #1975, 0.4999999999999865663 ) ;
#2776 = DIRECTION ( 'NONE',  ( -0.9999999998058088924, -1.970741631024010553E-05, 0.000000000000000000 ) ) ;
#2777 = DIRECTION ( 'NONE',  ( 0.000000000000000000, 0.000000000000000000, 1.000000000000000000 ) ) ;
#2778 = VECTOR ( 'NONE', #3953, 1000.000000000000000 ) ;
#2779 = ORIENTED_EDGE ( 'NONE', *, *, #282, .T. ) ;
#2780 = EDGE_LOOP ( 'NONE', ( #3218, #1004, #5787, #5545 ) ) ;
#2781 = ADVANCED_FACE ( 'NONE', ( #308 ), #4091, .F. ) ;
#2782 = ADVANCED_FACE ( 'NONE', ( #4693 ), #2252, .T. ) ;
#2783 = PLANE ( 'NONE',  #1608 ) ;
#2784 = LINE ( 'NONE', #5795, #5278 ) ;
#2785 = DIRECTION ( 'NONE',  ( 1.000000000000000000, 0.000000000000000000, 0.000000000000000000 ) ) ;
#2786 = VECTOR ( 'NONE', #4304, 1000.000000000000000 ) ;
#2787 = CARTESIAN_POINT ( 'NONE',  ( 139.7795508170034395, -142.2506183894232095, -5.449999999998964562 ) ) ;
#2788 = CARTESIAN_POINT ( 'NONE',  ( 144.2203939651227529, -144.4507374078959572, 0.000000000000000000 ) ) ;
#2789 = DIRECTION ( 'NONE',  ( -1.000000000000000000, 0.000000000000000000, 0.000000000000000000 ) ) ;
#2790 = DIRECTION ( 'NONE',  ( 7.665399808497081443E-15, 1.000000000000000000, 0.000000000000000000 ) ) ;
#2791 = LINE ( 'NONE', #5200, #5251 ) ;
#2792 = VERTEX_POINT ( 'NONE', #867 ) ;
#2793 = ORIENTED_EDGE ( 'NONE', *, *, #1382, .F. ) ;
#2794 = ORIENTED_EDGE ( 'NONE', *, *, #157, .F. ) ;
#2795 = DIRECTION ( 'NONE',  ( 0.000000000000000000, 0.000000000000000000, -1.000000000000000000 ) ) ;
#2796 = CARTESIAN_POINT ( 'NONE',  ( 139.7793608960471090, -145.7006687926352413, -5.449999999998964562 ) ) ;
#2797 = FACE_OUTER_BOUND ( 'NONE', #4591, .T. ) ;
#2798 = DIRECTION ( 'NONE',  ( -0.000000000000000000, -0.000000000000000000, -1.000000000000000000 ) ) ;
#2799 = EDGE_LOOP ( 'NONE', ( #3409, #751, #2490, #4987 ) ) ;
#2800 = ORIENTED_EDGE ( 'NONE', *, *, #50, .T. ) ;
#2801 = PLANE ( 'NONE',  #5874 ) ;
#2802 = DIRECTION ( 'NONE',  ( -0.01193634130095833773, 0.9999287593405578045, 0.000000000000000000 ) ) ;
#2803 = LINE ( 'NONE', #4680, #6028 ) ;
#2804 = EDGE_LOOP ( 'NONE', ( #2680, #1037, #1929, #5599 ) ) ;
#2805 = EDGE_LOOP ( 'NONE', ( #1158, #508, #2489, #120 ) ) ;
#2806 = ADVANCED_FACE ( 'NONE', ( #4216 ), #1339, .T. ) ;
#2807 = EDGE_CURVE ( 'NONE', #2951, #4544, #808, .T. ) ;
#2808 = LINE ( 'NONE', #392, #5340 ) ;
#2809 = CARTESIAN_POINT ( 'NONE',  ( 100.9788252567377640, 0.001982564866976370931, 3.000000000000000000 ) ) ;
#2810 = CARTESIAN_POINT ( 'NONE',  ( 107.9800631888001590, -63.05007250392394269, 0.000000000000000000 ) ) ;
#2811 = EDGE_CURVE ( 'NONE', #3948, #1005, #3677, .T. ) ;
#2812 = LINE ( 'NONE', #1876, #1394 ) ;
#2813 = PLANE ( 'NONE',  #3039 ) ;
#2814 = VECTOR ( 'NONE', #1880, 1000.000000000000000 ) ;
#2815 = DIRECTION ( 'NONE',  ( 0.000000000000000000, 0.000000000000000000, 1.000000000000000000 ) ) ;
#2816 = CARTESIAN_POINT ( 'NONE',  ( 139.7793608960470237, -145.7006687926349855, -2.750000000000171418 ) ) ;
#2817 = ADVANCED_FACE ( 'NONE', ( #6094 ), #2728, .F. ) ;
#2818 = FACE_OUTER_BOUND ( 'NONE', #4774, .T. ) ;
#2819 = ORIENTED_EDGE ( 'NONE', *, *, #2084, .T. ) ;
#2820 = VERTEX_POINT ( 'NONE', #5676 ) ;
#2821 = ORIENTED_EDGE ( 'NONE', *, *, #2887, .F. ) ;
#2822 = VECTOR ( 'NONE', #4372, 1000.000000000000227 ) ;
#2823 = LINE ( 'NONE', #442, #5921 ) ;
#2824 = DIRECTION ( 'NONE',  ( -6.941480357906612558E-06, -0.7071067811525924007, 0.7071067811864313324 ) ) ;
#2825 = FACE_OUTER_BOUND ( 'NONE', #2647, .T. ) ;
#2826 = LINE ( 'NONE', #3300, #5509 ) ;
#2827 = AXIS2_PLACEMENT_3D ( 'NONE', #2404, #489, #6240 ) ;
#2828 = ORIENTED_EDGE ( 'NONE', *, *, #1277, .T. ) ;
#2829 = VECTOR ( 'NONE', #5789, 1000.000000000000114 ) ;
#2830 = VECTOR ( 'NONE', #3645, 1000.000000000000227 ) ;
#2831 = ORIENTED_EDGE ( 'NONE', *, *, #1509, .T. ) ;
#2832 = EDGE_LOOP ( 'NONE', ( #2687, #4333, #3179, #3372 ) ) ;
#2833 = CARTESIAN_POINT ( 'NONE',  ( 139.7795508170034395, -142.2506183894232095, -2.750000000000000000 ) ) ;
#2834 = DIRECTION ( 'NONE',  ( 1.000000000000000000, 0.000000000000000000, -0.000000000000000000 ) ) ;
#2835 = LINE ( 'NONE', #3723, #2786 ) ;
#2836 = EDGE_LOOP ( 'NONE', ( #1667, #2326, #3589 ) ) ;
#2837 = ORIENTED_EDGE ( 'NONE', *, *, #3980, .T. ) ;
#2838 = AXIS2_PLACEMENT_3D ( 'NONE', #2213, #1747, #3637 ) ;
#2839 = FACE_OUTER_BOUND ( 'NONE', #3807, .T. ) ;
#2840 = DIRECTION ( 'NONE',  ( -0.9999999999984211518, 1.776973159546526232E-06, -1.606901746426283848E-13 ) ) ;
#2841 = CYLINDRICAL_SURFACE ( 'NONE', #1743, 3.450050406123950086 ) ;
#2842 = EDGE_CURVE ( 'NONE', #5059, #1175, #2791, .T. ) ;
#2843 = CARTESIAN_POINT ( 'NONE',  ( 141.7204432326926451, -55.04940756665430257, -2.750000000000000000 ) ) ;
#2844 = VECTOR ( 'NONE', #3607, 1000.000000000000000 ) ;
#2845 = ADVANCED_FACE ( 'NONE', ( #3646 ), #2670, .F. ) ;
#2846 = ORIENTED_EDGE ( 'NONE', *, *, #1693, .T. ) ;
#2847 = LINE ( 'NONE', #1305, #1601 ) ;
#2848 = LINE ( 'NONE', #3323, #1334 ) ;
#2849 = EDGE_CURVE ( 'NONE', #1894, #5242, #466, .T. ) ;
#2850 = DIRECTION ( 'NONE',  ( 0.6298603465634793341, -0.7767084033451252534, -0.000000000000000000 ) ) ;
#2851 = DIRECTION ( 'NONE',  ( 1.000000000000000000, 0.000000000000000000, -4.382459308427762299E-14 ) ) ;
#2852 = CARTESIAN_POINT ( 'NONE',  ( 107.7001095762406635, -146.0008696982337142, -4.250000000000161648 ) ) ;
#2853 = ORIENTED_EDGE ( 'NONE', *, *, #1236, .T. ) ;
#2854 = ORIENTED_EDGE ( 'NONE', *, *, #1560, .F. ) ;
#2855 = EDGE_LOOP ( 'NONE', ( #3378, #2508, #4267, #3912 ) ) ;
#2856 = EDGE_CURVE ( 'NONE', #6111, #662, #312, .T. ) ;
#2857 = ADVANCED_FACE ( 'NONE', ( #2413, #1405, #4318, #4352 ), #4820, .T. ) ;
#2858 = CARTESIAN_POINT ( 'NONE',  ( 100.9286871358382456, -94.46772329025424142, -4.250000000000198064 ) ) ;
#2859 = FACE_OUTER_BOUND ( 'NONE', #2569, .T. ) ;
#2860 = DIRECTION ( 'NONE',  ( 0.9794300190823402863, 0.2017841364437909235, 0.000000000000000000 ) ) ;
#2861 = LINE ( 'NONE', #2388, #3486 ) ;
#2862 = ORIENTED_EDGE ( 'NONE', *, *, #2123, .F. ) ;
#2863 = ORIENTED_EDGE ( 'NONE', *, *, #4443, .T. ) ;
#2864 = ORIENTED_EDGE ( 'NONE', *, *, #1081, .T. ) ;
#2865 = LINE ( 'NONE', #482, #3206 ) ;
#2866 = DIRECTION ( 'NONE',  ( -0.7109494522990696952, 0.7032431132088339254, 0.000000000000000000 ) ) ;
#2867 = CARTESIAN_POINT ( 'NONE',  ( 108.0000492667939511, -139.0000642079358215, -5.000000000000000000 ) ) ;
#2868 = VERTEX_POINT ( 'NONE', #5707 ) ;
#2869 = VECTOR ( 'NONE', #443, 1000.000000000000000 ) ;
#2870 = EDGE_LOOP ( 'NONE', ( #101, #6030, #3626, #2853 ) ) ;
#2871 = ORIENTED_EDGE ( 'NONE', *, *, #4252, .T. ) ;
#2872 = CARTESIAN_POINT ( 'NONE',  ( 107.7002695070169551, -55.99907359964765874, -4.250000000000161648 ) ) ;
#2873 = VECTOR ( 'NONE', #5683, 1000.000000000000114 ) ;
#2874 = LINE ( 'NONE', #4838, #1469 ) ;
#2875 = LINE ( 'NONE', #1934, #4477 ) ;
#2876 = CARTESIAN_POINT ( 'NONE',  ( 106.3002487928081052, -59.98033468612521091, -2.750000000000000000 ) ) ;
#2877 = VECTOR ( 'NONE', #5905, 1000.000000000000000 ) ;
#2878 = ORIENTED_EDGE ( 'NONE', *, *, #3085, .T. ) ;
#2879 = DIRECTION ( 'NONE',  ( 0.01091162179911142442, 0.9999404664827367117, 0.000000000000000000 ) ) ;
#2880 = LINE ( 'NONE', #3734, #5375 ) ;
#2881 = DIRECTION ( 'NONE',  ( -2.527853346259473169E-16, -0.8369961763420309397, 0.5472087360311599369 ) ) ;
#2882 = ADVANCED_FACE ( 'NONE', ( #1468 ), #5263, .F. ) ;
#2883 = FACE_OUTER_BOUND ( 'NONE', #5605, .T. ) ;
#2884 = PLANE ( 'NONE',  #4644 ) ;
#2885 = ORIENTED_EDGE ( 'NONE', *, *, #704, .T. ) ;
#2886 = ORIENTED_EDGE ( 'NONE', *, *, #3518, .T. ) ;
#2887 = EDGE_CURVE ( 'NONE', #3280, #5242, #434, .T. ) ;
#2888 = EDGE_CURVE ( 'NONE', #355, #5201, #5328, .T. ) ;
#2889 = CARTESIAN_POINT ( 'NONE',  ( 139.7795104338239582, -57.24938851313610400, -2.750000000000025757 ) ) ;
#2890 = VECTOR ( 'NONE', #5570, 1000.000000000000000 ) ;
#2891 = DIRECTION ( 'NONE',  ( -7.064954606356651146E-15, -1.000000000000000000, 0.000000000000000000 ) ) ;
#2892 = ADVANCED_FACE ( 'NONE', ( #934 ), #5839, .F. ) ;
#2893 = VECTOR ( 'NONE', #2469, 1000.000000000000114 ) ;
#2894 = ORIENTED_EDGE ( 'NONE', *, *, #2541, .F. ) ;
#2895 = EDGE_CURVE ( 'NONE', #1239, #3046, #5775, .T. ) ;
#2896 = EDGE_LOOP ( 'NONE', ( #1373, #4095, #5860, #1548 ) ) ;
#2897 = ORIENTED_EDGE ( 'NONE', *, *, #552, .T. ) ;
#2898 = LINE ( 'NONE', #3341, #1099 ) ;
#2899 = FACE_OUTER_BOUND ( 'NONE', #5310, .T. ) ;
#2900 = CARTESIAN_POINT ( 'NONE',  ( 30.89472994948628681, -149.9583985007556066, 4.000000000000017764 ) ) ;
#2901 = ORIENTED_EDGE ( 'NONE', *, *, #2693, .T. ) ;
#2902 = CARTESIAN_POINT ( 'NONE',  ( 143.2203939651227245, -53.14895561227856291, 42.31667888911225361 ) ) ;
#2903 = CARTESIAN_POINT ( 'NONE',  ( 103.0302183577225321, -58.10042240030510641, 3.000000000000000000 ) ) ;
#2904 = LINE ( 'NONE', #111, #3144 ) ;
#2905 = PLANE ( 'NONE',  #487 ) ;
#2906 = AXIS2_PLACEMENT_3D ( 'NONE', #4683, #4171, #799 ) ;
#2907 = ORIENTED_EDGE ( 'NONE', *, *, #3775, .T. ) ;
#2908 = B_SPLINE_CURVE_WITH_KNOTS ( 'NONE', 2,
 ( #771, #2660, #5584, #1244 ),
 .UNSPECIFIED., .F., .F.,
 ( 3, 1, 3 ),
 ( -0.001608886309845707378, 0.1166104679936608712, 0.3047136173910263701 ),
 .UNSPECIFIED. ) ;
#2909 = CARTESIAN_POINT ( 'NONE',  ( 107.9572932538461032, -57.24995295872253820, -2.750000000000000000 ) ) ;
#2910 = CARTESIAN_POINT ( 'NONE',  ( 105.5000492667939369, -139.0000642079358215, 0.000000000000000000 ) ) ;
#2911 = LINE ( 'NONE', #4350, #684 ) ;
#2912 = CARTESIAN_POINT ( 'NONE',  ( 101.9227705234130639, -123.3002940639522791, 3.500000000000000000 ) ) ;
#2913 = DIRECTION ( 'NONE',  ( 0.000000000000000000, 0.000000000000000000, -1.000000000000000000 ) ) ;
#2914 = VERTEX_POINT ( 'NONE', #4788 ) ;
#2915 = ORIENTED_EDGE ( 'NONE', *, *, #5767, .T. ) ;
#2916 = CARTESIAN_POINT ( 'NONE',  ( 107.9800631888001590, -63.05007250392394269, 0.000000000000000000 ) ) ;
#2917 = CARTESIAN_POINT ( 'NONE',  ( 141.8003852113088783, -145.7007800474941064, -5.449999999998965450 ) ) ;
#2918 = EDGE_CURVE ( 'NONE', #299, #4863, #3423, .T. ) ;
#2919 = DIRECTION ( 'NONE',  ( 0.000000000000000000, 0.000000000000000000, 1.000000000000000000 ) ) ;
#2920 = VECTOR ( 'NONE', #6057, 1000.000000000000114 ) ;
#2921 = VERTEX_POINT ( 'NONE', #3292 ) ;
#2922 = EDGE_CURVE ( 'NONE', #4353, #663, #5760, .T. ) ;
#2923 = ORIENTED_EDGE ( 'NONE', *, *, #6185, .F. ) ;
#2924 = ADVANCED_FACE ( 'NONE', ( #2818 ), #2884, .F. ) ;
#2925 = ORIENTED_EDGE ( 'NONE', *, *, #4950, .F. ) ;
#2926 = ORIENTED_EDGE ( 'NONE', *, *, #3518, .F. ) ;
#2927 = CARTESIAN_POINT ( 'NONE',  ( 107.7002572360973858, -57.24907359958746866, -5.449999999999006306 ) ) ;
#2928 = ORIENTED_EDGE ( 'NONE', *, *, #3938, .T. ) ;
#2929 = DIRECTION ( 'NONE',  ( -1.000000000000000000, 0.000000000000000000, 0.000000000000000000 ) ) ;
#2930 = FACE_OUTER_BOUND ( 'NONE', #5299, .T. ) ;
#2931 = EDGE_LOOP ( 'NONE', ( #4392, #4367, #840, #1421 ) ) ;
#2932 = AXIS2_PLACEMENT_3D ( 'NONE', #3822, #5821, #4805 ) ;
#2933 = AXIS2_PLACEMENT_3D ( 'NONE', #1280, #3707, #3229 ) ;
#2934 = EDGE_CURVE ( 'NONE', #1108, #481, #2345, .T. ) ;
#2935 = CARTESIAN_POINT ( 'NONE',  ( 107.9800631888001590, -69.25013805109517762, 3.500000000000000000 ) ) ;
#2936 = CARTESIAN_POINT ( 'NONE',  ( 124.6284399642853771, -145.9503805470277769, 3.000000000000000000 ) ) ;
#2937 = SURFACE_SIDE_STYLE ('',( #3888 ) ) ;
#2938 = EDGE_CURVE ( 'NONE', #4340, #1175, #2419, .T. ) ;
#2939 = CARTESIAN_POINT ( 'NONE',  ( 102.1819594097723325, -139.2410233527142793, 0.000000000000000000 ) ) ;
#2940 = PRODUCT_CONTEXT ( 'NONE', #4899, 'mechanical' ) ;
#2941 = VECTOR ( 'NONE', #181, 1000.000000000000114 ) ;
#2942 = AXIS2_PLACEMENT_3D ( 'NONE', #3812, #4358, #4387 ) ;
#2943 = DIRECTION ( 'NONE',  ( -1.000000000000000000, 0.000000000000000000, 0.000000000000000000 ) ) ;
#2944 = CARTESIAN_POINT ( 'NONE',  ( 101.2286871357896132, -94.46772382334611962, -5.450000000004785683 ) ) ;
#2945 = VECTOR ( 'NONE', #1331, 1000.000000000000114 ) ;
#2946 = CARTESIAN_POINT ( 'NONE',  ( 114.2475348073714656, -131.2543835211246233, 3.500000000000000000 ) ) ;
#2947 = PLANE ( 'NONE',  #2227 ) ;
#2948 = DIRECTION ( 'NONE',  ( 1.000000000000000000, 0.000000000000000000, 0.000000000000000000 ) ) ;
#2949 = VERTEX_POINT ( 'NONE', #4383 ) ;
#2950 = ORIENTED_EDGE ( 'NONE', *, *, #309, .T. ) ;
#2951 = VERTEX_POINT ( 'NONE', #58 ) ;
#2952 = CARTESIAN_POINT ( 'NONE',  ( 143.2203939651227245, -55.13614131339891600, -34.54271647285736435 ) ) ;
#2953 = CARTESIAN_POINT ( 'NONE',  ( 104.6541176665219695, -85.56944730317847814, 1.250000000000000000 ) ) ;
#2954 = LINE ( 'NONE', #2418, #5380 ) ;
#2955 = ORIENTED_EDGE ( 'NONE', *, *, #967, .F. ) ;
#2956 = ORIENTED_EDGE ( 'NONE', *, *, #4630, .T. ) ;
#2957 = EDGE_LOOP ( 'NONE', ( #3018, #698, #3425, #6187 ) ) ;
#2958 = ORIENTED_EDGE ( 'NONE', *, *, #5924, .F. ) ;
#2959 = DIRECTION ( 'NONE',  ( -1.776973163029144758E-06, -0.9999999999984211518, -0.000000000000000000 ) ) ;
#2960 = EDGE_LOOP ( 'NONE', ( #1501, #1954, #1814, #1358 ) ) ;
#2961 = DIRECTION ( 'NONE',  ( -7.496502047459689486E-06, 0.9999999999719012544, 0.000000000000000000 ) ) ;
#2962 = CARTESIAN_POINT ( 'NONE',  ( 124.7119988453584085, -56.04974275934289096, 3.064040062042112655 ) ) ;
#2963 = EDGE_CURVE ( 'NONE', #6111, #1460, #1976, .T. ) ;
#2964 = VERTEX_POINT ( 'NONE', #1848 ) ;
#2965 = ADVANCED_FACE ( 'NONE', ( #5233 ), #899, .T. ) ;
#2966 = CARTESIAN_POINT ( 'NONE',  ( 108.0000492667944201, -63.00006420793567941, -5.000000000000000000 ) ) ;
#2967 = CARTESIAN_POINT ( 'NONE',  ( 103.1600125810018511, -57.97062307070539333, 3.169640387837706186 ) ) ;
#2968 = CARTESIAN_POINT ( 'NONE',  ( 107.9815533684557352, -138.9500309607401789, 3.500000000000000000 ) ) ;
#2969 = VECTOR ( 'NONE', #2547, 1000.000000000000000 ) ;
#2970 = LINE ( 'NONE', #5960, #1383 ) ;
#2971 = EDGE_CURVE ( 'NONE', #1340, #4063, #2006, .T. ) ;
#2972 = VERTEX_POINT ( 'NONE', #5431 ) ;
#2973 = VECTOR ( 'NONE', #654, 1000.000000000000000 ) ;
#2974 = CYLINDRICAL_SURFACE ( 'NONE', #1095, 2.499999999999988454 ) ;
#2975 = CARTESIAN_POINT ( 'NONE',  ( 107.6939446901550355, -144.7474444724507521, -2.750000000000000000 ) ) ;
#2976 = AXIS2_PLACEMENT_3D ( 'NONE', #2995, #4365, #42 ) ;
#2977 = DIRECTION ( 'NONE',  ( -2.613262804994350647E-16, -0.8652760567750932275, -0.5012956668192389831 ) ) ;
#2978 = DIRECTION ( 'NONE',  ( 2.597020929432778652E-05, -0.9999999996627739751, -3.653861547250550884E-19 ) ) ;
#2979 = AXIS2_PLACEMENT_3D ( 'NONE', #4088, #370, #1279 ) ;
#2980 = CARTESIAN_POINT ( 'NONE',  ( 107.9815533684557352, -138.9500309607401789, 0.000000000000000000 ) ) ;
#2981 = ORIENTED_EDGE ( 'NONE', *, *, #892, .T. ) ;
#2982 = ORIENTED_EDGE ( 'NONE', *, *, #4627, .F. ) ;
#2983 = ORIENTED_EDGE ( 'NONE', *, *, #2202, .F. ) ;
#2984 = DIRECTION ( 'NONE',  ( -1.000000000000000000, 0.000000000000000000, -0.000000000000000000 ) ) ;
#2985 = DIRECTION ( 'NONE',  ( 1.000000000000000000, 0.000000000000000000, 0.000000000000000000 ) ) ;
#2986 = PLANE ( 'NONE',  #113 ) ;
#2987 = VERTEX_POINT ( 'NONE', #4026 ) ;
#2988 = ORIENTED_EDGE ( 'NONE', *, *, #343, .T. ) ;
#2989 = ORIENTED_EDGE ( 'NONE', *, *, #5338, .F. ) ;
#2990 = ORIENTED_EDGE ( 'NONE', *, *, #4159, .T. ) ;
#2991 = AXIS2_PLACEMENT_3D ( 'NONE', #2122, #2477, #3191 ) ;
#2992 = FACE_OUTER_BOUND ( 'NONE', #5679, .T. ) ;
#2993 = ORIENTED_EDGE ( 'NONE', *, *, #3356, .T. ) ;
#2994 = DIRECTION ( 'NONE',  ( -3.020149216579562146E-16, -1.000000000000000000, 0.000000000000000000 ) ) ;
#2995 = CARTESIAN_POINT ( 'NONE',  ( 107.9801124558005796, -138.9499917040118362, 0.000000000000000000 ) ) ;
#2996 = ORIENTED_EDGE ( 'NONE', *, *, #3194, .F. ) ;
#2997 = VECTOR ( 'NONE', #4016, 1000.000000000000000 ) ;
#2998 = CARTESIAN_POINT ( 'NONE',  ( 106.3002487928080910, -59.98033468612522512, 0.000000000000000000 ) ) ;
#2999 = CARTESIAN_POINT ( 'NONE',  ( 103.5037927504869657, -139.1835780754425116, 0.000000000000000000 ) ) ;
#3000 = DIRECTION ( 'NONE',  ( -0.000000000000000000, -0.000000000000000000, 1.000000000000000000 ) ) ;
#3001 = CARTESIAN_POINT ( 'NONE',  ( 100.9286871358382456, -94.46772329025425563, -4.250000000000198064 ) ) ;
#3002 = ADVANCED_FACE ( 'NONE', ( #1630 ), #4917, .F. ) ;
#3003 = VECTOR ( 'NONE', #4347, 1000.000000000000000 ) ;
#3004 = ADVANCED_FACE ( 'NONE', ( #153 ), #619, .T. ) ;
#3005 = VECTOR ( 'NONE', #1074, 1000.000000000000227 ) ;
#3006 = EDGE_CURVE ( 'NONE', #2732, #5778, #1532, .T. ) ;
#3007 = CARTESIAN_POINT ( 'NONE',  ( 107.9269606685299721, -144.7499906576537114, -2.750000000000000000 ) ) ;
#3008 = PLANE ( 'NONE',  #1029 ) ;
#3009 = PLANE ( 'NONE',  #84 ) ;
#3010 = CARTESIAN_POINT ( 'NONE',  ( 143.5273813777667158, -56.77412375446494508, -4.725735931288185476 ) ) ;
#3011 = CARTESIAN_POINT ( 'NONE',  ( 39.79495782226336331, -28.54573789892989666, -44.50578910393854670 ) ) ;
#3012 = ORIENTED_EDGE ( 'NONE', *, *, #926, .T. ) ;
#3013 = CARTESIAN_POINT ( 'NONE',  ( 143.5296012231870577, -142.2507325277244377, -4.250000000000161648 ) ) ;
#3014 = FACE_OUTER_BOUND ( 'NONE', #3405, .T. ) ;
#3015 = DIRECTION ( 'NONE',  ( -0.6191643240263579040, 0.3415194575027863944, 0.7071067811865374697 ) ) ;
#3016 = ORIENTED_EDGE ( 'NONE', *, *, #4153, .T. ) ;
#3017 = ORIENTED_EDGE ( 'NONE', *, *, #2661, .F. ) ;
#3018 = ORIENTED_EDGE ( 'NONE', *, *, #4705, .F. ) ;
#3019 = ORIENTED_EDGE ( 'NONE', *, *, #5416, .T. ) ;
#3020 = PLANE ( 'NONE',  #1381 ) ;
#3021 = AXIS2_PLACEMENT_3D ( 'NONE', #3770, #27, #964 ) ;
#3022 = DIRECTION ( 'NONE',  ( -0.8820458761771204914, 0.05083474495903849560, -0.4684131734098488931 ) ) ;
#3023 = LINE ( 'NONE', #4496, #267 ) ;
#3024 = VECTOR ( 'NONE', #5252, 1000.000000000000000 ) ;
#3025 = ORIENTED_EDGE ( 'NONE', *, *, #1154, .T. ) ;
#3026 = LINE ( 'NONE', #5984, #6066 ) ;
#3027 = CARTESIAN_POINT ( 'NONE',  ( 100.9286120173225072, -136.7410211255456431, -4.250000000000198064 ) ) ;
#3028 = DIRECTION ( 'NONE',  ( -1.000000000000000000, 0.000000000000000000, 0.000000000000000000 ) ) ;
#3029 = LINE ( 'NONE', #4503, #5022 ) ;
#3030 = EDGE_CURVE ( 'NONE', #4075, #5235, #4712, .T. ) ;
#3031 = AXIS2_PLACEMENT_3D ( 'NONE', #3880, #1043, #2866 ) ;
#3032 = LINE ( 'NONE', #738, #3715 ) ;
#3033 = DIRECTION ( 'NONE',  ( -0.7897652168545268303, 1.275744873807650106E-05, 0.6134092451895143405 ) ) ;
#3034 = CARTESIAN_POINT ( 'NONE',  ( 143.1944786988996725, -67.25020683058068016, 1.250000000000000000 ) ) ;
#3035 = PLANE ( 'NONE',  #3684 ) ;
#3036 = DIRECTION ( 'NONE',  ( -0.6732631459402024232, 0.6383310674022856235, -0.3731624106307604438 ) ) ;
#3037 = EDGE_CURVE ( 'NONE', #3080, #3719, #5355, .T. ) ;
#3038 = VECTOR ( 'NONE', #606, 1000.000000000000000 ) ;
#3039 = AXIS2_PLACEMENT_3D ( 'NONE', #5324, #429, #4315 ) ;
#3040 = EDGE_LOOP ( 'NONE', ( #536, #5183, #5923, #5689, #4967, #4586 ) ) ;
#3041 = ADVANCED_FACE ( 'NONE', ( #1600 ), #2479, .T. ) ;
#3042 = CARTESIAN_POINT ( 'NONE',  ( 107.9801124558005796, -138.9499917040118362, 0.000000000000000000 ) ) ;
#3043 = DIRECTION ( 'NONE',  ( -0.7071067814251233985, 1.836370855718096992E-05, 0.7071067807095170465 ) ) ;
#3044 = DIRECTION ( 'NONE',  ( -5.834239919714311589E-14, 0.000000000000000000, 1.000000000000000000 ) ) ;
#3045 = EDGE_CURVE ( 'NONE', #2914, #4182, #2507, .T. ) ;
#3046 = VERTEX_POINT ( 'NONE', #5871 ) ;
#3047 = EDGE_LOOP ( 'NONE', ( #764, #2472, #3186, #3863 ) ) ;
#3048 = EDGE_CURVE ( 'NONE', #822, #161, #5486, .T. ) ;
#3049 = ORIENTED_EDGE ( 'NONE', *, *, #3037, .F. ) ;
#3050 = ORIENTED_EDGE ( 'NONE', *, *, #3075, .T. ) ;
#3051 = DIRECTION ( 'NONE',  ( 1.000000000000000000, -0.000000000000000000, -0.000000000000000000 ) ) ;
#3052 = FACE_OUTER_BOUND ( 'NONE', #4199, .T. ) ;
#3053 = CARTESIAN_POINT ( 'NONE',  ( 108.8000492667939341, -139.0000642079358215, -5.000000000000000000 ) ) ;
#3054 = ORIENTED_EDGE ( 'NONE', *, *, #3348, .F. ) ;
#3055 = DIRECTION ( 'NONE',  ( -1.000000000000000000, 0.000000000000000000, 0.000000000000000000 ) ) ;
#3056 = CARTESIAN_POINT ( 'NONE',  ( 110.5000492667939653, -139.0000642079358215, -2.750000000000000000 ) ) ;
#3057 = CARTESIAN_POINT ( 'NONE',  ( 105.4847546935226887, -62.92453282948527971, -2.750000000000000000 ) ) ;
#3058 = CARTESIAN_POINT ( 'NONE',  ( 102.1801097828601712, -139.0860767826652022, -2.750000000000000000 ) ) ;
#3059 = CARTESIAN_POINT ( 'NONE',  ( 99.98011245734247154, -138.9498346362414338, -2.750000000000000000 ) ) ;
#3060 = DIRECTION ( 'NONE',  ( -0.5108484174636652719, -0.5108319137810878319, -0.6914366567066139169 ) ) ;
#3061 = CARTESIAN_POINT ( 'NONE',  ( 110.8823005086275089, -69.25013805109517762, 3.000000000000000000 ) ) ;
#3062 = DIRECTION ( 'NONE',  ( -1.000000000000000000, 0.000000000000000000, 0.000000000000000000 ) ) ;
#3063 = CARTESIAN_POINT ( 'NONE',  ( 139.7795508170034395, -142.2506183894232095, -5.449999999999006306 ) ) ;
#3064 = DIRECTION ( 'NONE',  ( -0.9411312077786267993, 0.3380414911592112825, 0.000000000000000000 ) ) ;
#3065 = VECTOR ( 'NONE', #4125, 1000.000000000000000 ) ;
#3066 = AXIS2_PLACEMENT_3D ( 'NONE', #3813, #2355, #4798 ) ;
#3067 = ORIENTED_EDGE ( 'NONE', *, *, #927, .F. ) ;
#3068 = EDGE_CURVE ( 'NONE', #2750, #822, #3459, .T. ) ;
#3069 = AXIS2_PLACEMENT_3D ( 'NONE', #4998, #1316, #675 ) ;
#3070 = AXIS2_PLACEMENT_3D ( 'NONE', #3187, #6169, #5639 ) ;
#3071 = CARTESIAN_POINT ( 'NONE',  ( 105.0780741684001498, -143.2661015698812719, -2.750000000000000000 ) ) ;
#3072 = DIRECTION ( 'NONE',  ( -0.000000000000000000, -0.000000000000000000, 1.000000000000000000 ) ) ;
#3073 = DIRECTION ( 'NONE',  ( 0.000000000000000000, 0.000000000000000000, -1.000000000000000000 ) ) ;
#3074 = AXIS2_PLACEMENT_3D ( 'NONE', #347, #4293, #3718 ) ;
#3075 = EDGE_CURVE ( 'NONE', #4961, #2243, #5009, .T. ) ;
#3076 = ORIENTED_EDGE ( 'NONE', *, *, #1621, .T. ) ;
#3077 = ORIENTED_EDGE ( 'NONE', *, *, #3815, .F. ) ;
#3078 = EDGE_CURVE ( 'NONE', #3475, #561, #1566, .T. ) ;
#3079 = ORIENTED_EDGE ( 'NONE', *, *, #5769, .F. ) ;
#3080 = VERTEX_POINT ( 'NONE', #1059 ) ;
#3081 = EDGE_CURVE ( 'NONE', #4238, #4319, #2023, .T. ) ;
#3082 = PLANE ( 'NONE',  #298 ) ;
#3083 = PLANE ( 'NONE',  #2136 ) ;
#3084 = PLANE ( 'NONE',  #4083 ) ;
#3085 = EDGE_CURVE ( 'NONE', #4224, #663, #3994, .T. ) ;
#3086 = CIRCLE ( 'NONE', #5223, 3.450050408439283345 ) ;
#3087 = ORIENTED_EDGE ( 'NONE', *, *, #1079, .F. ) ;
#3088 = LINE ( 'NONE', #5029, #5975 ) ;
#3089 = DIRECTION ( 'NONE',  ( -6.262789329414946334E-06, 0.9999999999803886874, 0.000000000000000000 ) ) ;
#3090 = ORIENTED_EDGE ( 'NONE', *, *, #5751, .F. ) ;
#3091 = CARTESIAN_POINT ( 'NONE',  ( 107.7002572360973858, -57.24907359958750419, -2.750000000000025757 ) ) ;
#3092 = CARTESIAN_POINT ( 'NONE',  ( 143.2203939651227245, -57.54935829908443168, 3.500000000000000000 ) ) ;
#3093 = AXIS2_PLACEMENT_3D ( 'NONE', #4196, #4264, #3721 ) ;
#3094 = VECTOR ( 'NONE', #1389, 1000.000000000000000 ) ;
#3095 = ORIENTED_EDGE ( 'NONE', *, *, #5133, .T. ) ;
#3096 = LINE ( 'NONE', #5933, #4570 ) ;
#3097 = DIRECTION ( 'NONE',  ( -1.000000000000000000, 0.000000000000000000, 0.000000000000000000 ) ) ;
#3098 = LINE ( 'NONE', #6087, #6133 ) ;
#3099 = DIRECTION ( 'NONE',  ( 0.000000000000000000, 0.000000000000000000, 1.000000000000000000 ) ) ;
#3100 = DIRECTION ( 'NONE',  ( -1.000000000000000000, 0.000000000000000000, 0.000000000000000000 ) ) ;
#3101 = LINE ( 'NONE', #2601, #3681 ) ;
#3102 = FACE_OUTER_BOUND ( 'NONE', #4150, .T. ) ;
#3103 = EDGE_LOOP ( 'NONE', ( #3927, #4995, #6013, #1770 ) ) ;
#3104 = DIRECTION ( 'NONE',  ( 0.6537768648151265349, 0.7566873932031006333, 0.000000000000000000 ) ) ;
#3105 = ORIENTED_EDGE ( 'NONE', *, *, #5416, .F. ) ;
#3106 = ORIENTED_EDGE ( 'NONE', *, *, #5423, .T. ) ;
#3107 = ORIENTED_EDGE ( 'NONE', *, *, #4630, .F. ) ;
#3108 = ORIENTED_EDGE ( 'NONE', *, *, #2613, .T. ) ;
#3109 = DIRECTION ( 'NONE',  ( -0.000000000000000000, -0.000000000000000000, 1.000000000000000000 ) ) ;
#3110 = ADVANCED_FACE ( 'NONE', ( #919 ), #1867, .T. ) ;
#3111 = CARTESIAN_POINT ( 'NONE',  ( -24.10075673421078335, -34.01903674228451280, 3.500000000000000000 ) ) ;
#3112 = DIRECTION ( 'NONE',  ( 0.000000000000000000, 0.000000000000000000, 1.000000000000000000 ) ) ;
#3113 = LINE ( 'NONE', #5982, #3575 ) ;
#3114 = EDGE_CURVE ( 'NONE', #1206, #4312, #520, .T. ) ;
#3115 = LINE ( 'NONE', #109, #3224 ) ;
#3116 = EDGE_CURVE ( 'NONE', #5035, #253, #2403, .T. ) ;
#3117 = DIRECTION ( 'NONE',  ( 0.9999999998695328074, 1.615346999108320118E-05, 0.000000000000000000 ) ) ;
#3118 = DIRECTION ( 'NONE',  ( 0.9999999998695326964, -1.615346999861855197E-05, 0.000000000000000000 ) ) ;
#3119 = CARTESIAN_POINT ( 'NONE',  ( 143.2274586478623633, -59.74946353652745046, -2.750000000000000000 ) ) ;
#3120 = ORIENTED_EDGE ( 'NONE', *, *, #4711, .T. ) ;
#3121 = VERTEX_POINT ( 'NONE', #2872 ) ;
#3122 = AXIS2_PLACEMENT_3D ( 'NONE', #3465, #219, #5402 ) ;
#3123 = ADVANCED_FACE ( 'NONE', ( #1520 ), #3349, .F. ) ;
#3124 = EDGE_CURVE ( 'NONE', #59, #2205, #2334, .T. ) ;
#3125 = EDGE_CURVE ( 'NONE', #396, #3599, #5317, .T. ) ;
#3126 = PLANE ( 'NONE',  #1842 ) ;
#3127 = CARTESIAN_POINT ( 'NONE',  ( 109.3000492667939341, -139.0000642079358215, -2.750000000000000000 ) ) ;
#3128 = CARTESIAN_POINT ( 'NONE',  ( 143.1944786988996725, -94.46772382334611962, 1.250000000000000000 ) ) ;
#3129 = VECTOR ( 'NONE', #4678, 1000.000000000000000 ) ;
#3130 = LINE ( 'NONE', #364, #3687 ) ;
#3131 = VECTOR ( 'NONE', #1515, 1000.000000000000000 ) ;
#3132 = VECTOR ( 'NONE', #4502, 1000.000000000000114 ) ;
#3133 = DIRECTION ( 'NONE',  ( 0.000000000000000000, -1.000000000000000000, 0.000000000000000000 ) ) ;
#3134 = DIRECTION ( 'NONE',  ( 0.7109494522992007015, -0.7032431132087015868, 0.000000000000000000 ) ) ;
#3135 = PLANE ( 'NONE',  #4559 ) ;
#3136 = ORIENTED_EDGE ( 'NONE', *, *, #4490, .F. ) ;
#3137 = CARTESIAN_POINT ( 'NONE',  ( 139.7795015484595638, -144.7506183889378235, -2.750000000000000000 ) ) ;
#3138 = ORIENTED_EDGE ( 'NONE', *, *, #2189, .F. ) ;
#3139 = VERTEX_POINT ( 'NONE', #4308 ) ;
#3140 = AXIS2_PLACEMENT_3D ( 'NONE', #1658, #4145, #2757 ) ;
#3141 = ORIENTED_EDGE ( 'NONE', *, *, #1662, .F. ) ;
#3142 = ORIENTED_EDGE ( 'NONE', *, *, #1089, .T. ) ;
#3143 = LINE ( 'NONE', #5149, #1161 ) ;
#3144 = VECTOR ( 'NONE', #146, 1000.000000000000114 ) ;
#3145 = LINE ( 'NONE', #346, #3452 ) ;
#3146 = DIRECTION ( 'NONE',  ( -7.064954606356651146E-15, -1.000000000000000000, 0.000000000000000000 ) ) ;
#3147 = ORIENTED_EDGE ( 'NONE', *, *, #5096, .F. ) ;
#3148 = EDGE_CURVE ( 'NONE', #2951, #2742, #983, .T. ) ;
#3149 = CARTESIAN_POINT ( 'NONE',  ( 141.7204432326926451, -55.04940756665430257, -2.750000000000000000 ) ) ;
#3150 = ORIENTED_EDGE ( 'NONE', *, *, #2811, .F. ) ;
#3151 = CARTESIAN_POINT ( 'NONE',  ( 107.7768961265627610, -55.05265272346838401, 0.000000000000000000 ) ) ;
#3152 = LINE ( 'NONE', #5987, #3505 ) ;
#3153 = VECTOR ( 'NONE', #555, 1000.000000000000114 ) ;
#3154 = ORIENTED_EDGE ( 'NONE', *, *, #1665, .T. ) ;
#3155 = ORIENTED_EDGE ( 'NONE', *, *, #4118, .T. ) ;
#3156 = ADVANCED_FACE ( 'NONE', ( #2839 ), #816, .T. ) ;
#3157 = EDGE_CURVE ( 'NONE', #4813, #36, #5793, .T. ) ;
#3158 = CARTESIAN_POINT ( 'NONE',  ( 102.1786871356384125, -94.46772382334611962, -7.750000000016446400 ) ) ;
#3159 = LINE ( 'NONE', #5514, #1735 ) ;
#3160 = PLANE ( 'NONE',  #1789 ) ;
#3161 = ADVANCED_FACE ( 'NONE', ( #1423 ), #1903, .T. ) ;
#3162 = CARTESIAN_POINT ( 'NONE',  ( 143.2203939651227529, -4.325469606319817669E-14, 3.000000000000000000 ) ) ;
#3163 = CARTESIAN_POINT ( 'NONE',  ( 143.1945612729249717, -94.46772382334611962, -2.750000000000002665 ) ) ;
#3164 = CARTESIAN_POINT ( 'NONE',  ( 143.2296012232881424, -142.2507403187872228, -3.950000000000187583 ) ) ;
#3165 = DIRECTION ( 'NONE',  ( 1.000000000000000000, 0.000000000000000000, 0.000000000000000000 ) ) ;
#3166 = AXIS2_PLACEMENT_3D ( 'NONE', #3845, #2386, #3778 ) ;
#3167 = CARTESIAN_POINT ( 'NONE',  ( 143.1945612729249717, -121.6868953182585074, -52.83283138959388481 ) ) ;
#3168 = VERTEX_POINT ( 'NONE', #4341 ) ;
#3169 = ORIENTED_EDGE ( 'NONE', *, *, #4234, .F. ) ;
#3170 = VERTEX_POINT ( 'NONE', #3828 ) ;
#3171 = FACE_OUTER_BOUND ( 'NONE', #2195, .T. ) ;
#3172 = CARTESIAN_POINT ( 'NONE',  ( 111.6814920297255327, -69.25013805109517762, 9.981323809701684979 ) ) ;
#3173 = AXIS2_PLACEMENT_3D ( 'NONE', #3993, #3099, #3960 ) ;
#3174 = LINE ( 'NONE', #3685, #5175 ) ;
#3175 = DIRECTION ( 'NONE',  ( 3.020149216579562146E-16, 1.000000000000000000, 0.000000000000000000 ) ) ;
#3176 = VECTOR ( 'NONE', #2726, 1000.000000000000114 ) ;
#3177 = CIRCLE ( 'NONE', #4191, 3.750050407920602957 ) ;
#3178 = ORIENTED_EDGE ( 'NONE', *, *, #5578, .F. ) ;
#3179 = ORIENTED_EDGE ( 'NONE', *, *, #965, .T. ) ;
#3180 = FACE_OUTER_BOUND ( 'NONE', #1124, .T. ) ;
#3181 = VERTEX_POINT ( 'NONE', #455 ) ;
#3182 = CARTESIAN_POINT ( 'NONE',  ( 107.2000492667939682, -139.0000642079358215, -5.000000000000000000 ) ) ;
#3183 = LINE ( 'NONE', #2117, #4927 ) ;
#3184 = VERTEX_POINT ( 'NONE', #3884 ) ;
#3185 = ORIENTED_EDGE ( 'NONE', *, *, #4675, .F. ) ;
#3186 = ORIENTED_EDGE ( 'NONE', *, *, #5542, .T. ) ;
#3187 = CARTESIAN_POINT ( 'NONE',  ( 108.0000492667939511, -139.0000642079358215, 0.000000000000000000 ) ) ;
#3188 = PLANE ( 'NONE',  #138 ) ;
#3189 = ADVANCED_FACE ( 'NONE', ( #3414 ), #4272, .T. ) ;
#3190 = VECTOR ( 'NONE', #912, 1000.000000000000227 ) ;
#3191 = DIRECTION ( 'NONE',  ( 0.000000000000000000, 0.000000000000000000, -1.000000000000000000 ) ) ;
#3192 = VECTOR ( 'NONE', #1119, 1000.000000000000114 ) ;
#3193 = DIRECTION ( 'NONE',  ( 5.834239919714311589E-14, 0.000000000000000000, -1.000000000000000000 ) ) ;
#3194 = EDGE_CURVE ( 'NONE', #253, #3599, #3857, .T. ) ;
#3195 = EDGE_CURVE ( 'NONE', #5300, #3633, #4871, .T. ) ;
#3196 = DIRECTION ( 'NONE',  ( -0.7070953588661199607, 0.7071182033224665542, 0.000000000000000000 ) ) ;
#3197 = CARTESIAN_POINT ( 'NONE',  ( 102.1787434634780851, -62.76896727933561948, -2.750000000000030198 ) ) ;
#3198 = DIRECTION ( 'NONE',  ( 0.3826834323123278203, -6.800181268219965082E-07, -0.9238795325328912345 ) ) ;
#3199 = DIRECTION ( 'NONE',  ( 1.000000000000000000, 0.000000000000000000, -0.000000000000000000 ) ) ;
#3200 = ORIENTED_EDGE ( 'NONE', *, *, #5799, .T. ) ;
#3201 = VERTEX_POINT ( 'NONE', #548 ) ;
#3202 = EDGE_LOOP ( 'NONE', ( #3939, #2301, #2358, #5241, #1012 ) ) ;
#3203 = VECTOR ( 'NONE', #5531, 999.9999999999998863 ) ;
#3204 = ADVANCED_FACE ( 'NONE', ( #4837 ), #16, .F. ) ;
#3205 = EDGE_LOOP ( 'NONE', ( #5276, #1953, #498, #4931, #3552, #4981 ) ) ;
#3206 = VECTOR ( 'NONE', #2395, 1000.000000000000227 ) ;
#3207 = CARTESIAN_POINT ( 'NONE',  ( 105.1689392345624157, -57.95832068211104371, -2.750000000000000000 ) ) ;
#3208 = CIRCLE ( 'NONE', #3070, 2.500000000000015987 ) ;
#3209 = LINE ( 'NONE', #6129, #3065 ) ;
#3210 = CARTESIAN_POINT ( 'NONE',  ( 199.5276175359262822, -59.75092566323406373, 8.005650803983465147E-17 ) ) ;
#3211 = LINE ( 'NONE', #5151, #4397 ) ;
#3212 = ORIENTED_EDGE ( 'NONE', *, *, #3732, .T. ) ;
#3213 = ORIENTED_EDGE ( 'NONE', *, *, #46, .T. ) ;
#3214 = LINE ( 'NONE', #4646, #981 ) ;
#3215 = CARTESIAN_POINT ( 'NONE',  ( 102.1819594097723325, -139.2410233527142793, -2.750000000000000000 ) ) ;
#3216 = LINE ( 'NONE', #2715, #4619 ) ;
#3217 = ORIENTED_EDGE ( 'NONE', *, *, #1930, .F. ) ;
#3218 = ORIENTED_EDGE ( 'NONE', *, *, #2203, .F. ) ;
#3219 = EDGE_LOOP ( 'NONE', ( #5651, #5343, #1734, #5220 ) ) ;
#3220 = LINE ( 'NONE', #301, #5512 ) ;
#3221 = CARTESIAN_POINT ( 'NONE',  ( 100.9800631901493091, -63.05020993822298436, 3.500000000000000000 ) ) ;
#3222 = PLANE ( 'NONE',  #2280 ) ;
#3223 = AXIS2_PLACEMENT_3D ( 'NONE', #5742, #6249, #1913 ) ;
#3224 = VECTOR ( 'NONE', #4070, 1000.000000000000114 ) ;
#3225 = FACE_OUTER_BOUND ( 'NONE', #5768, .T. ) ;
#3226 = DIRECTION ( 'NONE',  ( -1.000000000000000000, 0.000000000000000000, 0.000000000000000000 ) ) ;
#3227 = CARTESIAN_POINT ( 'NONE',  ( 103.6518355108143226, -60.17376840783757075, -2.750000000000000000 ) ) ;
#3228 = EDGE_CURVE ( 'NONE', #4270, #3475, #1996, .T. ) ;
#3229 = DIRECTION ( 'NONE',  ( -0.7071206901539668355, -0.7070928719455298328, 0.000000000000000000 ) ) ;
#3230 = CARTESIAN_POINT ( 'NONE',  ( 142.3658072396474381, -116.3963917791765397, 3.500000000000000000 ) ) ;
#3231 = VERTEX_POINT ( 'NONE', #5731 ) ;
#3232 = ORIENTED_EDGE ( 'NONE', *, *, #2262, .T. ) ;
#3233 = ORIENTED_EDGE ( 'NONE', *, *, #4943, .F. ) ;
#3234 = VECTOR ( 'NONE', #4072, 1000.000000000000227 ) ;
#3235 = ADVANCED_FACE ( 'NONE', ( #1109 ), #609, .F. ) ;
#3236 = LINE ( 'NONE', #6064, #5413 ) ;
#3237 = DIRECTION ( 'NONE',  ( 0.8769893853935960548, 0.4805097479832874385, 0.000000000000000000 ) ) ;
#3238 = DIRECTION ( 'NONE',  ( 0.7071067811865494601, -0.7071067811865455743, -0.000000000000000000 ) ) ;
#3239 = CARTESIAN_POINT ( 'NONE',  ( 107.9799252368859754, -56.05007250528329621, 3.500000000000000000 ) ) ;
#3240 = EDGE_CURVE ( 'NONE', #3272, #1995, #4939, .T. ) ;
#3241 = ADVANCED_FACE ( 'NONE', ( #3536 ), #2615, .F. ) ;
#3242 = VECTOR ( 'NONE', #4797, 1000.000000000000227 ) ;
#3243 = ORIENTED_EDGE ( 'NONE', *, *, #126, .T. ) ;
#3244 = EDGE_LOOP ( 'NONE', ( #4736, #5600, #5368, #3495 ) ) ;
#3245 = VECTOR ( 'NONE', #5428, 1000.000000000000000 ) ;
#3246 = DIRECTION ( 'NONE',  ( -0.000000000000000000, -0.000000000000000000, -1.000000000000000000 ) ) ;
#3247 = DIRECTION ( 'NONE',  ( 0.9999287593405578045, 0.01193634130095833773, 0.000000000000000000 ) ) ;
#3248 = DIRECTION ( 'NONE',  ( 0.000000000000000000, 0.000000000000000000, -1.000000000000000000 ) ) ;
#3249 = UNCERTAINTY_MEASURE_WITH_UNIT (LENGTH_MEASURE( 1.000000000000000082E-05 ), #5827, 'distance_accuracy_value', 'NONE');
#3250 = ORIENTED_EDGE ( 'NONE', *, *, #4081, .F. ) ;
#3251 = CARTESIAN_POINT ( 'NONE',  ( 107.7002571999147165, -57.25275941472119001, 0.000000000000000000 ) ) ;
#3252 = PLANE ( 'NONE',  #4262 ) ;
#3253 = DIRECTION ( 'NONE',  ( 1.963347129017993688E-05, -0.9999999998072632845, 0.000000000000000000 ) ) ;
#3254 =( NAMED_UNIT ( * ) SI_UNIT ( $, .STERADIAN. ) SOLID_ANGLE_UNIT ( ) );
#3255 = PLANE ( 'NONE',  #789 ) ;
#3256 = CARTESIAN_POINT ( 'NONE',  ( 143.1945612729249717, -94.46772382334611962, -52.83283138959388481 ) ) ;
#3257 = CARTESIAN_POINT ( 'NONE',  ( 119.8658975688652788, -77.08571562260388532, 3.500000000000000000 ) ) ;
#3258 = DIRECTION ( 'NONE',  ( 4.302144453344556207E-19, 4.382459307519019149E-14, -1.000000000000000000 ) ) ;
#3259 = CARTESIAN_POINT ( 'NONE',  ( 104.6541176665219695, -85.56944730317847814, 2.500000000000000000 ) ) ;
#3260 = ORIENTED_EDGE ( 'NONE', *, *, #2577, .T. ) ;
#3261 = ORIENTED_EDGE ( 'NONE', *, *, #1086, .T. ) ;
#3262 = VERTEX_POINT ( 'NONE', #5474 ) ;
#3263 = CARTESIAN_POINT ( 'NONE',  ( 141.7204432326926451, -55.04940756665430257, 0.000000000000000000 ) ) ;
#3264 = CARTESIAN_POINT ( 'NONE',  ( 142.2795508170038659, -94.46772382334610541, 0.000000000000000000 ) ) ;
#3265 = EDGE_CURVE ( 'NONE', #2439, #1922, #3026, .T. ) ;
#3266 = FACE_OUTER_BOUND ( 'NONE', #4768, .T. ) ;
#3267 = CARTESIAN_POINT ( 'NONE',  ( 106.5925569806501585, -64.02721067251145826, 3.500000000000000000 ) ) ;
#3268 = VECTOR ( 'NONE', #4356, 1000.000000000000114 ) ;
#3269 = ADVANCED_FACE ( 'NONE', ( #2113 ), #4469, .T. ) ;
#3270 = ADVANCED_FACE ( 'NONE', ( #4498 ), #1617, .F. ) ;
#3271 = VECTOR ( 'NONE', #3686, 1000.000000000000114 ) ;
#3272 = VERTEX_POINT ( 'NONE', #5539 ) ;
#3273 = ORIENTED_EDGE ( 'NONE', *, *, #1011, .F. ) ;
#3274 = LINE ( 'NONE', #5216, #2890 ) ;
#3275 = EDGE_CURVE ( 'NONE', #1175, #1460, #144, .T. ) ;
#3276 = CARTESIAN_POINT ( 'NONE',  ( 139.7793627748838503, -146.0006687926291704, -4.725735931288185476 ) ) ;
#3277 = CARTESIAN_POINT ( 'NONE',  ( 123.5669222061112009, -56.04976532584493754, 3.000000000000000000 ) ) ;
#3278 = ORIENTED_EDGE ( 'NONE', *, *, #5719, .T. ) ;
#3279 = ORIENTED_EDGE ( 'NONE', *, *, #4568, .T. ) ;
#3280 = VERTEX_POINT ( 'NONE', #3600 ) ;
#3281 = EDGE_CURVE ( 'NONE', #161, #4430, #3088, .T. ) ;
#3282 = CARTESIAN_POINT ( 'NONE',  ( 139.7795508170034395, -142.2506183894232095, -2.750000000000000000 ) ) ;
#3283 = CARTESIAN_POINT ( 'NONE',  ( 110.4816026354598506, -63.05003324718956748, 0.000000000000000000 ) ) ;
#3284 = DIRECTION ( 'NONE',  ( -0.6298603465634793341, 0.7767084033451251424, 0.000000000000000000 ) ) ;
#3285 = ORIENTED_EDGE ( 'NONE', *, *, #4750, .T. ) ;
#3286 = AXIS2_PLACEMENT_3D ( 'NONE', #1355, #1863, #1327 ) ;
#3287 = VECTOR ( 'NONE', #3728, 1000.000000000000114 ) ;
#3288 = DIRECTION ( 'NONE',  ( -0.9999999999518158766, 9.816735652869698397E-06, 0.000000000000000000 ) ) ;
#3289 = CARTESIAN_POINT ( 'NONE',  ( 100.9788252567377640, 0.001982564866976370931, 3.000000000000000000 ) ) ;
#3290 = CARTESIAN_POINT ( 'NONE',  ( 141.7204432326926451, -55.04940756665430257, 2.500000000000000000 ) ) ;
#3291 = CARTESIAN_POINT ( 'NONE',  ( 107.9800631888001590, -63.05007250392394269, 3.500000000000000000 ) ) ;
#3292 = CARTESIAN_POINT ( 'NONE',  ( 107.9452161929179397, -146.9501110552035357, 2.499999999999999556 ) ) ;
#3293 = ORIENTED_EDGE ( 'NONE', *, *, #2199, .F. ) ;
#3294 = ORIENTED_EDGE ( 'NONE', *, *, #4017, .T. ) ;
#3295 = VECTOR ( 'NONE', #1296, 1000.000000000000114 ) ;
#3296 = ORIENTED_EDGE ( 'NONE', *, *, #2481, .T. ) ;
#3297 = CARTESIAN_POINT ( 'NONE',  ( 103.1222726918393278, -143.9913843672673295, 3.166374860662636959 ) ) ;
#3298 = DIRECTION ( 'NONE',  ( 1.000000000000000000, 0.000000000000000000, 0.000000000000000000 ) ) ;
#3299 = DIRECTION ( 'NONE',  ( -0.000000000000000000, -0.000000000000000000, 1.000000000000000000 ) ) ;
#3300 = CARTESIAN_POINT ( 'NONE',  ( 143.1944786988996725, -67.25020683058068016, 1.250000000000000000 ) ) ;
#3301 = ORIENTED_EDGE ( 'NONE', *, *, #4455, .T. ) ;
#3302 = EDGE_CURVE ( 'NONE', #2463, #3379, #3115, .T. ) ;
#3303 = ORIENTED_EDGE ( 'NONE', *, *, #4900, .T. ) ;
#3304 = ORIENTED_EDGE ( 'NONE', *, *, #2656, .T. ) ;
#3305 = CARTESIAN_POINT ( 'NONE',  ( 100.9287434636809593, -62.76896505811915716, -4.725735931288194358 ) ) ;
#3306 = CARTESIAN_POINT ( 'NONE',  ( 107.9561340726703662, -145.9501706570289059, 3.500000000000000000 ) ) ;
#3307 = FACE_OUTER_BOUND ( 'NONE', #3345, .T. ) ;
#3308 = EDGE_CURVE ( 'NONE', #4892, #3773, #2027, .T. ) ;
#3309 = ORIENTED_EDGE ( 'NONE', *, *, #4203, .T. ) ;
#3310 = ORIENTED_EDGE ( 'NONE', *, *, #5751, .T. ) ;
#3311 = EDGE_LOOP ( 'NONE', ( #4328, #187, #5019, #4933 ) ) ;
#3312 = EDGE_CURVE ( 'NONE', #4218, #1239, #673, .T. ) ;
#3313 = DIRECTION ( 'NONE',  ( 0.000000000000000000, 0.000000000000000000, 1.000000000000000000 ) ) ;
#3314 = DIRECTION ( 'NONE',  ( -0.000000000000000000, -0.000000000000000000, 1.000000000000000000 ) ) ;
#3315 = DIRECTION ( 'NONE',  ( 0.000000000000000000, 1.000000000000000000, 0.000000000000000000 ) ) ;
#3316 = CARTESIAN_POINT ( 'NONE',  ( 100.9788252567377640, 0.001982564866976370931, 3.500000000000000000 ) ) ;
#3317 = DIRECTION ( 'NONE',  ( 0.000000000000000000, 0.000000000000000000, 1.000000000000000000 ) ) ;
#3318 = EDGE_CURVE ( 'NONE', #3460, #4340, #4552, .T. ) ;
#3319 = EDGE_CURVE ( 'NONE', #3139, #1512, #1080, .T. ) ;
#3320 = EDGE_LOOP ( 'NONE', ( #2771, #3232, #796, #5813, #6071, #3330, #5370, #3025, #5525, #6035, #22, #5379, #868, #5979, #2915, #3303, #530, #406, #850 ) ) ;
#3321 = EDGE_CURVE ( 'NONE', #5778, #5441, #1200, .T. ) ;
#3322 = CARTESIAN_POINT ( 'NONE',  ( 108.8000492667939341, -139.0000642079358215, -5.000000000000000000 ) ) ;
#3323 = CARTESIAN_POINT ( 'NONE',  ( 100.9287434636809593, -62.76896505811915716, -4.725735931288194358 ) ) ;
#3324 = AXIS2_PLACEMENT_3D ( 'NONE', #5111, #1282, #4632 ) ;
#3325 = CARTESIAN_POINT ( 'NONE',  ( 139.7795227047435276, -55.99938851319628697, -4.725735931288185476 ) ) ;
#3326 = DIRECTION ( 'NONE',  ( 1.000000000000000000, 0.000000000000000000, 0.000000000000000000 ) ) ;
#3327 = DIRECTION ( 'NONE',  ( 7.665399808497081443E-15, 1.000000000000000000, 0.000000000000000000 ) ) ;
#3328 = ORIENTED_EDGE ( 'NONE', *, *, #5990, .T. ) ;
#3329 = ORIENTED_EDGE ( 'NONE', *, *, #200, .F. ) ;
#3330 = ORIENTED_EDGE ( 'NONE', *, *, #2348, .T. ) ;
#3331 = VECTOR ( 'NONE', #1173, 1000.000000000000114 ) ;
#3332 = DIRECTION ( 'NONE',  ( -1.000000000000000000, 0.000000000000000000, 0.000000000000000000 ) ) ;
#3333 = DIRECTION ( 'NONE',  ( -7.496502047459744543E-06, 0.9999999999719012544, 0.000000000000000000 ) ) ;
#3334 = CARTESIAN_POINT ( 'NONE',  ( 101.2287434636322985, -62.76896559121112062, -2.750000000000182965 ) ) ;
#3335 = FACE_OUTER_BOUND ( 'NONE', #2448, .T. ) ;
#3336 = VECTOR ( 'NONE', #2174, 1000.000000000000000 ) ;
#3337 = ORIENTED_EDGE ( 'NONE', *, *, #927, .T. ) ;
#3338 = AXIS2_PLACEMENT_3D ( 'NONE', #510, #3852, #41 ) ;
#3339 = AXIS2_PLACEMENT_3D ( 'NONE', #2561, #1974, #760 ) ;
#3340 = VERTEX_POINT ( 'NONE', #4435 ) ;
#3341 = CARTESIAN_POINT ( 'NONE',  ( 101.2286871357896132, -94.46772382334611962, -7.750000000016446400 ) ) ;
#3342 = CARTESIAN_POINT ( 'NONE',  ( 139.7044195773284514, -70.25013805109517762, 2.499999999999999112 ) ) ;
#3343 = DIRECTION ( 'NONE',  ( -0.000000000000000000, -0.000000000000000000, -1.000000000000000000 ) ) ;
#3344 = ORIENTED_EDGE ( 'NONE', *, *, #657, .T. ) ;
#3345 = EDGE_LOOP ( 'NONE', ( #988, #1491, #560 ) ) ;
#3346 = VECTOR ( 'NONE', #565, 999.9999999999998863 ) ;
#3347 = AXIS2_PLACEMENT_3D ( 'NONE', #3289, #6178, #1844 ) ;
#3348 = EDGE_CURVE ( 'NONE', #5439, #121, #2029, .T. ) ;
#3349 = PLANE ( 'NONE',  #1923 ) ;
#3350 = DIRECTION ( 'NONE',  ( -1.000000000000000000, 0.000000000000000000, 0.000000000000000000 ) ) ;
#3351 = DIRECTION ( 'NONE',  ( 1.963347129017993688E-05, -0.9999999998072632845, 0.000000000000000000 ) ) ;
#3352 = CARTESIAN_POINT ( 'NONE',  ( 102.1801097828601712, -139.0860767826652022, -2.750000000000000000 ) ) ;
#3353 = VECTOR ( 'NONE', #3028, 1000.000000000000000 ) ;
#3354 = EDGE_CURVE ( 'NONE', #161, #4419, #5897, .T. ) ;
#3355 = ORIENTED_EDGE ( 'NONE', *, *, #4438, .F. ) ;
#3356 = EDGE_CURVE ( 'NONE', #541, #600, #5447, .T. ) ;
#3357 = ADVANCED_FACE ( 'NONE', ( #2087 ), #2696, .T. ) ;
#3358 = LINE ( 'NONE', #588, #1849 ) ;
#3359 = LINE ( 'NONE', #5671, #1943 ) ;
#3360 = CARTESIAN_POINT ( 'NONE',  ( 102.1840838479294291, -62.76896728882534404, -2.750000000000000000 ) ) ;
#3361 = DIRECTION ( 'NONE',  ( 0.7071067811865494601, -0.7071067811865455743, -0.000000000000000000 ) ) ;
#3362 = EDGE_CURVE ( 'NONE', #4850, #5441, #369, .T. ) ;
#3363 = CARTESIAN_POINT ( 'NONE',  ( 105.4099493225277513, -58.39640074043251161, -2.750000000000000000 ) ) ;
#3364 = ORIENTED_EDGE ( 'NONE', *, *, #4251, .F. ) ;
#3365 = EDGE_LOOP ( 'NONE', ( #3309, #221, #5886, #4706 ) ) ;
#3366 = ORIENTED_EDGE ( 'NONE', *, *, #3786, .F. ) ;
#3367 = EDGE_CURVE ( 'NONE', #1251, #1260, #2132, .T. ) ;
#3368 = LINE ( 'NONE', #63, #4799 ) ;
#3369 = FACE_OUTER_BOUND ( 'NONE', #3202, .T. ) ;
#3370 = CARTESIAN_POINT ( 'NONE',  ( 100.9286387681009671, -121.6868947851666434, -4.250000000000198064 ) ) ;
#3371 = ORIENTED_EDGE ( 'NONE', *, *, #6141, .F. ) ;
#3372 = ORIENTED_EDGE ( 'NONE', *, *, #1937, .T. ) ;
#3373 = ORIENTED_EDGE ( 'NONE', *, *, #819, .F. ) ;
#3374 = LINE ( 'NONE', #39, #5938 ) ;
#3375 = CARTESIAN_POINT ( 'NONE',  ( 139.7795015484595638, -144.7506183889378235, -2.750000000000000000 ) ) ;
#3376 = DIRECTION ( 'NONE',  ( 1.000000000000000000, 0.000000000000000000, 0.000000000000000000 ) ) ;
#3377 = VECTOR ( 'NONE', #4886, 1000.000000000000000 ) ;
#3378 = ORIENTED_EDGE ( 'NONE', *, *, #1341, .F. ) ;
#3379 = VERTEX_POINT ( 'NONE', #4213 ) ;
#3380 = DIRECTION ( 'NONE',  ( 0.7071182033224565622, -0.7070953588661298417, 0.000000000000000000 ) ) ;
#3381 = VECTOR ( 'NONE', #408, 1000.000000000000000 ) ;
#3382 = CARTESIAN_POINT ( 'NONE',  ( 128.0259568388629532, -76.72078283322132108, -1.494896723812311201 ) ) ;
#3383 = DIRECTION ( 'NONE',  ( -0.7071067811303392014, 0.000000000000000000, -0.7071067812427559440 ) ) ;
#3384 = DIRECTION ( 'NONE',  ( 1.963347129017993688E-05, -0.9999999998072632845, 0.000000000000000000 ) ) ;
#3385 = VECTOR ( 'NONE', #4584, 1000.000000000000000 ) ;
#3386 = ORIENTED_EDGE ( 'NONE', *, *, #3318, .T. ) ;
#3387 = ADVANCED_FACE ( 'NONE', ( #4085 ), #744, .F. ) ;
#3388 = CARTESIAN_POINT ( 'NONE',  ( 123.9476374153862821, -87.46214817922411555, 3.000000000000000000 ) ) ;
#3389 = CARTESIAN_POINT ( 'NONE',  ( 99.98160263699857353, -63.04987617942521894, -2.750000000000000000 ) ) ;
#3390 = LINE ( 'NONE', #4846, #2691 ) ;
#3391 = DIRECTION ( 'NONE',  ( -0.02407116362882623373, 0.9121456437721709998, -0.4091587755737450816 ) ) ;
#3392 = DIRECTION ( 'NONE',  ( -1.000000000000000000, 0.000000000000000000, 0.000000000000000000 ) ) ;
#3393 = EDGE_CURVE ( 'NONE', #1323, #5440, #4369, .T. ) ;
#3394 = ORIENTED_EDGE ( 'NONE', *, *, #1011, .T. ) ;
#3395 = EDGE_CURVE ( 'NONE', #2921, #339, #1688, .T. ) ;
#3396 = ORIENTED_EDGE ( 'NONE', *, *, #918, .T. ) ;
#3397 = ORIENTED_EDGE ( 'NONE', *, *, #390, .T. ) ;
#3398 = DIRECTION ( 'NONE',  ( 0.000000000000000000, 0.000000000000000000, -1.000000000000000000 ) ) ;
#3399 = LINE ( 'NONE', #2417, #359 ) ;
#3400 = VECTOR ( 'NONE', #757, 1000.000000000000000 ) ;
#3401 = CARTESIAN_POINT ( 'NONE',  ( 107.9800631888001590, -63.05007250392394269, 0.000000000000000000 ) ) ;
#3402 = VECTOR ( 'NONE', #1090, 1000.000000000000227 ) ;
#3403 = ADVANCED_FACE ( 'NONE', ( #3643 ), #5137, .T. ) ;
#3404 = VERTEX_POINT ( 'NONE', #3673 ) ;
#3405 = EDGE_LOOP ( 'NONE', ( #1567, #4928, #6095, #4664 ) ) ;
#3406 = EDGE_LOOP ( 'NONE', ( #2105, #328, #1703, #2192 ) ) ;
#3407 = ORIENTED_EDGE ( 'NONE', *, *, #554, .T. ) ;
#3408 = PLANE ( 'NONE',  #5630 ) ;
#3409 = ORIENTED_EDGE ( 'NONE', *, *, #1544, .F. ) ;
#3410 = DIRECTION ( 'NONE',  ( -0.000000000000000000, -0.000000000000000000, 1.000000000000000000 ) ) ;
#3411 = CARTESIAN_POINT ( 'NONE',  ( 133.2533912310111646, -126.9431863912908511, 3.500000000000000000 ) ) ;
#3412 = VERTEX_POINT ( 'NONE', #277 ) ;
#3413 = ORIENTED_EDGE ( 'NONE', *, *, #2014, .F. ) ;
#3414 = FACE_OUTER_BOUND ( 'NONE', #2896, .T. ) ;
#3415 = DIRECTION ( 'NONE',  ( -1.000000000000000000, 0.000000000000000000, 0.000000000000000000 ) ) ;
#3416 =( BOUNDED_CURVE ( )  B_SPLINE_CURVE ( 3, ( #2903, #2967, #1493, #920 ),
 .UNSPECIFIED., .F., .T. ) 
 B_SPLINE_CURVE_WITH_KNOTS ( ( 4, 4 ),
 ( 5.104336773998253030, 5.182985223359704463 ),
 .UNSPECIFIED. ) 
 CURVE ( )  GEOMETRIC_REPRESENTATION_ITEM ( )  RATIONAL_B_SPLINE_CURVE ( ( 1.000000000000000000, 0.9994846015403405781, 0.9994846015403405781, 1.000000000000000000 ) ) 
 REPRESENTATION_ITEM ( '' )  );
#3417 = FACE_OUTER_BOUND ( 'NONE', #1637, .T. ) ;
#3418 = CIRCLE ( 'NONE', #3514, 0.5000000000000281997 ) ;
#3419 = CARTESIAN_POINT ( 'NONE',  ( 144.2203939651227813, -57.54935829908443168, 2.500000000000000000 ) ) ;
#3420 = DIRECTION ( 'NONE',  ( 0.9999999999984212629, -1.776973159546267040E-06, 0.000000000000000000 ) ) ;
#3421 = CARTESIAN_POINT ( 'NONE',  ( 103.4872763399728939, -62.82413249532188360, -2.750000000000000000 ) ) ;
#3422 = DIRECTION ( 'NONE',  ( -0.9999999999984212629, 1.776973163029144970E-06, 2.055968564118190868E-14 ) ) ;
#3423 = LINE ( 'NONE', #1439, #4952 ) ;
#3424 = EDGE_LOOP ( 'NONE', ( #3294, #1313, #407, #987, #3724, #3878, #5142, #2681, #1250, #4003, #292 ) ) ;
#3425 = ORIENTED_EDGE ( 'NONE', *, *, #276, .F. ) ;
#3426 = VERTEX_POINT ( 'NONE', #2632 ) ;
#3427 = EDGE_CURVE ( 'NONE', #4544, #541, #5619, .T. ) ;
#3428 = DIRECTION ( 'NONE',  ( -4.566751203086986814E-20, -1.284980352567783191E-14, -1.000000000000000000 ) ) ;
#3429 = CARTESIAN_POINT ( 'NONE',  ( 139.7795508170041217, -59.74943891916605310, -4.725735931288185476 ) ) ;
#3430 = DIRECTION ( 'NONE',  ( -7.064954606356651146E-15, -1.000000000000000000, 0.000000000000000000 ) ) ;
#3431 = VECTOR ( 'NONE', #3064, 1000.000000000000114 ) ;
#3432 = ADVANCED_FACE ( 'NONE', ( #1782 ), #2664, .F. ) ;
#3433 = VERTEX_POINT ( 'NONE', #5075 ) ;
#3434 = ORIENTED_EDGE ( 'NONE', *, *, #1464, .F. ) ;
#3435 = ORIENTED_EDGE ( 'NONE', *, *, #3504, .F. ) ;
#3436 = ORIENTED_EDGE ( 'NONE', *, *, #1006, .T. ) ;
#3437 = EDGE_CURVE ( 'NONE', #600, #2528, #5518, .T. ) ;
#3438 = CARTESIAN_POINT ( 'NONE',  ( 99.98006319034203671, -63.05022957169427400, 0.000000000000000000 ) ) ;
#3439 = ORIENTED_EDGE ( 'NONE', *, *, #130, .F. ) ;
#3440 = FACE_OUTER_BOUND ( 'NONE', #1733, .T. ) ;
#3441 = FACE_OUTER_BOUND ( 'NONE', #994, .T. ) ;
#3442 = EDGE_CURVE ( 'NONE', #546, #3170, #246, .T. ) ;
#3443 = ORIENTED_EDGE ( 'NONE', *, *, #6081, .T. ) ;
#3444 = VECTOR ( 'NONE', #2103, 1000.000000000000114 ) ;
#3445 = AXIS2_PLACEMENT_3D ( 'NONE', #3868, #3838, #5774 ) ;
#3446 = ORIENTED_EDGE ( 'NONE', *, *, #2114, .F. ) ;
#3447 = DIRECTION ( 'NONE',  ( -0.8159799138624681536, 0.5780802540936674783, -0.000000000000000000 ) ) ;
#3448 = DIRECTION ( 'NONE',  ( -1.000000000000000000, 0.000000000000000000, 0.000000000000000000 ) ) ;
#3449 = CARTESIAN_POINT ( 'NONE',  ( 107.9801124558005796, -94.46772382334611962, 0.000000000000000000 ) ) ;
#3450 = LINE ( 'NONE', #3001, #2997 ) ;
#3451 = VECTOR ( 'NONE', #3133, 1000.000000000000000 ) ;
#3452 = VECTOR ( 'NONE', #5086, 1000.000000000000000 ) ;
#3453 = LINE ( 'NONE', #3388, #3003 ) ;
#3454 = FACE_OUTER_BOUND ( 'NONE', #1262, .T. ) ;
#3455 = VECTOR ( 'NONE', #4471, 1000.000000000000000 ) ;
#3456 = DIRECTION ( 'NONE',  ( -1.000000000000000000, 0.000000000000000000, 0.000000000000000000 ) ) ;
#3457 = AXIS2_PLACEMENT_3D ( 'NONE', #2120, #2536, #4049 ) ;
#3458 = CARTESIAN_POINT ( 'NONE',  ( 103.3693476999433187, -144.2157273886917324, 3.500000000000000000 ) ) ;
#3459 = LINE ( 'NONE', #651, #3431 ) ;
#3460 = VERTEX_POINT ( 'NONE', #2249 ) ;
#3461 = ORIENTED_EDGE ( 'NONE', *, *, #4675, .T. ) ;
#3462 = ORIENTED_EDGE ( 'NONE', *, *, #55, .T. ) ;
#3463 = FACE_OUTER_BOUND ( 'NONE', #5123, .T. ) ;
#3464 = DIRECTION ( 'NONE',  ( 0.4087644677396763959, 0.5769849304041694271, -0.7071067811865439090 ) ) ;
#3465 = CARTESIAN_POINT ( 'NONE',  ( 108.0000492667944201, -63.00006420793567941, -4.499999999999975131 ) ) ;
#3466 = ORIENTED_EDGE ( 'NONE', *, *, #1304, .T. ) ;
#3467 = EDGE_LOOP ( 'NONE', ( #3871, #2821, #2364, #2981 ) ) ;
#3468 = ORIENTED_EDGE ( 'NONE', *, *, #5893, .T. ) ;
#3469 = ORIENTED_EDGE ( 'NONE', *, *, #3858, .T. ) ;
#3470 = EDGE_CURVE ( 'NONE', #4645, #3139, #1213, .T. ) ;
#3471 = LINE ( 'NONE', #4582, #3513 ) ;
#3472 = PLANE ( 'NONE',  #3338 ) ;
#3473 = CARTESIAN_POINT ( 'NONE',  ( 106.7000492667944087, -63.00006420793567941, -2.750000000000000000 ) ) ;
#3474 = ADVANCED_FACE ( 'NONE', ( #6120 ), #1246, .T. ) ;
#3475 = VERTEX_POINT ( 'NONE', #3163 ) ;
#3476 = EDGE_CURVE ( 'NONE', #541, #299, #3705, .T. ) ;
#3477 = ORIENTED_EDGE ( 'NONE', *, *, #5852, .F. ) ;
#3478 = DIRECTION ( 'NONE',  ( -0.9222525129156198265, -0.07226787285736437083, 0.3797731651571715772 ) ) ;
#3479 = DIRECTION ( 'NONE',  ( -0.9999999999803887984, -6.262789329414947181E-06, 4.036521379915308005E-15 ) ) ;
#3480 = CARTESIAN_POINT ( 'NONE',  ( 108.0000492667939511, -139.0000642079358215, 1.775483399593917433 ) ) ;
#3481 = DIRECTION ( 'NONE',  ( -0.000000000000000000, -0.000000000000000000, 1.000000000000000000 ) ) ;
#3482 = EDGE_CURVE ( 'NONE', #5173, #3816, #5647, .T. ) ;
#3483 = VECTOR ( 'NONE', #3428, 1000.000000000000000 ) ;
#3484 = LINE ( 'NONE', #3007, #1902 ) ;
#3485 = DIRECTION ( 'NONE',  ( -0.000000000000000000, 5.834239919713970802E-14, 1.000000000000000000 ) ) ;
#3486 = VECTOR ( 'NONE', #476, 1000.000000000000114 ) ;
#3487 = DIRECTION ( 'NONE',  ( 0.000000000000000000, 0.000000000000000000, 1.000000000000000000 ) ) ;
#3488 = LINE ( 'NONE', #1092, #2168 ) ;
#3489 = VECTOR ( 'NONE', #5325, 1000.000000000000114 ) ;
#3490 = DIRECTION ( 'NONE',  ( 0.000000000000000000, 0.000000000000000000, 1.000000000000000000 ) ) ;
#3491 = ORIENTED_EDGE ( 'NONE', *, *, #2895, .T. ) ;
#3492 = DIRECTION ( 'NONE',  ( -0.000000000000000000, -0.000000000000000000, 1.000000000000000000 ) ) ;
#3493 = LINE ( 'NONE', #5435, #4999 ) ;
#3494 = LINE ( 'NONE', #3934, #4349 ) ;
#3495 = ORIENTED_EDGE ( 'NONE', *, *, #3585, .F. ) ;
#3496 = VERTEX_POINT ( 'NONE', #5167 ) ;
#3497 = VERTEX_POINT ( 'NONE', #834 ) ;
#3498 = ORIENTED_EDGE ( 'NONE', *, *, #6004, .F. ) ;
#3499 = VECTOR ( 'NONE', #1711, 1000.000000000000000 ) ;
#3500 = CARTESIAN_POINT ( 'NONE',  ( 103.4872763399728939, -62.82413249532188360, 0.000000000000000000 ) ) ;
#3501 = CARTESIAN_POINT ( 'NONE',  ( 107.7001076974038654, -145.7008696982395293, -3.950000000000187583 ) ) ;
#3502 = CARTESIAN_POINT ( 'NONE',  ( 124.5082361737607499, -111.6168095299112935, 3.000000000000000000 ) ) ;
#3503 = ORIENTED_EDGE ( 'NONE', *, *, #5333, .T. ) ;
#3504 = EDGE_CURVE ( 'NONE', #3460, #6196, #5176, .T. ) ;
#3505 = VECTOR ( 'NONE', #1650, 1000.000000000000114 ) ;
#3506 = DIRECTION ( 'NONE',  ( -0.1416775115021190190, 0.9899128662334715223, 0.000000000000000000 ) ) ;
#3507 = EDGE_CURVE ( 'NONE', #870, #1575, #3955, .T. ) ;
#3508 = CARTESIAN_POINT ( 'NONE',  ( 107.7002665619962585, -56.29907359963328162, -3.950000000000187583 ) ) ;
#3509 = DIRECTION ( 'NONE',  ( -0.000000000000000000, -0.000000000000000000, -1.000000000000000000 ) ) ;
#3510 = LINE ( 'NONE', #646, #186 ) ;
#3511 = AXIS2_PLACEMENT_3D ( 'NONE', #2756, #4687, #368 ) ;
#3512 = EDGE_CURVE ( 'NONE', #5404, #5752, #5260, .T. ) ;
#3513 = VECTOR ( 'NONE', #784, 1000.000000000000000 ) ;
#3514 = AXIS2_PLACEMENT_3D ( 'NONE', #1596, #5454, #1115 ) ;
#3515 = CARTESIAN_POINT ( 'NONE',  ( 107.7002695070169551, -55.99907359964768716, -4.725735931288185476 ) ) ;
#3516 = DIRECTION ( 'NONE',  ( -7.064954606356651146E-15, -1.000000000000000000, 0.000000000000000000 ) ) ;
#3517 = CARTESIAN_POINT ( 'NONE',  ( 143.1945612729249717, -94.46772382334611962, -2.750000000000002665 ) ) ;
#3518 = EDGE_CURVE ( 'NONE', #1323, #4517, #5703, .T. ) ;
#3519 = LINE ( 'NONE', #650, #2877 ) ;
#3520 = CARTESIAN_POINT ( 'NONE',  ( 102.7732071845317705, -143.6299135078310769, 3.334059745048497003 ) ) ;
#3521 = ADVANCED_FACE ( 'NONE', ( #4241 ), #1402, .F. ) ;
#3522 = VERTEX_POINT ( 'NONE', #864 ) ;
#3523 = CARTESIAN_POINT ( 'NONE',  ( 103.4872763399728939, -62.82413249532188360, 0.000000000000000000 ) ) ;
#3524 = DIRECTION ( 'NONE',  ( 0.000000000000000000, 0.000000000000000000, -1.000000000000000000 ) ) ;
#3525 = DIRECTION ( 'NONE',  ( -1.000000000000000000, 0.000000000000000000, 4.382459308427762299E-14 ) ) ;
#3526 = ORIENTED_EDGE ( 'NONE', *, *, #3356, .F. ) ;
#3527 = ORIENTED_EDGE ( 'NONE', *, *, #1236, .F. ) ;
#3528 = VERTEX_POINT ( 'NONE', #2910 ) ;
#3529 = ORIENTED_EDGE ( 'NONE', *, *, #5451, .T. ) ;
#3530 = DIRECTION ( 'NONE',  ( -0.000000000000000000, -0.000000000000000000, -1.000000000000000000 ) ) ;
#3531 = CIRCLE ( 'NONE', #2118, 2.499999999999988454 ) ;
#3532 = DIRECTION ( 'NONE',  ( 1.000000000000000000, 0.000000000000000000, 0.000000000000000000 ) ) ;
#3533 = FACE_OUTER_BOUND ( 'NONE', #1924, .T. ) ;
#3534 = VECTOR ( 'NONE', #45, 1000.000000000000000 ) ;
#3535 = VERTEX_POINT ( 'NONE', #6149 ) ;
#3536 = FACE_OUTER_BOUND ( 'NONE', #4609, .T. ) ;
#3537 = LINE ( 'NONE', #3056, #1220 ) ;
#3538 = FACE_OUTER_BOUND ( 'NONE', #641, .T. ) ;
#3539 = DIRECTION ( 'NONE',  ( 0.9235993073262013242, -0.3833592564508662703, 0.000000000000000000 ) ) ;
#3540 = CARTESIAN_POINT ( 'NONE',  ( 0.000000000000000000, 0.000000000000000000, 1.250000000000000000 ) ) ;
#3541 = EDGE_CURVE ( 'NONE', #4858, #4633, #2848, .T. ) ;
#3542 = FACE_OUTER_BOUND ( 'NONE', #1298, .T. ) ;
#3543 = LINE ( 'NONE', #4536, #2237 ) ;
#3544 = ADVANCED_FACE ( 'NONE', ( #5801 ), #5293, .T. ) ;
#3545 = FACE_OUTER_BOUND ( 'NONE', #5530, .T. ) ;
#3546 = CARTESIAN_POINT ( 'NONE',  ( 142.2773041094859821, -59.74943886081866395, -2.750000000000000000 ) ) ;
#3547 = CARTESIAN_POINT ( 'NONE',  ( 102.8868741228745307, -143.7534062334838438, 3.167321222284521731 ) ) ;
#3548 = ADVANCED_FACE ( 'NONE', ( #930 ), #3865, .T. ) ;
#3549 = ADVANCED_FACE ( 'NONE', ( #990 ), #2342, .T. ) ;
#3550 = VECTOR ( 'NONE', #4524, 1000.000000000000227 ) ;
#3551 = VECTOR ( 'NONE', #3485, 1000.000000000000000 ) ;
#3552 = ORIENTED_EDGE ( 'NONE', *, *, #4526, .F. ) ;
#3553 = LINE ( 'NONE', #5490, #3885 ) ;
#3554 = CARTESIAN_POINT ( 'NONE',  ( 103.4872763399728939, -62.82413249532188360, -2.750000000000000000 ) ) ;
#3555 = CARTESIAN_POINT ( 'NONE',  ( 101.2286871357921996, -94.46772382334614804, -3.949999999997608313 ) ) ;
#3556 = ADVANCED_FACE ( 'NONE', ( #3835 ), #2813, .F. ) ;
#3557 = ORIENTED_EDGE ( 'NONE', *, *, #4951, .F. ) ;
#3558 = ORIENTED_EDGE ( 'NONE', *, *, #4487, .T. ) ;
#3559 = ORIENTED_EDGE ( 'NONE', *, *, #6081, .F. ) ;
#3560 = LINE ( 'NONE', #604, #2704 ) ;
#3561 = DIRECTION ( 'NONE',  ( -1.000000000000000000, 0.000000000000000000, 0.000000000000000000 ) ) ;
#3562 = CARTESIAN_POINT ( 'NONE',  ( 105.6271095438378609, -57.70625792681313726, -0.000000000000000000 ) ) ;
#3563 = ORIENTED_EDGE ( 'NONE', *, *, #1554, .T. ) ;
#3564 = DIRECTION ( 'NONE',  ( -1.000000000000000000, 0.000000000000000000, 0.000000000000000000 ) ) ;
#3565 = LINE ( 'NONE', #1142, #3942 ) ;
#3566 = ORIENTED_EDGE ( 'NONE', *, *, #2352, .T. ) ;
#3567 = DIRECTION ( 'NONE',  ( -1.000000000000000000, 0.000000000000000000, 0.000000000000000000 ) ) ;
#3568 = DIRECTION ( 'NONE',  ( -0.7741780911486476624, 0.000000000000000000, -0.6329678374020565323 ) ) ;
#3569 = CARTESIAN_POINT ( 'NONE',  ( 112.5046919471331535, -132.8677297373189674, 3.000000000000000000 ) ) ;
#3570 = DIRECTION ( 'NONE',  ( -0.000000000000000000, -0.000000000000000000, 1.000000000000000000 ) ) ;
#3571 = CARTESIAN_POINT ( 'NONE',  ( 100.9286387681010098, -121.6868947851666576, -4.725735931288194358 ) ) ;
#3572 = DIRECTION ( 'NONE',  ( -1.000000000000000000, 0.000000000000000000, 0.000000000000000000 ) ) ;
#3573 = VECTOR ( 'NONE', #5595, 1000.000000000000000 ) ;
#3574 = EDGE_CURVE ( 'NONE', #572, #1742, #2880, .T. ) ;
#3575 = VECTOR ( 'NONE', #6009, 1000.000000000000000 ) ;
#3576 = VERTEX_POINT ( 'NONE', #5772 ) ;
#3577 = DIRECTION ( 'NONE',  ( 0.000000000000000000, 0.000000000000000000, -1.000000000000000000 ) ) ;
#3578 = VECTOR ( 'NONE', #805, 1000.000000000000000 ) ;
#3579 = VECTOR ( 'NONE', #5254, 1000.000000000000114 ) ;
#3580 = DIRECTION ( 'NONE',  ( -5.834239918581013818E-14, -1.149778163251388172E-18, -1.000000000000000000 ) ) ;
#3581 = EDGE_CURVE ( 'NONE', #4149, #1131, #6209, .T. ) ;
#3582 = DIRECTION ( 'NONE',  ( -1.000000000000000000, 0.000000000000000000, 0.000000000000000000 ) ) ;
#3583 = ORIENTED_EDGE ( 'NONE', *, *, #5424, .F. ) ;
#3584 = CARTESIAN_POINT ( 'NONE',  ( 143.2273041078843505, -59.74946353251402087, -5.449999999998964562 ) ) ;
#3585 = EDGE_CURVE ( 'NONE', #4248, #3231, #3359, .T. ) ;
#3586 = VECTOR ( 'NONE', #2692, 1000.000000000000227 ) ;
#3587 = VERTEX_POINT ( 'NONE', #2788 ) ;
#3588 = EDGE_CURVE ( 'NONE', #1104, #3201, #4817, .T. ) ;
#3589 = ORIENTED_EDGE ( 'NONE', *, *, #2807, .T. ) ;
#3590 = ORIENTED_EDGE ( 'NONE', *, *, #2509, .F. ) ;
#3591 = DIRECTION ( 'NONE',  ( 9.816735652869698397E-06, 0.9999999999518158766, 5.782411586310658209E-15 ) ) ;
#3592 = LINE ( 'NONE', #2137, #1606 ) ;
#3593 = EDGE_CURVE ( 'NONE', #4714, #4218, #231, .T. ) ;
#3594 = DIRECTION ( 'NONE',  ( -1.000000000000000000, 0.000000000000000000, 0.000000000000000000 ) ) ;
#3595 = LINE ( 'NONE', #5536, #3385 ) ;
#3596 = AXIS2_PLACEMENT_3D ( 'NONE', #2267, #914, #4198 ) ;
#3597 = ADVANCED_FACE ( 'NONE', ( #400 ), #1420, .T. ) ;
#3598 = VECTOR ( 'NONE', #4413, 1000.000000000000000 ) ;
#3599 = VERTEX_POINT ( 'NONE', #3923 ) ;
#3600 = CARTESIAN_POINT ( 'NONE',  ( 144.2204432323664491, -57.54932680028286285, -2.750000000000000000 ) ) ;
#3601 = DIRECTION ( 'NONE',  ( 0.000000000000000000, 0.000000000000000000, -1.000000000000000000 ) ) ;
#3602 = CARTESIAN_POINT ( 'NONE',  ( 139.8537483600495364, -120.8334458281842814, 3.500000000000000000 ) ) ;
#3603 = LINE ( 'NONE', #3092, #5437 ) ;
#3604 = VECTOR ( 'NONE', #5001, 1000.000000000000000 ) ;
#3605 = ORIENTED_EDGE ( 'NONE', *, *, #4010, .T. ) ;
#3606 = CARTESIAN_POINT ( 'NONE',  ( 107.9051282101922311, -145.9496137479628999, 3.500000000000000000 ) ) ;
#3607 = DIRECTION ( 'NONE',  ( -0.000000000000000000, 1.000000000000000000, -0.000000000000000000 ) ) ;
#3608 = LINE ( 'NONE', #1209, #4420 ) ;
#3609 = CARTESIAN_POINT ( 'NONE',  ( 107.9452654601616644, -55.04995315297496461, -2.750000000000000000 ) ) ;
#3610 = DIRECTION ( 'NONE',  ( 0.4246756612907169326, 0.9053455598318755904, -0.000000000000000000 ) ) ;
#3611 = CARTESIAN_POINT ( 'NONE',  ( 107.7001017477540046, -144.7508696982581853, -2.750000000000025757 ) ) ;
#3612 = CARTESIAN_POINT ( 'NONE',  ( 139.7795508170041217, -59.74943891916605310, 0.000000000000000000 ) ) ;
#3613 = DIRECTION ( 'NONE',  ( 0.000000000000000000, 0.000000000000000000, 1.000000000000000000 ) ) ;
#3614 = VERTEX_POINT ( 'NONE', #3061 ) ;
#3615 = ORIENTED_EDGE ( 'NONE', *, *, #357, .T. ) ;
#3616 = EDGE_CURVE ( 'NONE', #2356, #821, #5455, .T. ) ;
#3617 = ORIENTED_EDGE ( 'NONE', *, *, #3731, .F. ) ;
#3618 = ORIENTED_EDGE ( 'NONE', *, *, #1696, .T. ) ;
#3619 = CARTESIAN_POINT ( 'NONE',  ( 102.1787390210451889, -65.26896727933170439, -5.449999999999011635 ) ) ;
#3620 = CARTESIAN_POINT ( 'NONE',  ( 139.7795508170034395, -142.2506183894232095, -3.950000000000187583 ) ) ;
#3621 = ADVANCED_FACE ( 'NONE', ( #5483 ), #2503, .F. ) ;
#3622 = CARTESIAN_POINT ( 'NONE',  ( 107.9800631888001590, -63.05007250392394269, 0.000000000000000000 ) ) ;
#3623 = LINE ( 'NONE', #1227, #1972 ) ;
#3624 = EDGE_CURVE ( 'NONE', #541, #2951, #89, .T. ) ;
#3625 = EDGE_CURVE ( 'NONE', #521, #3587, #4476, .T. ) ;
#3626 = ORIENTED_EDGE ( 'NONE', *, *, #4162, .T. ) ;
#3627 = VECTOR ( 'NONE', #2315, 1000.000000000000000 ) ;
#3628 = ORIENTED_EDGE ( 'NONE', *, *, #4596, .T. ) ;
#3629 = CARTESIAN_POINT ( 'NONE',  ( 102.6302309145810767, -141.2940691041141861, -2.750000000000000000 ) ) ;
#3630 = ORIENTED_EDGE ( 'NONE', *, *, #1457, .F. ) ;
#3631 = CARTESIAN_POINT ( 'NONE',  ( 105.4099493225277513, -58.39640074043251161, 0.000000000000000000 ) ) ;
#3632 = CARTESIAN_POINT ( 'NONE',  ( 139.7044195773284514, -70.25013805109517762, 1.250000000000000000 ) ) ;
#3633 = VERTEX_POINT ( 'NONE', #5867 ) ;
#3634 = AXIS2_PLACEMENT_3D ( 'NONE', #516, #1962, #1492 ) ;
#3635 = B_SPLINE_CURVE_WITH_KNOTS ( 'NONE', 2,
 ( #599, #1129, #5436, #1100 ),
 .UNSPECIFIED., .F., .F.,
 ( 3, 1, 3 ),
 ( 0.6947399328631437276, 0.8828430822605091155, 1.001607910476103314 ),
 .UNSPECIFIED. ) ;
#3636 = LINE ( 'NONE', #2179, #148 ) ;
#3637 = DIRECTION ( 'NONE',  ( 0.7071067811865494601, -0.7071067811865455743, 0.000000000000000000 ) ) ;
#3638 = LINE ( 'NONE', #708, #5830 ) ;
#3639 = CIRCLE ( 'NONE', #4461, 0.7999999999999951594 ) ;
#3640 = DIRECTION ( 'NONE',  ( 0.000000000000000000, 0.000000000000000000, 1.000000000000000000 ) ) ;
#3641 = CIRCLE ( 'NONE', #2932, 8.000000000000007105 ) ;
#3642 = VECTOR ( 'NONE', #3391, 999.9999999999998863 ) ;
#3643 = FACE_OUTER_BOUND ( 'NONE', #2454, .T. ) ;
#3644 = DIRECTION ( 'NONE',  ( -1.000000000000000000, 0.000000000000000000, 0.000000000000000000 ) ) ;
#3645 = DIRECTION ( 'NONE',  ( 1.963347129720719326E-05, 0.9999999998072632845, 0.000000000000000000 ) ) ;
#3646 = FACE_OUTER_BOUND ( 'NONE', #2804, .T. ) ;
#3647 = ORIENTED_EDGE ( 'NONE', *, *, #1356, .T. ) ;
#3648 = ORIENTED_EDGE ( 'NONE', *, *, #5487, .F. ) ;
#3649 = AXIS2_PLACEMENT_3D ( 'NONE', #4827, #4887, #99 ) ;
#3650 = ORIENTED_EDGE ( 'NONE', *, *, #239, .F. ) ;
#3651 = ORIENTED_EDGE ( 'NONE', *, *, #176, .F. ) ;
#3652 = DIRECTION ( 'NONE',  ( -0.000000000000000000, -0.000000000000000000, 1.000000000000000000 ) ) ;
#3653 = CARTESIAN_POINT ( 'NONE',  ( 139.7793608960471090, -145.7006687926350423, -3.950000000000187583 ) ) ;
#3654 = VECTOR ( 'NONE', #1710, 1000.000000000000000 ) ;
#3655 = PLANE ( 'NONE',  #5479 ) ;
#3656 = CARTESIAN_POINT ( 'NONE',  ( 103.4872763399728939, -62.82413249532188360, -2.750000000000000000 ) ) ;
#3657 = EDGE_CURVE ( 'NONE', #3496, #870, #1597, .T. ) ;
#3658 = ORIENTED_EDGE ( 'NONE', *, *, #5249, .T. ) ;
#3659 = VERTEX_POINT ( 'NONE', #1529 ) ;
#3660 = CYLINDRICAL_SURFACE ( 'NONE', #4814, 1.300000000000009592 ) ;
#3661 = ORIENTED_EDGE ( 'NONE', *, *, #3732, .F. ) ;
#3662 = CARTESIAN_POINT ( 'NONE',  ( 101.0040248452708056, 0.000000000000000000, 0.000000000000000000 ) ) ;
#3663 = CARTESIAN_POINT ( 'NONE',  ( 107.7002572360973858, -57.24907359958750419, -2.750000000000025757 ) ) ;
#3664 = ADVANCED_FACE ( 'NONE', ( #5836 ), #150, .T. ) ;
#3665 = CONICAL_SURFACE ( 'NONE', #5391, 3.450050406124144153, 0.3926990816415210084 ) ;
#3666 = EDGE_CURVE ( 'NONE', #2528, #2020, #1626, .T. ) ;
#3667 = EDGE_LOOP ( 'NONE', ( #2357, #313, #5528, #1931 ) ) ;
#3668 = ORIENTED_EDGE ( 'NONE', *, *, #4861, .F. ) ;
#3669 = CARTESIAN_POINT ( 'NONE',  ( 142.2773813781882097, -56.77415621722656169, -2.750000000000000000 ) ) ;
#3670 = DIRECTION ( 'NONE',  ( 0.000000000000000000, 0.000000000000000000, -1.000000000000000000 ) ) ;
#3671 = CARTESIAN_POINT ( 'NONE',  ( 144.2203939651227529, -146.9506970251994460, 0.000000000000000000 ) ) ;
#3672 = FACE_OUTER_BOUND ( 'NONE', #3680, .T. ) ;
#3673 = CARTESIAN_POINT ( 'NONE',  ( 124.2363463142670810, -111.0745010743857506, 3.500000000000000000 ) ) ;
#3674 = DIRECTION ( 'NONE',  ( -0.5781303490982441229, -0.4071428489505143355, -0.7071067811865483499 ) ) ;
#3675 = DIRECTION ( 'NONE',  ( 0.000000000000000000, 0.000000000000000000, -1.000000000000000000 ) ) ;
#3676 = AXIS2_PLACEMENT_3D ( 'NONE', #3874, #474, #1918 ) ;
#3677 = LINE ( 'NONE', #1813, #2920 ) ;
#3678 = VERTEX_POINT ( 'NONE', #1022 ) ;
#3679 = ORIENTED_EDGE ( 'NONE', *, *, #503, .F. ) ;
#3680 = EDGE_LOOP ( 'NONE', ( #1586, #143, #5889 ) ) ;
#3681 = VECTOR ( 'NONE', #3931, 1000.000000000000114 ) ;
#3682 = DIRECTION ( 'NONE',  ( 0.9999403981746640691, 0.01091787975268916806, 0.000000000000000000 ) ) ;
#3683 = LINE ( 'NONE', #5180, #4329 ) ;
#3684 = AXIS2_PLACEMENT_3D ( 'NONE', #1183, #2599, #5995 ) ;
#3685 = CARTESIAN_POINT ( 'NONE',  ( 100.9800631888001590, -63.05007250392394269, 3.500000000000000000 ) ) ;
#3686 = DIRECTION ( 'NONE',  ( 0.9999999999518158766, -9.816735652869698397E-06, 0.000000000000000000 ) ) ;
#3687 = VECTOR ( 'NONE', #274, 1000.000000000000114 ) ;
#3688 = VERTEX_POINT ( 'NONE', #2944 ) ;
#3689 = ORIENTED_EDGE ( 'NONE', *, *, #3593, .T. ) ;
#3690 = DIRECTION ( 'NONE',  ( 0.000000000000000000, 0.000000000000000000, -1.000000000000000000 ) ) ;
#3691 = ORIENTED_EDGE ( 'NONE', *, *, #4716, .F. ) ;
#3692 = DIRECTION ( 'NONE',  ( -1.000000000000000000, 0.000000000000000000, 0.000000000000000000 ) ) ;
#3693 = DIRECTION ( 'NONE',  ( -9.816735655360027778E-06, -0.9999999999518158766, 1.533860757705821996E-13 ) ) ;
#3694 = ADVANCED_FACE ( 'NONE', ( #3454 ), #3008, .T. ) ;
#3695 = ORIENTED_EDGE ( 'NONE', *, *, #4749, .T. ) ;
#3696 = EDGE_CURVE ( 'NONE', #3951, #546, #4945, .T. ) ;
#3697 = LINE ( 'NONE', #6114, #5135 ) ;
#3698 = DIRECTION ( 'NONE',  ( -0.5885551383349916232, -0.4799055268871448288, -0.6506101247311255609 ) ) ;
#3699 = VECTOR ( 'NONE', #5312, 1000.000000000000114 ) ;
#3700 = CARTESIAN_POINT ( 'NONE',  ( 139.7044195773284514, -70.25013805109517762, 2.499999999999999112 ) ) ;
#3701 = VECTOR ( 'NONE', #5422, 1000.000000000000000 ) ;
#3702 = CARTESIAN_POINT ( 'NONE',  ( 107.9800631888001590, -63.05007250392394269, 3.500000000000000000 ) ) ;
#3703 = EDGE_CURVE ( 'NONE', #3576, #4517, #4975, .T. ) ;
#3704 = EDGE_CURVE ( 'NONE', #6084, #1691, #931, .T. ) ;
#3705 = LINE ( 'NONE', #5106, #2443 ) ;
#3706 = CARTESIAN_POINT ( 'NONE',  ( 108.5562502764993411, -69.25013805109517762, 4.901778159253074030 ) ) ;
#3707 = DIRECTION ( 'NONE',  ( -0.7070928719455299438, 0.7071206901539669465, 0.000000000000000000 ) ) ;
#3708 = ADVANCED_FACE ( 'NONE', ( #615 ), #4408, .T. ) ;
#3709 = CARTESIAN_POINT ( 'NONE',  ( 143.1944786988996725, -67.25020683058068016, 0.000000000000000000 ) ) ;
#3710 = ORIENTED_EDGE ( 'NONE', *, *, #1081, .F. ) ;
#3711 = ORIENTED_EDGE ( 'NONE', *, *, #1123, .T. ) ;
#3712 = ORIENTED_EDGE ( 'NONE', *, *, #5845, .T. ) ;
#3713 = ORIENTED_EDGE ( 'NONE', *, *, #3657, .F. ) ;
#3714 = CYLINDRICAL_SURFACE ( 'NONE', #3069, 1.999999999999960032 ) ;
#3715 = VECTOR ( 'NONE', #4974, 1000.000000000000227 ) ;
#3716 = DIRECTION ( 'NONE',  ( 0.000000000000000000, -1.000000000000000000, 0.000000000000000000 ) ) ;
#3717 = LINE ( 'NONE', #5564, #1333 ) ;
#3718 = DIRECTION ( 'NONE',  ( -1.963347129017993688E-05, 0.9999999998072632845, 0.000000000000000000 ) ) ;
#3719 = VERTEX_POINT ( 'NONE', #5903 ) ;
#3720 = ORIENTED_EDGE ( 'NONE', *, *, #554, .F. ) ;
#3721 = DIRECTION ( 'NONE',  ( -0.7071067811865370256, 0.7071067811865578978, 0.000000000000000000 ) ) ;
#3722 = PLANE ( 'NONE',  #4247 ) ;
#3723 = CARTESIAN_POINT ( 'NONE',  ( 105.5021289799567228, -139.1020163565506209, -2.750000000000000000 ) ) ;
#3724 = ORIENTED_EDGE ( 'NONE', *, *, #2620, .F. ) ;
#3725 = VERTEX_POINT ( 'NONE', #2537 ) ;
#3726 = FACE_OUTER_BOUND ( 'NONE', #3103, .T. ) ;
#3727 = CARTESIAN_POINT ( 'NONE',  ( 143.2203939651227245, -57.96357186145747420, 3.500000000000000000 ) ) ;
#3728 = DIRECTION ( 'NONE',  ( -0.7071067811865493491, 0.7071067811865455743, 0.000000000000000000 ) ) ;
#3729 = VECTOR ( 'NONE', #184, 1000.000000000000114 ) ;
#3730 =( NAMED_UNIT ( * ) PLANE_ANGLE_UNIT ( ) SI_UNIT ( $, .RADIAN. ) );
#3731 = EDGE_CURVE ( 'NONE', #3497, #2349, #1563, .T. ) ;
#3732 = EDGE_CURVE ( 'NONE', #5329, #3719, #3543, .T. ) ;
#3733 = LINE ( 'NONE', #5670, #595 ) ;
#3734 = CARTESIAN_POINT ( 'NONE',  ( 107.7001076974038654, -145.7008696982395293, -2.750000000000171418 ) ) ;
#3735 = LINE ( 'NONE', #4572, #3578 ) ;
#3736 = PLANE ( 'NONE',  #1224 ) ;
#3737 = DIRECTION ( 'NONE',  ( -2.597020929432778652E-05, 0.9999999996627739751, 0.000000000000000000 ) ) ;
#3738 = ADVANCED_FACE ( 'NONE', ( #4563 ), #2689, .T. ) ;
#3739 = VERTEX_POINT ( 'NONE', #210 ) ;
#3740 = EDGE_CURVE ( 'NONE', #2949, #1851, #4110, .T. ) ;
#3741 = ORIENTED_EDGE ( 'NONE', *, *, #5842, .F. ) ;
#3742 = ORIENTED_EDGE ( 'NONE', *, *, #773, .F. ) ;
#3743 = AXIS2_PLACEMENT_3D ( 'NONE', #4215, #4177, #3165 ) ;
#3744 = ADVANCED_FACE ( 'NONE', ( #6086 ), #768, .T. ) ;
#3745 = CARTESIAN_POINT ( 'NONE',  ( 143.6261406301447039, -143.6307808262069727, 3.500000000000000000 ) ) ;
#3746 = LINE ( 'NONE', #289, #6207 ) ;
#3747 = LINE ( 'NONE', #5209, #2440 ) ;
#3748 = CARTESIAN_POINT ( 'NONE',  ( 102.8595053415023983, -60.29307387543439489, -2.750000000000000000 ) ) ;
#3749 = AXIS2_PLACEMENT_3D ( 'NONE', #3990, #5354, #3420 ) ;
#3750 = ORIENTED_EDGE ( 'NONE', *, *, #423, .F. ) ;
#3751 = ORIENTED_EDGE ( 'NONE', *, *, #4713, .F. ) ;
#3752 = VECTOR ( 'NONE', #4222, 1000.000000000000114 ) ;
#3753 = ORIENTED_EDGE ( 'NONE', *, *, #613, .F. ) ;
#3754 = EDGE_LOOP ( 'NONE', ( #4011, #5709, #3849, #3891 ) ) ;
#3755 = CIRCLE ( 'NONE', #4976, 3.450050406124149038 ) ;
#3756 = AXIS2_PLACEMENT_3D ( 'NONE', #2065, #2596, #1241 ) ;
#3757 = CARTESIAN_POINT ( 'NONE',  ( 100.9809638309953641, -108.9229357834970244, -3.549347634668793550 ) ) ;
#3758 = DIRECTION ( 'NONE',  ( 0.000000000000000000, 0.000000000000000000, -1.000000000000000000 ) ) ;
#3759 = DIRECTION ( 'NONE',  ( 0.3876575835955782257, -0.9218034486162639540, 0.000000000000000000 ) ) ;
#3760 = ORIENTED_EDGE ( 'NONE', *, *, #1549, .T. ) ;
#3761 = ORIENTED_EDGE ( 'NONE', *, *, #439, .T. ) ;
#3762 = FACE_OUTER_BOUND ( 'NONE', #3040, .T. ) ;
#3763 = CARTESIAN_POINT ( 'NONE',  ( 102.1816036903140343, -62.99624880650843295, -2.750000000000000000 ) ) ;
#3764 = LINE ( 'NONE', #4276, #779 ) ;
#3765 = ORIENTED_EDGE ( 'NONE', *, *, #5141, .F. ) ;
#3766 = CARTESIAN_POINT ( 'NONE',  ( 107.7002665619962585, -56.29907359963328872, -2.750000000000171418 ) ) ;
#3767 = DIRECTION ( 'NONE',  ( 0.000000000000000000, -0.000000000000000000, -1.000000000000000000 ) ) ;
#3768 = LINE ( 'NONE', #3803, #4302 ) ;
#3769 = CARTESIAN_POINT ( 'NONE',  ( 141.3062378334319931, -56.04941572976673569, 3.500000000000000000 ) ) ;
#3770 = CARTESIAN_POINT ( 'NONE',  ( 108.0000492667944201, -63.00006420793567941, -4.499999999999975131 ) ) ;
#3771 = ORIENTED_EDGE ( 'NONE', *, *, #848, .F. ) ;
#3772 = ADVANCED_FACE ( 'NONE', ( #707 ), #3188, .T. ) ;
#3773 = VERTEX_POINT ( 'NONE', #3127 ) ;
#3774 = ORIENTED_EDGE ( 'NONE', *, *, #176, .T. ) ;
#3775 = EDGE_CURVE ( 'NONE', #6043, #161, #2597, .T. ) ;
#3776 = AXIS2_PLACEMENT_3D ( 'NONE', #5649, #4573, #5520 ) ;
#3777 = LINE ( 'NONE', #3903, #2368 ) ;
#3778 = DIRECTION ( 'NONE',  ( 1.000000000000000000, 0.000000000000000000, 0.000000000000000000 ) ) ;
#3779 = DIRECTION ( 'NONE',  ( -0.000000000000000000, -0.000000000000000000, 1.000000000000000000 ) ) ;
#3780 = CARTESIAN_POINT ( 'NONE',  ( 105.6383751220752742, -144.3005804079244285, -2.750000000000000000 ) ) ;
#3781 = ADVANCED_FACE ( 'NONE', ( #5612 ), #4622, .F. ) ;
#3782 = AXIS2_PLACEMENT_3D ( 'NONE', #3523, #2513, #1659 ) ;
#3783 = ORIENTED_EDGE ( 'NONE', *, *, #5062, .T. ) ;
#3784 = AXIS2_PLACEMENT_3D ( 'NONE', #1730, #754, #1197 ) ;
#3785 = ORIENTED_EDGE ( 'NONE', *, *, #5101, .T. ) ;
#3786 = EDGE_CURVE ( 'NONE', #1035, #5623, #3159, .T. ) ;
#3787 = ADVANCED_FACE ( 'NONE', ( #2658 ), #637, .T. ) ;
#3788 = DIRECTION ( 'NONE',  ( 0.3826834323134477578, 0.000000000000000000, -0.9238795325326775165 ) ) ;
#3789 = VECTOR ( 'NONE', #6092, 1000.000000000000114 ) ;
#3790 = LINE ( 'NONE', #1799, #721 ) ;
#3791 = CARTESIAN_POINT ( 'NONE',  ( 143.2203939651227245, -70.28921200666395919, 12.40607764360209053 ) ) ;
#3792 = EDGE_CURVE ( 'NONE', #2112, #3412, #1774, .T. ) ;
#3793 = VECTOR ( 'NONE', #4479, 1000.000000000000114 ) ;
#3794 = ORIENTED_EDGE ( 'NONE', *, *, #4943, .T. ) ;
#3795 = ORIENTED_EDGE ( 'NONE', *, *, #4641, .F. ) ;
#3796 = DIRECTION ( 'NONE',  ( 0.5781303490982433457, 0.4071428489505140580, -0.7071067811865491270 ) ) ;
#3797 = DIRECTION ( 'NONE',  ( 0.000000000000000000, 0.000000000000000000, -1.000000000000000000 ) ) ;
#3798 = DIRECTION ( 'NONE',  ( -9.001978983153304548E-06, 0.9999999999594821887, 0.000000000000000000 ) ) ;
#3799 = LINE ( 'NONE', #2306, #3901 ) ;
#3800 = VECTOR ( 'NONE', #1748, 999.9999999999998863 ) ;
#3801 = LINE ( 'NONE', #2281, #4019 ) ;
#3802 = DIRECTION ( 'NONE',  ( 0.000000000000000000, 0.000000000000000000, -1.000000000000000000 ) ) ;
#3803 = CARTESIAN_POINT ( 'NONE',  ( 102.1804513891901109, -121.6868953182585074, -2.750000000000000000 ) ) ;
#3804 = CARTESIAN_POINT ( 'NONE',  ( 132.2583707093860141, -129.6844991896951740, 3.000000000000000000 ) ) ;
#3805 = CARTESIAN_POINT ( 'NONE',  ( 143.5274360161915297, -59.74947132700140884, -4.725790569707692512 ) ) ;
#3806 = EDGE_LOOP ( 'NONE', ( #1866, #4859, #5805, #1252, #5710, #5527, #1188, #1519, #3105 ) ) ;
#3807 = EDGE_LOOP ( 'NONE', ( #6125, #827, #3017, #824 ) ) ;
#3808 = VECTOR ( 'NONE', #2562, 1000.000000000000000 ) ;
#3809 = ORIENTED_EDGE ( 'NONE', *, *, #6234, .F. ) ;
#3810 = DIRECTION ( 'NONE',  ( 0.000000000000000000, 0.000000000000000000, 1.000000000000000000 ) ) ;
#3811 = CARTESIAN_POINT ( 'NONE',  ( 107.7002665619962585, -56.29907359963328162, -3.950000000000187583 ) ) ;
#3812 = CARTESIAN_POINT ( 'NONE',  ( 107.9815533684557352, -138.9500309607401789, 3.500000000000000000 ) ) ;
#3813 = CARTESIAN_POINT ( 'NONE',  ( 143.2203939651227245, -57.96357186145747420, 3.000000000000000000 ) ) ;
#3814 = VECTOR ( 'NONE', #4314, 1000.000000000000000 ) ;
#3815 = EDGE_CURVE ( 'NONE', #2820, #161, #272, .T. ) ;
#3816 = VERTEX_POINT ( 'NONE', #4078 ) ;
#3817 = VECTOR ( 'NONE', #723, 1000.000000000000000 ) ;
#3818 = ORIENTED_EDGE ( 'NONE', *, *, #1356, .F. ) ;
#3819 = ORIENTED_EDGE ( 'NONE', *, *, #819, .T. ) ;
#3820 = EDGE_CURVE ( 'NONE', #4883, #1610, #2180, .T. ) ;
#3821 = CARTESIAN_POINT ( 'NONE',  ( 102.1815201703512628, -67.25020683058068016, 0.000000000000000000 ) ) ;
#3822 = CARTESIAN_POINT ( 'NONE',  ( 107.9800631888001590, -63.05007250392394269, 0.000000000000000000 ) ) ;
#3823 = CARTESIAN_POINT ( 'NONE',  ( 102.9097106693146060, -58.22093482968572431, 3.167916542394097146 ) ) ;
#3824 = ADVANCED_FACE ( 'NONE', ( #4172 ), #1683, .T. ) ;
#3825 = ORIENTED_EDGE ( 'NONE', *, *, #2849, .T. ) ;
#3826 = ORIENTED_EDGE ( 'NONE', *, *, #3125, .F. ) ;
#3827 = ADVANCED_FACE ( 'NONE', ( #6115 ), #5098, .T. ) ;
#3828 = CARTESIAN_POINT ( 'NONE',  ( 107.6939446901550355, -144.7474444724507521, 0.000000000000000000 ) ) ;
#3829 = CARTESIAN_POINT ( 'NONE',  ( 107.6939446901550355, -144.7474444724507521, -2.750000000000000000 ) ) ;
#3830 = FACE_OUTER_BOUND ( 'NONE', #685, .T. ) ;
#3831 = DIRECTION ( 'NONE',  ( -0.000000000000000000, -0.000000000000000000, 1.000000000000000000 ) ) ;
#3832 = EDGE_CURVE ( 'NONE', #222, #3883, #1300, .T. ) ;
#3833 = ORIENTED_EDGE ( 'NONE', *, *, #4297, .F. ) ;
#3834 = DIRECTION ( 'NONE',  ( 1.000000000000000000, 0.000000000000000000, 0.000000000000000000 ) ) ;
#3835 = FACE_OUTER_BOUND ( 'NONE', #2487, .T. ) ;
#3836 = AXIS2_PLACEMENT_3D ( 'NONE', #715, #5910, #5014 ) ;
#3837 = DIRECTION ( 'NONE',  ( -0.4246756612907174877, -0.9053455598318753683, 0.000000000000000000 ) ) ;
#3838 = DIRECTION ( 'NONE',  ( 0.000000000000000000, 0.000000000000000000, -1.000000000000000000 ) ) ;
#3839 = CARTESIAN_POINT ( 'NONE',  ( 144.2204432323657954, -144.4507059086088248, 0.000000000000000000 ) ) ;
#3840 = ORIENTED_EDGE ( 'NONE', *, *, #2700, .F. ) ;
#3841 = VERTEX_POINT ( 'NONE', #800 ) ;
#3842 = VERTEX_POINT ( 'NONE', #3221 ) ;
#3843 = VECTOR ( 'NONE', #5861, 1000.000000000000000 ) ;
#3844 = DIRECTION ( 'NONE',  ( -0.000000000000000000, -0.000000000000000000, 1.000000000000000000 ) ) ;
#3845 = CARTESIAN_POINT ( 'NONE',  ( 107.9800631888001590, -63.05007250392394269, 2.499999999999976463 ) ) ;
#3846 = PLANE ( 'NONE',  #4569 ) ;
#3847 = ORIENTED_EDGE ( 'NONE', *, *, #5331, .F. ) ;
#3848 = VECTOR ( 'NONE', #5280, 1000.000000000000114 ) ;
#3849 = ORIENTED_EDGE ( 'NONE', *, *, #1858, .T. ) ;
#3850 = ORIENTED_EDGE ( 'NONE', *, *, #208, .F. ) ;
#3851 = DIRECTION ( 'NONE',  ( 0.9999999999518158766, -9.816735652869698397E-06, 0.000000000000000000 ) ) ;
#3852 = DIRECTION ( 'NONE',  ( 0.000000000000000000, 0.000000000000000000, -1.000000000000000000 ) ) ;
#3853 = CARTESIAN_POINT ( 'NONE',  ( 107.7067350192257891, -58.55843578152705931, -2.750000000000000000 ) ) ;
#3854 = EDGE_LOOP ( 'NONE', ( #2854, #2415, #2022, #3212 ) ) ;
#3855 = EDGE_CURVE ( 'NONE', #791, #1480, #3755, .T. ) ;
#3856 = AXIS2_PLACEMENT_3D ( 'NONE', #4688, #3802, #5230 ) ;
#3857 = LINE ( 'NONE', #488, #4957 ) ;
#3858 = EDGE_CURVE ( 'NONE', #1851, #3497, #2784, .T. ) ;
#3859 = DIRECTION ( 'NONE',  ( -1.000000000000000000, 0.000000000000000000, 0.000000000000000000 ) ) ;
#3860 = FACE_OUTER_BOUND ( 'NONE', #4492, .T. ) ;
#3861 = LINE ( 'NONE', #1838, #1380 ) ;
#3862 = ADVANCED_FACE ( 'NONE', ( #3830 ), #5698, .T. ) ;
#3863 = ORIENTED_EDGE ( 'NONE', *, *, #1892, .T. ) ;
#3864 = LINE ( 'NONE', #5292, #743 ) ;
#3865 = PLANE ( 'NONE',  #4667 ) ;
#3866 = EDGE_CURVE ( 'NONE', #787, #3522, #5192, .T. ) ;
#3867 = DIRECTION ( 'NONE',  ( 1.000000000000000000, 0.000000000000000000, 0.000000000000000000 ) ) ;
#3868 = CARTESIAN_POINT ( 'NONE',  ( 107.9816026354566532, -63.05003324744097881, 0.000000000000000000 ) ) ;
#3869 = CARTESIAN_POINT ( 'NONE',  ( 107.7067350192257891, -58.55843578152705931, 0.000000000000000000 ) ) ;
#3870 = ORIENTED_EDGE ( 'NONE', *, *, #1621, .F. ) ;
#3871 = ORIENTED_EDGE ( 'NONE', *, *, #4170, .T. ) ;
#3872 = ORIENTED_EDGE ( 'NONE', *, *, #2938, .F. ) ;
#3873 = CYLINDRICAL_SURFACE ( 'NONE', #4897, 3.750050406075150278 ) ;
#3874 = CARTESIAN_POINT ( 'NONE',  ( 107.7008192247405418, -0.001057270472281600024, -4.928658879507892485E-13 ) ) ;
#3875 = CARTESIAN_POINT ( 'NONE',  ( 142.2795508170041217, -59.74943891916606731, 0.000000000000000000 ) ) ;
#3876 = ORIENTED_EDGE ( 'NONE', *, *, #395, .T. ) ;
#3877 = ORIENTED_EDGE ( 'NONE', *, *, #5294, .F. ) ;
#3878 = ORIENTED_EDGE ( 'NONE', *, *, #5257, .F. ) ;
#3879 = DIRECTION ( 'NONE',  ( 0.9238795325314326234, -1.641709135182859895E-06, 0.3826834323129321147 ) ) ;
#3880 = CARTESIAN_POINT ( 'NONE',  ( 106.3002487928080910, -59.98033468612522512, -2.750000000000000000 ) ) ;
#3881 = DIRECTION ( 'NONE',  ( 7.665399808497081443E-15, 1.000000000000000000, 0.000000000000000000 ) ) ;
#3882 = AXIS2_PLACEMENT_3D ( 'NONE', #655, #3464, #2102 ) ;
#3883 = VERTEX_POINT ( 'NONE', #3727 ) ;
#3884 = CARTESIAN_POINT ( 'NONE',  ( 141.7204432326926451, -55.04940756665430257, 2.499999999999999112 ) ) ;
#3885 = VECTOR ( 'NONE', #1153, 1000.000000000000114 ) ;
#3886 = AXIS2_PLACEMENT_3D ( 'NONE', #1933, #5350, #4810 ) ;
#3887 = CARTESIAN_POINT ( 'NONE',  ( 124.5144599240285999, -145.0160000001462492, 3.500000000000000000 ) ) ;
#3888 = SURFACE_STYLE_FILL_AREA ( #175 ) ;
#3889 = CARTESIAN_POINT ( 'NONE',  ( 166.0928802417453483, -121.1647670344903673, 3.500000000000000000 ) ) ;
#3890 = EDGE_CURVE ( 'NONE', #453, #1039, #2305, .T. ) ;
#3891 = ORIENTED_EDGE ( 'NONE', *, *, #4534, .T. ) ;
#3892 = FACE_OUTER_BOUND ( 'NONE', #2805, .T. ) ;
#3893 = DIRECTION ( 'NONE',  ( -0.9999403047617458906, 0.01092643185063969617, 0.000000000000000000 ) ) ;
#3894 = EDGE_CURVE ( 'NONE', #3587, #5439, #954, .T. ) ;
#3895 = DIRECTION ( 'NONE',  ( -0.000000000000000000, -0.000000000000000000, -1.000000000000000000 ) ) ;
#3896 = FACE_OUTER_BOUND ( 'NONE', #255, .T. ) ;
#3897 = CARTESIAN_POINT ( 'NONE',  ( 105.0583277659233374, -58.75187546658205662, -2.750000000000000000 ) ) ;
#3898 = ORIENTED_EDGE ( 'NONE', *, *, #4526, .T. ) ;
#3899 = ORIENTED_EDGE ( 'NONE', *, *, #1555, .T. ) ;
#3900 = ADVANCED_FACE ( 'NONE', ( #2276 ), #2841, .T. ) ;
#3901 = VECTOR ( 'NONE', #2337, 1000.000000000000227 ) ;
#3902 = ADVANCED_FACE ( 'NONE', ( #2753 ), #1837, .F. ) ;
#3903 = CARTESIAN_POINT ( 'NONE',  ( 101.2287390211994449, -65.26896559120720553, -2.750000000000182965 ) ) ;
#3904 = DIRECTION ( 'NONE',  ( 1.000000000000000000, -0.000000000000000000, 0.000000000000000000 ) ) ;
#3905 = LINE ( 'NONE', #942, #1839 ) ;
#3906 = AXIS2_PLACEMENT_3D ( 'NONE', #1927, #1419, #4806 ) ;
#3907 = ORIENTED_EDGE ( 'NONE', *, *, #3696, .F. ) ;
#3908 = ORIENTED_EDGE ( 'NONE', *, *, #5532, .F. ) ;
#3909 = ORIENTED_EDGE ( 'NONE', *, *, #5064, .F. ) ;
#3910 = VERTEX_POINT ( 'NONE', #3283 ) ;
#3911 = CARTESIAN_POINT ( 'NONE',  ( 101.0040248452708056, 0.000000000000000000, 0.000000000000000000 ) ) ;
#3912 = ORIENTED_EDGE ( 'NONE', *, *, #3588, .T. ) ;
#3913 = CARTESIAN_POINT ( 'NONE',  ( 142.2795508170035248, -140.3098254915470022, -2.750000000000000000 ) ) ;
#3914 = DIRECTION ( 'NONE',  ( 0.9999999998695326964, -1.615346999861855197E-05, 0.000000000000000000 ) ) ;
#3915 = VERTEX_POINT ( 'NONE', #5226 ) ;
#3916 = ORIENTED_EDGE ( 'NONE', *, *, #2849, .F. ) ;
#3917 = CARTESIAN_POINT ( 'NONE',  ( 143.1945612729249717, -94.46772382334611962, -2.750000000000002665 ) ) ;
#3918 = CARTESIAN_POINT ( 'NONE',  ( 101.2286871357896700, -94.46772382334614804, -3.950000000000189360 ) ) ;
#3919 = CARTESIAN_POINT ( 'NONE',  ( 104.6541176665219695, -70.25013805109517762, 2.500000000000000000 ) ) ;
#3920 = PLANE ( 'NONE',  #288 ) ;
#3921 = ORIENTED_EDGE ( 'NONE', *, *, #5832, .F. ) ;
#3922 = CARTESIAN_POINT ( 'NONE',  ( 108.0000492667944201, -63.00006420793567941, -2.750000000000000000 ) ) ;
#3923 = CARTESIAN_POINT ( 'NONE',  ( 100.9812570738576625, -123.8588000493400756, 3.499999999999997780 ) ) ;
#3924 = LINE ( 'NONE', #4914, #1182 ) ;
#3925 = DIRECTION ( 'NONE',  ( -4.428460802211570131E-06, 0.7071067811725639807, -0.7071067811866638131 ) ) ;
#3926 = DIRECTION ( 'NONE',  ( 0.8266401057623754545, 0.5627309619571049248, 0.000000000000000000 ) ) ;
#3927 = ORIENTED_EDGE ( 'NONE', *, *, #3704, .F. ) ;
#3928 = ORIENTED_EDGE ( 'NONE', *, *, #4377, .F. ) ;
#3929 = EDGE_CURVE ( 'NONE', #6034, #4353, #4684, .T. ) ;
#3930 = AXIS2_PLACEMENT_3D ( 'NONE', #5297, #4848, #1025 ) ;
#3931 = DIRECTION ( 'NONE',  ( -0.01193634130095833600, 0.9999287593405576935, 0.000000000000000000 ) ) ;
#3932 = ADVANCED_FACE ( 'NONE', ( #1397 ), #889, .F. ) ;
#3933 = LINE ( 'NONE', #2129, #1761 ) ;
#3934 = CARTESIAN_POINT ( 'NONE',  ( 101.2287434636320995, -94.46772382334611962, -5.449999999998969891 ) ) ;
#3935 = EDGE_CURVE ( 'NONE', #2243, #995, #2875, .T. ) ;
#3936 = AXIS2_PLACEMENT_3D ( 'NONE', #4031, #5045, #2046 ) ;
#3937 = VERTEX_POINT ( 'NONE', #5667 ) ;
#3938 = EDGE_CURVE ( 'NONE', #2349, #5203, #4747, .T. ) ;
#3939 = ORIENTED_EDGE ( 'NONE', *, *, #2662, .T. ) ;
#3940 = ORIENTED_EDGE ( 'NONE', *, *, #884, .F. ) ;
#3941 = FACE_OUTER_BOUND ( 'NONE', #2608, .T. ) ;
#3942 = VECTOR ( 'NONE', #1590, 1000.000000000000000 ) ;
#3943 = DIRECTION ( 'NONE',  ( 0.01091787975199173290, -0.9999403981746717296, 0.000000000000000000 ) ) ;
#3944 = ORIENTED_EDGE ( 'NONE', *, *, #2269, .T. ) ;
#3945 = CARTESIAN_POINT ( 'NONE',  ( -0.5405611398687226732, -117.3950486867715028, -50.91346718898544310 ) ) ;
#3946 = DIRECTION ( 'NONE',  ( -0.000000000000000000, -0.000000000000000000, 1.000000000000000000 ) ) ;
#3947 = ADVANCED_FACE ( 'NONE', ( #3860 ), #4811, .F. ) ;
#3948 = VERTEX_POINT ( 'NONE', #4779 ) ;
#3949 = CIRCLE ( 'NONE', #1725, 0.5000000000000143219 ) ;
#3950 = CONICAL_SURFACE ( 'NONE', #5065, 3.750050406075150278, 0.7853981633161591924 ) ;
#3951 = VERTEX_POINT ( 'NONE', #2336 ) ;
#3952 = DIRECTION ( 'NONE',  ( 0.000000000000000000, 0.000000000000000000, 1.000000000000000000 ) ) ;
#3953 = DIRECTION ( 'NONE',  ( -0.000000000000000000, 1.284980352575898046E-14, -1.000000000000000000 ) ) ;
#3954 = FACE_OUTER_BOUND ( 'NONE', #2870, .T. ) ;
#3955 = CIRCLE ( 'NONE', #4258, 0.4999999999999726885 ) ;
#3956 = LINE ( 'NONE', #5835, #2653 ) ;
#3957 = CARTESIAN_POINT ( 'NONE',  ( 104.9179784943780760, -140.5978194557504537, -2.750000000000000000 ) ) ;
#3958 = AXIS2_PLACEMENT_3D ( 'NONE', #4139, #3670, #3097 ) ;
#3959 = LINE ( 'NONE', #5904, #2182 ) ;
#3960 = DIRECTION ( 'NONE',  ( 1.000000000000000000, 0.000000000000000000, 0.000000000000000000 ) ) ;
#3961 = DIRECTION ( 'NONE',  ( -0.000000000000000000, -0.000000000000000000, -1.000000000000000000 ) ) ;
#3962 = ORIENTED_EDGE ( 'NONE', *, *, #1382, .T. ) ;
#3963 = ORIENTED_EDGE ( 'NONE', *, *, #6152, .T. ) ;
#3964 = LINE ( 'NONE', #5462, #2769 ) ;
#3965 = CARTESIAN_POINT ( 'NONE',  ( 105.1689392345624157, -57.95832068211104371, -4.336808689942017736E-16 ) ) ;
#3966 = CIRCLE ( 'NONE', #1553, 0.5000000000000281997 ) ;
#3967 = ADVANCED_FACE ( 'NONE', ( #4274 ), #490, .F. ) ;
#3968 = CARTESIAN_POINT ( 'NONE',  ( 121.2907445601585863, -86.56944730317847814, 3.499999999999989342 ) ) ;
#3969 = VERTEX_POINT ( 'NONE', #2405 ) ;
#3970 = EDGE_CURVE ( 'NONE', #2792, #3948, #4343, .T. ) ;
#3971 = ORIENTED_EDGE ( 'NONE', *, *, #6033, .T. ) ;
#3972 = ORIENTED_EDGE ( 'NONE', *, *, #5852, .T. ) ;
#3973 = CARTESIAN_POINT ( 'NONE',  ( 104.6541176665219695, -70.25013805109517762, 2.500000000000000000 ) ) ;
#3974 = EDGE_LOOP ( 'NONE', ( #5695, #4001, #4418, #3150 ) ) ;
#3975 = ADVANCED_FACE ( 'NONE', ( #6143 ), #3252, .T. ) ;
#3976 = CARTESIAN_POINT ( 'NONE',  ( 129.8924095756712802, -69.25013805109517762, 3.000000000000000000 ) ) ;
#3977 = DIRECTION ( 'NONE',  ( -0.000000000000000000, -0.000000000000000000, 1.000000000000000000 ) ) ;
#3978 = ORIENTED_EDGE ( 'NONE', *, *, #5542, .F. ) ;
#3979 = EDGE_CURVE ( 'NONE', #1049, #4359, #5863, .T. ) ;
#3980 = EDGE_CURVE ( 'NONE', #4430, #414, #2904, .T. ) ;
#3981 = ORIENTED_EDGE ( 'NONE', *, *, #1386, .F. ) ;
#3982 = DIRECTION ( 'NONE',  ( 0.9235993073262013242, -0.3833592564508662703, 0.000000000000000000 ) ) ;
#3983 = PLANE ( 'NONE',  #4239 ) ;
#3984 = DIRECTION ( 'NONE',  ( -1.000000000000000000, 0.000000000000000000, 0.000000000000000000 ) ) ;
#3985 = ADVANCED_FACE ( 'NONE', ( #4404 ), #1542, .T. ) ;
#3986 = AXIS2_PLACEMENT_3D ( 'NONE', #4826, #1477, #3298 ) ;
#3987 = DIRECTION ( 'NONE',  ( 0.1416775115021189635, -0.9899128662334715223, -0.000000000000000000 ) ) ;
#3988 = AXIS2_PLACEMENT_3D ( 'NONE', #4385, #3844, #5781 ) ;
#3989 = DIRECTION ( 'NONE',  ( 0.9999403981746640691, 0.01091787975268916806, 0.000000000000000000 ) ) ;
#3990 = CARTESIAN_POINT ( 'NONE',  ( -0.0002429848056530820250, -136.7408417776793783, 4.995691219818933225E-18 ) ) ;
#3991 = AXIS2_PLACEMENT_3D ( 'NONE', #1795, #1379, #5272 ) ;
#3992 = FACE_OUTER_BOUND ( 'NONE', #4459, .T. ) ;
#3993 = CARTESIAN_POINT ( 'NONE',  ( 107.9800631888001590, -63.05007250392394269, 0.000000000000000000 ) ) ;
#3994 = LINE ( 'NONE', #2039, #2724 ) ;
#3995 = EDGE_LOOP ( 'NONE', ( #975, #1488, #3087, #1722 ) ) ;
#3996 = PRODUCT_DEFINITION_SHAPE ( 'NONE', 'NONE',  #478 ) ;
#3997 = DIRECTION ( 'NONE',  ( -0.1416775115021189912, 0.9899128662334715223, 0.000000000000000000 ) ) ;
#3998 = DIRECTION ( 'NONE',  ( -0.000000000000000000, -0.000000000000000000, 1.000000000000000000 ) ) ;
#3999 = CARTESIAN_POINT ( 'NONE',  ( 102.1809857960124930, -94.46772382334611962, -2.750000000000000000 ) ) ;
#4000 = VERTEX_POINT ( 'NONE', #4500 ) ;
#4001 = ORIENTED_EDGE ( 'NONE', *, *, #1966, .T. ) ;
#4002 = ORIENTED_EDGE ( 'NONE', *, *, #3148, .F. ) ;
#4003 = ORIENTED_EDGE ( 'NONE', *, *, #2546, .T. ) ;
#4004 = VECTOR ( 'NONE', #4334, 1000.000000000000114 ) ;
#4005 = VECTOR ( 'NONE', #6172, 1000.000000000000000 ) ;
#4006 = CARTESIAN_POINT ( 'NONE',  ( 139.7044195773284514, -85.56944730317847814, 1.250000000000000000 ) ) ;
#4007 = LINE ( 'NONE', #5950, #5784 ) ;
#4008 = FACE_OUTER_BOUND ( 'NONE', #1485, .T. ) ;
#4009 = EDGE_CURVE ( 'NONE', #4884, #3842, #6090, .T. ) ;
#4010 = EDGE_CURVE ( 'NONE', #4645, #756, #2436, .T. ) ;
#4011 = ORIENTED_EDGE ( 'NONE', *, *, #6042, .F. ) ;
#4012 = CARTESIAN_POINT ( 'NONE',  ( 105.0780741684001782, -143.2661015698813003, 0.000000000000000000 ) ) ;
#4013 = DIRECTION ( 'NONE',  ( -0.6401759846742555160, 0.3002910399035502720, 0.7071067811865416886 ) ) ;
#4014 = DIRECTION ( 'NONE',  ( 0.8714895164334135469, -0.000000000000000000, -0.4904141339181151693 ) ) ;
#4015 = CARTESIAN_POINT ( 'NONE',  ( 107.7002695070169551, -55.99907359964768716, -4.725735931288185476 ) ) ;
#4016 = DIRECTION ( 'NONE',  ( -5.834239919695888847E-14, 1.036728681367036903E-19, 1.000000000000000000 ) ) ;
#4017 = EDGE_CURVE ( 'NONE', #453, #1828, #4374, .T. ) ;
#4018 = ADVANCED_FACE ( 'NONE', ( #5930 ), #5421, .T. ) ;
#4019 = VECTOR ( 'NONE', #1809, 1000.000000000000000 ) ;
#4020 = VECTOR ( 'NONE', #1042, 1000.000000000000000 ) ;
#4021 = CIRCLE ( 'NONE', #4331, 2.499999999999988454 ) ;
#4022 = LINE ( 'NONE', #3569, #6254 ) ;
#4023 = CARTESIAN_POINT ( 'NONE',  ( 102.8595053415023983, -60.29307387543439489, -2.750000000000000000 ) ) ;
#4024 = CARTESIAN_POINT ( 'NONE',  ( 100.9800631888001590, -63.05007250392394269, 3.500000000000000000 ) ) ;
#4025 = DIRECTION ( 'NONE',  ( 0.000000000000000000, 0.000000000000000000, -1.000000000000000000 ) ) ;
#4026 = CARTESIAN_POINT ( 'NONE',  ( 101.2286387680567827, -121.6868953182585074, -3.950000000000189360 ) ) ;
#4027 = MANIFOLD_SOLID_BREP ( 'Chamfer10', #5969 ) ;
#4028 = ORIENTED_EDGE ( 'NONE', *, *, #6185, .T. ) ;
#4029 = CARTESIAN_POINT ( 'NONE',  ( 122.1792686219252033, -86.56944730317847814, 3.000000000000000000 ) ) ;
#4030 = DIRECTION ( 'NONE',  ( -0.9999999998058088924, -1.970741631024010553E-05, 0.000000000000000000 ) ) ;
#4031 = CARTESIAN_POINT ( 'NONE',  ( 103.3002139542100366, -60.52924313398717970, 0.000000000000000000 ) ) ;
#4032 = ORIENTED_EDGE ( 'NONE', *, *, #6061, .T. ) ;
#4033 = EDGE_LOOP ( 'NONE', ( #5744, #1780, #3972, #1046 ) ) ;
#4034 = VERTEX_POINT ( 'NONE', #2531 ) ;
#4035 = ORIENTED_EDGE ( 'NONE', *, *, #3657, .T. ) ;
#4036 = LINE ( 'NONE', #1613, #4626 ) ;
#4037 = CIRCLE ( 'NONE', #3122, 1.300000000000009592 ) ;
#4038 = FACE_BOUND ( 'NONE', #5653, .T. ) ;
#4039 = DIRECTION ( 'NONE',  ( -0.9999999998058088924, 1.970741632085222896E-05, 0.000000000000000000 ) ) ;
#4040 = EDGE_LOOP ( 'NONE', ( #2196, #3753, #2925, #3825, #6032, #4194, #268 ) ) ;
#4041 = DIRECTION ( 'NONE',  ( 0.7071206901539551781, 0.7070928719455416012, 0.000000000000000000 ) ) ;
#4042 = CARTESIAN_POINT ( 'NONE',  ( 107.9800631888001590, -63.05007250392394269, 3.500000000000000000 ) ) ;
#4043 = LINE ( 'NONE', #3091, #5575 ) ;
#4044 = DIRECTION ( 'NONE',  ( 0.3186574539433740250, 0.6312348430230562135, 0.7071067811865363595 ) ) ;
#4045 = EDGE_CURVE ( 'NONE', #2655, #4419, #5899, .T. ) ;
#4046 = CIRCLE ( 'NONE', #426, 2.499999999999974243 ) ;
#4047 = EDGE_CURVE ( 'NONE', #414, #1471, #4941, .T. ) ;
#4048 = ADVANCED_FACE ( 'NONE', ( #5449 ), #2063, .T. ) ;
#4049 = DIRECTION ( 'NONE',  ( -1.000000000000000000, 0.000000000000000000, 0.000000000000000000 ) ) ;
#4050 = CARTESIAN_POINT ( 'NONE',  ( 107.9800631888001590, -63.05007250392394269, 3.500000000000000000 ) ) ;
#4051 = DIRECTION ( 'NONE',  ( 0.000000000000000000, 0.000000000000000000, -1.000000000000000000 ) ) ;
#4052 = DIRECTION ( 'NONE',  ( -0.7071067811303392014, 0.000000000000000000, -0.7071067812427559440 ) ) ;
#4053 = AXIS2_PLACEMENT_3D ( 'NONE', #4639, #319, #2766 ) ;
#4054 = VECTOR ( 'NONE', #3698, 1000.000000000000000 ) ;
#4055 = EDGE_CURVE ( 'NONE', #253, #4430, #1111, .T. ) ;
#4056 = ORIENTED_EDGE ( 'NONE', *, *, #2620, .T. ) ;
#4057 = LINE ( 'NONE', #5012, #1169 ) ;
#4058 = PLANE ( 'NONE',  #5609 ) ;
#4059 = EDGE_CURVE ( 'NONE', #5277, #838, #2560, .T. ) ;
#4060 =( BOUNDED_SURFACE ( )  B_SPLINE_SURFACE ( 1, 3, ( 
 ( #378, #6158, #1700, #3653 ),
 ( #2292, #5116, #4638, #2228 ) ),
 .UNSPECIFIED., .F., .F., .T. ) 
 B_SPLINE_SURFACE_WITH_KNOTS ( ( 2, 2 ),
 ( 4, 4 ),
 ( 0.000000000000000000, 1.000000000000000000 ),
 ( 0.000000000000000000, 1.000000000000000000 ),
 .UNSPECIFIED. ) 
 GEOMETRIC_REPRESENTATION_ITEM ( )  RATIONAL_B_SPLINE_SURFACE ( (
 ( 1.000000000000000000, 0.8047332090180447928, 0.8047332090180447928, 1.000000000000000000),
 ( 1.000000000000000000, 0.8047332090180447928, 0.8047332090180447928, 1.000000000000000000) ) ) 
 REPRESENTATION_ITEM ( '' )  SURFACE ( )  );
#4061 = DIRECTION ( 'NONE',  ( 0.000000000000000000, 0.000000000000000000, -1.000000000000000000 ) ) ;
#4062 = ORIENTED_EDGE ( 'NONE', *, *, #1724, .T. ) ;
#4063 = VERTEX_POINT ( 'NONE', #4669 ) ;
#4064 = EDGE_LOOP ( 'NONE', ( #3809, #4161, #5266, #2402 ) ) ;
#4065 = ORIENTED_EDGE ( 'NONE', *, *, #1399, .T. ) ;
#4066 = CARTESIAN_POINT ( 'NONE',  ( 143.1944786988996725, -67.25020683058068016, 1.250000000000000000 ) ) ;
#4067 = DIRECTION ( 'NONE',  ( 1.000000000000000000, 0.000000000000000000, 0.000000000000000000 ) ) ;
#4068 = FACE_OUTER_BOUND ( 'NONE', #4460, .T. ) ;
#4069 = EDGE_LOOP ( 'NONE', ( #1680, #2332, #2989, #2512 ) ) ;
#4070 = DIRECTION ( 'NONE',  ( 0.3695190589738285847, -0.9292231513770500273, 0.000000000000000000 ) ) ;
#4071 = CARTESIAN_POINT ( 'NONE',  ( 102.6822884034625929, -58.47474931054826897, 3.500000000000000444 ) ) ;
#4072 = DIRECTION ( 'NONE',  ( 2.597020929432778652E-05, -0.9999999996627739751, -3.653861547250550884E-19 ) ) ;
#4073 = LINE ( 'NONE', #266, #1687 ) ;
#4074 = ORIENTED_EDGE ( 'NONE', *, *, #281, .F. ) ;
#4075 = VERTEX_POINT ( 'NONE', #315 ) ;
#4076 = VECTOR ( 'NONE', #3904, 1000.000000000000000 ) ;
#4077 = DIRECTION ( 'NONE',  ( 0.9999999998072633955, 1.963347129017994027E-05, -0.000000000000000000 ) ) ;
#4078 = CARTESIAN_POINT ( 'NONE',  ( 142.2795508170037806, -121.6868953182585074, -2.750000000000002665 ) ) ;
#4079 = CARTESIAN_POINT ( 'NONE',  ( 107.9787240655056166, -145.9501115963414577, 3.500000000000000000 ) ) ;
#4080 = LINE ( 'NONE', #6022, #1578 ) ;
#4081 = EDGE_CURVE ( 'NONE', #5677, #1656, #1143, .T. ) ;
#4082 = VECTOR ( 'NONE', #1854, 1000.000000000000000 ) ;
#4083 = AXIS2_PLACEMENT_3D ( 'NONE', #4640, #2678, #2709 ) ;
#4084 = EDGE_CURVE ( 'NONE', #1239, #2295, #5115, .T. ) ;
#4085 = FACE_OUTER_BOUND ( 'NONE', #1755, .T. ) ;
#4086 = VECTOR ( 'NONE', #5168, 1000.000000000000000 ) ;
#4087 = AXIS2_PLACEMENT_3D ( 'NONE', #4778, #456, #3415 ) ;
#4088 = CARTESIAN_POINT ( 'NONE',  ( 107.9816026354566532, -63.05003324744097881, -2.750000000000000000 ) ) ;
#4089 = CARTESIAN_POINT ( 'NONE',  ( 101.2288983505878690, -121.6868953175760879, -5.449999999998969891 ) ) ;
#4090 = ORIENTED_EDGE ( 'NONE', *, *, #3703, .F. ) ;
#4091 = PLANE ( 'NONE',  #1622 ) ;
#4092 = ADVANCED_FACE ( 'NONE', ( #4220 ), #3714, .F. ) ;
#4093 = ORIENTED_EDGE ( 'NONE', *, *, #2773, .T. ) ;
#4094 = EDGE_LOOP ( 'NONE', ( #3296, #4611, #1374, #418 ) ) ;
#4095 = ORIENTED_EDGE ( 'NONE', *, *, #3470, .T. ) ;
#4096 = ORIENTED_EDGE ( 'NONE', *, *, #4946, .T. ) ;
#4097 = DIRECTION ( 'NONE',  ( -7.064954606356651146E-15, -1.000000000000000000, 0.000000000000000000 ) ) ;
#4098 = CARTESIAN_POINT ( 'NONE',  ( 107.9815533684557352, -138.9500309607401789, 2.500000000000000000 ) ) ;
#4099 = CARTESIAN_POINT ( 'NONE',  ( 108.8000492667944172, -63.00006420793567941, -5.000000000000000000 ) ) ;
#4100 = VECTOR ( 'NONE', #5515, 1000.000000000000000 ) ;
#4101 = ORIENTED_EDGE ( 'NONE', *, *, #5601, .F. ) ;
#4102 = ORIENTED_EDGE ( 'NONE', *, *, #894, .F. ) ;
#4103 = CARTESIAN_POINT ( 'NONE',  ( 107.7004602800198398, -201.9988860290091566, -4.928658879507892485E-13 ) ) ;
#4104 = CARTESIAN_POINT ( 'NONE',  ( 144.2204432323657954, -144.4507059086088248, 0.000000000000000000 ) ) ;
#4105 = DIRECTION ( 'NONE',  ( 3.020149216579562146E-16, 1.000000000000000000, 0.000000000000000000 ) ) ;
#4106 = VECTOR ( 'NONE', #3693, 1000.000000000000114 ) ;
#4107 = ORIENTED_EDGE ( 'NONE', *, *, #5808, .T. ) ;
#4108 = ORIENTED_EDGE ( 'NONE', *, *, #4900, .F. ) ;
#4109 = CARTESIAN_POINT ( 'NONE',  ( 143.2296012230398503, -59.74946359217056369, -2.750000000000000000 ) ) ;
#4110 = LINE ( 'NONE', #5070, #2042 ) ;
#4111 = LINE ( 'NONE', #4173, #3499 ) ;
#4112 = AXIS2_PLACEMENT_3D ( 'NONE', #1368, #3109, #4753 ) ;
#4113 = LINE ( 'NONE', #4625, #4305 ) ;
#4114 = CARTESIAN_POINT ( 'NONE',  ( 143.1944786988996725, -121.6868928208420328, -50.08231180386621872 ) ) ;
#4115 = DIRECTION ( 'NONE',  ( -0.4569634187068536968, 0.5396150794443574927, -0.7071067811865506814 ) ) ;
#4116 = DIRECTION ( 'NONE',  ( 0.9411312077786267993, -0.3380414911592112825, 0.000000000000000000 ) ) ;
#4117 = CARTESIAN_POINT ( 'NONE',  ( 50.27263674101958202, 26.90339843716530055, 3.000000000000000000 ) ) ;
#4118 = EDGE_CURVE ( 'NONE', #662, #1502, #1726, .T. ) ;
#4119 = VERTEX_POINT ( 'NONE', #3057 ) ;
#4120 = VERTEX_POINT ( 'NONE', #6157 ) ;
#4121 = EDGE_CURVE ( 'NONE', #1206, #6084, #782, .T. ) ;
#4122 = ORIENTED_EDGE ( 'NONE', *, *, #6023, .F. ) ;
#4123 = CARTESIAN_POINT ( 'NONE',  ( 107.8942595976835008, -55.05051006204097774, 0.000000000000000000 ) ) ;
#4124 = EDGE_CURVE ( 'NONE', #2483, #5374, #3236, .T. ) ;
#4125 = DIRECTION ( 'NONE',  ( -0.000000000000000000, -0.000000000000000000, 1.000000000000000000 ) ) ;
#4126 = DIRECTION ( 'NONE',  ( -1.521195564719533167E-05, 0.7747970503754975091, -0.6322100366951042272 ) ) ;
#4127 = CARTESIAN_POINT ( 'NONE',  ( 105.1689392345624157, -57.95832068211104371, -4.336808689942017736E-16 ) ) ;
#4128 = ORIENTED_EDGE ( 'NONE', *, *, #5024, .F. ) ;
#4129 = VECTOR ( 'NONE', #3327, 1000.000000000000000 ) ;
#4130 = VERTEX_POINT ( 'NONE', #4154 ) ;
#4131 = FACE_OUTER_BOUND ( 'NONE', #1938, .T. ) ;
#4132 = ORIENTED_EDGE ( 'NONE', *, *, #2466, .F. ) ;
#4133 = DIRECTION ( 'NONE',  ( 0.01091787975242307536, 0.9999403981746670667, -0.000000000000000000 ) ) ;
#4134 = CARTESIAN_POINT ( 'NONE',  ( 142.2796012233602312, -59.74943892047521388, -2.750000000000025757 ) ) ;
#4135 = ORIENTED_EDGE ( 'NONE', *, *, #5561, .F. ) ;
#4136 = ORIENTED_EDGE ( 'NONE', *, *, #1006, .F. ) ;
#4137 = VECTOR ( 'NONE', #3952, 1000.000000000000000 ) ;
#4138 = PLANE ( 'NONE',  #1170 ) ;
#4139 = CARTESIAN_POINT ( 'NONE',  ( 139.7795508170034395, -142.2506183894232095, -2.750000000000000000 ) ) ;
#4140 = CARTESIAN_POINT ( 'NONE',  ( 141.7204924996928526, -146.9506566412817108, -2.750000000000000000 ) ) ;
#4141 = AXIS2_PLACEMENT_3D ( 'NONE', #2999, #3601, #5985 ) ;
#4142 = CARTESIAN_POINT ( 'NONE',  ( 123.0476176864735294, -69.25013805109517762, -1.423404760418470971 ) ) ;
#4143 = VECTOR ( 'NONE', #6198, 1000.000000000000000 ) ;
#4144 = AXIS2_PLACEMENT_3D ( 'NONE', #2592, #3422, #2684 ) ;
#4145 = DIRECTION ( 'NONE',  ( -0.5763489732976583291, -0.4096606656474835462, 0.7071067811865445751 ) ) ;
#4146 = LINE ( 'NONE', #3706, #5419 ) ;
#4147 = LINE ( 'NONE', #4089, #1020 ) ;
#4148 = CARTESIAN_POINT ( 'NONE',  ( -0.002357572573274525560, -145.9483673271785733, 3.500000000000000000 ) ) ;
#4149 = VERTEX_POINT ( 'NONE', #5626 ) ;
#4150 = EDGE_LOOP ( 'NONE', ( #375, #758, #4371, #3155 ) ) ;
#4151 = AXIS2_PLACEMENT_3D ( 'NONE', #2677, #4157, #6130 ) ;
#4152 = VECTOR ( 'NONE', #4571, 1000.000000000000114 ) ;
#4153 = EDGE_CURVE ( 'NONE', #4359, #3262, #1820, .T. ) ;
#4154 = CARTESIAN_POINT ( 'NONE',  ( 104.4330837127548364, -59.22407138008864536, 3.500000000000000000 ) ) ;
#4155 = LINE ( 'NONE', #1758, #4692 ) ;
#4156 = PRESENTATION_LAYER_ASSIGNMENT (  '', '', ( #142 ) ) ;
#4157 = DIRECTION ( 'NONE',  ( -0.6191643240263471348, 0.3415194575027804547, -0.7071067811865497932 ) ) ;
#4158 = CARTESIAN_POINT ( 'NONE',  ( 107.7002665619962585, -56.29907359963328162, -3.950000000000187583 ) ) ;
#4159 = EDGE_CURVE ( 'NONE', #1922, #3725, #1757, .T. ) ;
#4160 = EDGE_LOOP ( 'NONE', ( #6195, #4990, #2886, #5978 ) ) ;
#4161 = ORIENTED_EDGE ( 'NONE', *, *, #2934, .T. ) ;
#4162 = EDGE_CURVE ( 'NONE', #5778, #1340, #4295, .T. ) ;
#4163 = CARTESIAN_POINT ( 'NONE',  ( 139.7795508170041217, -59.74943891916605310, -3.950000000000187583 ) ) ;
#4164 = ORIENTED_EDGE ( 'NONE', *, *, #6061, .F. ) ;
#4165 = CARTESIAN_POINT ( 'NONE',  ( 107.9801124558005796, -138.9499917040118362, 0.000000000000000000 ) ) ;
#4166 = DIRECTION ( 'NONE',  ( 1.000000000000000000, 0.000000000000000000, -0.000000000000000000 ) ) ;
#4167 = ORIENTED_EDGE ( 'NONE', *, *, #5529, .T. ) ;
#4168 = ORIENTED_EDGE ( 'NONE', *, *, #1560, .T. ) ;
#4169 = ADVANCED_FACE ( 'NONE', ( #1345 ), #2764, .T. ) ;
#4170 = EDGE_CURVE ( 'NONE', #1238, #5242, #5656, .T. ) ;
#4171 = DIRECTION ( 'NONE',  ( 0.000000000000000000, 0.000000000000000000, -1.000000000000000000 ) ) ;
#4172 = FACE_OUTER_BOUND ( 'NONE', #4094, .T. ) ;
#4173 = CARTESIAN_POINT ( 'NONE',  ( 99.98006318880014476, -63.05007250392394269, 2.500000000000000000 ) ) ;
#4174 = DIRECTION ( 'NONE',  ( -0.8398822035312646372, 0.000000000000000000, -0.5427687207194860086 ) ) ;
#4175 = CARTESIAN_POINT ( 'NONE',  ( 104.6541176665219695, -70.25013805109517762, 2.499999999999999112 ) ) ;
#4176 = CARTESIAN_POINT ( 'NONE',  ( 120.1890195009870723, -77.46728110450951021, 3.000000000000000000 ) ) ;
#4177 = DIRECTION ( 'NONE',  ( -0.000000000000000000, -0.000000000000000000, 1.000000000000000000 ) ) ;
#4178 = VECTOR ( 'NONE', #3998, 1000.000000000000000 ) ;
#4179 = LINE ( 'NONE', #3167, #5970 ) ;
#4180 = ORIENTED_EDGE ( 'NONE', *, *, #4876, .T. ) ;
#4181 = ORIENTED_EDGE ( 'NONE', *, *, #3367, .T. ) ;
#4182 = VERTEX_POINT ( 'NONE', #2197 ) ;
#4183 = VERTEX_POINT ( 'NONE', #4531 ) ;
#4184 = CIRCLE ( 'NONE', #3782, 2.000000000000015543 ) ;
#4185 = AXIS2_PLACEMENT_3D ( 'NONE', #17, #5285, #5862 ) ;
#4186 = CARTESIAN_POINT ( 'NONE',  ( 107.9269606685299721, -144.7499906576537114, -2.750000000000000000 ) ) ;
#4187 = DIRECTION ( 'NONE',  ( -1.000000000000000000, 0.000000000000000000, 0.000000000000000000 ) ) ;
#4188 = VECTOR ( 'NONE', #2068, 1000.000000000000227 ) ;
#4189 = LINE ( 'NONE', #1856, #5680 ) ;
#4190 = PLANE ( 'NONE',  #3066 ) ;
#4191 = AXIS2_PLACEMENT_3D ( 'NONE', #243, #2038, #5870 ) ;
#4192 = ORIENTED_EDGE ( 'NONE', *, *, #1228, .F. ) ;
#4193 = ORIENTED_EDGE ( 'NONE', *, *, #6118, .T. ) ;
#4194 = ORIENTED_EDGE ( 'NONE', *, *, #2430, .T. ) ;
#4195 = ADVANCED_FACE ( 'NONE', ( #5207 ), #4700, .T. ) ;
#4196 = CARTESIAN_POINT ( 'NONE',  ( 142.5108595104879043, -57.25403740682261144, 3.000000000000000000 ) ) ;
#4197 = LINE ( 'NONE', #1388, #1427 ) ;
#4198 = DIRECTION ( 'NONE',  ( -1.000000000000000000, 0.000000000000000000, -0.000000000000000000 ) ) ;
#4199 = EDGE_LOOP ( 'NONE', ( #3978, #3435, #3386, #4320 ) ) ;
#4200 = ORIENTED_EDGE ( 'NONE', *, *, #244, .F. ) ;
#4201 = ADVANCED_FACE ( 'NONE', ( #3171 ), #5770, .T. ) ;
#4202 = VECTOR ( 'NONE', #922, 1000.000000000000000 ) ;
#4203 = EDGE_CURVE ( 'NONE', #1922, #2060, #4732, .T. ) ;
#4204 = DIRECTION ( 'NONE',  ( 0.7325527290244229217, 1.443672160417333026E-05, -0.6807102900577098881 ) ) ;
#4205 = DIRECTION ( 'NONE',  ( 6.262789329414947181E-06, -0.9999999999803887984, 4.382459307730183329E-14 ) ) ;
#4206 = VECTOR ( 'NONE', #2238, 1000.000000000000000 ) ;
#4207 = CYLINDRICAL_SURFACE ( 'NONE', #1889, 0.4999999999999865663 ) ;
#4208 = ADVANCED_FACE ( 'NONE', ( #3538 ), #5476, .T. ) ;
#4209 = AXIS2_PLACEMENT_3D ( 'NONE', #2627, #6116, #1301 ) ;
#4210 = LINE ( 'NONE', #4142, #1875 ) ;
#4211 = EDGE_CURVE ( 'NONE', #2463, #3046, #4795, .T. ) ;
#4212 = DIRECTION ( 'NONE',  ( 2.055968564121436242E-14, 0.000000000000000000, 1.000000000000000000 ) ) ;
#4213 = CARTESIAN_POINT ( 'NONE',  ( 130.1000286658853042, -68.41912398768529613, 3.500000000000000000 ) ) ;
#4214 = CARTESIAN_POINT ( 'NONE',  ( 100.9286120173225356, -136.7410211255456431, -4.725735931288194358 ) ) ;
#4215 = CARTESIAN_POINT ( 'NONE',  ( 105.4099493225277513, -58.39640074043251161, -2.750000000000000000 ) ) ;
#4216 = FACE_OUTER_BOUND ( 'NONE', #4830, .T. ) ;
#4217 = ORIENTED_EDGE ( 'NONE', *, *, #5143, .F. ) ;
#4218 = VERTEX_POINT ( 'NONE', #4885 ) ;
#4219 = EDGE_LOOP ( 'NONE', ( #1510, #3628, #1292, #1815 ) ) ;
#4220 = FACE_OUTER_BOUND ( 'NONE', #3854, .T. ) ;
#4221 = LINE ( 'NONE', #5657, #1258 ) ;
#4222 = DIRECTION ( 'NONE',  ( -0.9999999998695326964, 1.615346999861855197E-05, 0.000000000000000000 ) ) ;
#4223 = CARTESIAN_POINT ( 'NONE',  ( 100.9286871358382740, -94.46772329025425563, -4.725735931288194358 ) ) ;
#4224 = VERTEX_POINT ( 'NONE', #4851 ) ;
#4225 = ORIENTED_EDGE ( 'NONE', *, *, #2629, .F. ) ;
#4226 = ORIENTED_EDGE ( 'NONE', *, *, #613, .T. ) ;
#4227 = CARTESIAN_POINT ( 'NONE',  ( 102.2152195760785958, -140.0485826070301130, -2.750000000000000000 ) ) ;
#4228 = CARTESIAN_POINT ( 'NONE',  ( -10.23901859038156914, -20.28267411487631477, 3.500000000000000000 ) ) ;
#4229 = DIRECTION ( 'NONE',  ( -1.776973163029144758E-06, -0.9999999999984211518, -0.000000000000000000 ) ) ;
#4230 = ORIENTED_EDGE ( 'NONE', *, *, #96, .F. ) ;
#4231 = VERTEX_POINT ( 'NONE', #6220 ) ;
#4232 = CARTESIAN_POINT ( 'NONE',  ( 143.5274586481659469, -59.74947132758916979, -4.725735931288185476 ) ) ;
#4233 = DIRECTION ( 'NONE',  ( 1.000000000000000000, 0.000000000000000000, -0.000000000000000000 ) ) ;
#4234 = EDGE_CURVE ( 'NONE', #6097, #4075, #4268, .T. ) ;
#4235 = LINE ( 'NONE', #4781, #4202 ) ;
#4236 = VECTOR ( 'NONE', #5396, 999.9999999999998863 ) ;
#4237 = ADVANCED_FACE ( 'NONE', ( #2385 ), #3873, .T. ) ;
#4238 = VERTEX_POINT ( 'NONE', #563 ) ;
#4239 = AXIS2_PLACEMENT_3D ( 'NONE', #700, #5475, #2530 ) ;
#4240 = DIRECTION ( 'NONE',  ( -0.9999999999518158766, 9.816735652869698397E-06, 0.000000000000000000 ) ) ;
#4241 = FACE_OUTER_BOUND ( 'NONE', #1955, .T. ) ;
#4242 = EDGE_CURVE ( 'NONE', #4238, #5433, #4691, .T. ) ;
#4243 = FACE_OUTER_BOUND ( 'NONE', #4545, .T. ) ;
#4244 = CARTESIAN_POINT ( 'NONE',  ( 129.6584065457210500, 2.720007969693127858, -55.58283764708179575 ) ) ;
#4245 = DIRECTION ( 'NONE',  ( 0.4569634187068571940, -0.5396150794443606014, -0.7071067811865460184 ) ) ;
#4246 = ORIENTED_EDGE ( 'NONE', *, *, #3068, .T. ) ;
#4247 = AXIS2_PLACEMENT_3D ( 'NONE', #3215, #3247, #2802 ) ;
#4248 = VERTEX_POINT ( 'NONE', #2416 ) ;
#4249 = EDGE_LOOP ( 'NONE', ( #2923, #35, #3648, #223 ) ) ;
#4250 = AXIS2_PLACEMENT_3D ( 'NONE', #2157, #6122, #337 ) ;
#4251 = EDGE_CURVE ( 'NONE', #295, #1882, #2570, .T. ) ;
#4252 = EDGE_CURVE ( 'NONE', #2553, #5300, #1476, .T. ) ;
#4253 = EDGE_CURVE ( 'NONE', #1610, #5248, #1967, .T. ) ;
#4254 = CARTESIAN_POINT ( 'NONE',  ( 49.83179323905113023, 26.66748106440065769, 3.500000000000000000 ) ) ;
#4255 = LINE ( 'NONE', #4852, #1061 ) ;
#4256 = CARTESIAN_POINT ( 'NONE',  ( 107.9800631888001590, -63.05007250392394269, 3.500000000000000000 ) ) ;
#4257 = DIRECTION ( 'NONE',  ( 1.970741631024010553E-05, -0.9999999998058088924, 0.000000000000000000 ) ) ;
#4258 = AXIS2_PLACEMENT_3D ( 'NONE', #6245, #1810, #1910 ) ;
#4259 = AXIS2_PLACEMENT_3D ( 'NONE', #1951, #2387, #1446 ) ;
#4260 = VERTEX_POINT ( 'NONE', #5269 ) ;
#4261 = EDGE_LOOP ( 'NONE', ( #1448, #4417, #2317, #4578, #1952 ) ) ;
#4262 = AXIS2_PLACEMENT_3D ( 'NONE', #1016, #4906, #550 ) ;
#4263 = VECTOR ( 'NONE', #240, 999.9999999999998863 ) ;
#4264 = DIRECTION ( 'NONE',  ( 0.7071067811865580088, 0.7071067811865371366, 0.000000000000000000 ) ) ;
#4265 = FACE_OUTER_BOUND ( 'NONE', #5126, .T. ) ;
#4266 = PLANE ( 'NONE',  #3906 ) ;
#4267 = ORIENTED_EDGE ( 'NONE', *, *, #1624, .T. ) ;
#4268 =( BOUNDED_CURVE ( )  B_SPLINE_CURVE ( 3, ( #4825, #1949, #3297, #5810 ),
 .UNSPECIFIED., .F., .T. ) 
 B_SPLINE_CURVE_WITH_KNOTS ( ( 4, 4 ),
 ( 1.578012456200922120, 1.649522260712896093 ),
 .UNSPECIFIED. ) 
 CURVE ( )  GEOMETRIC_REPRESENTATION_ITEM ( )  RATIONAL_B_SPLINE_CURVE ( ( 1.000000000000000000, 0.9995739077179506271, 0.9995739077179506271, 1.000000000000000000 ) ) 
 REPRESENTATION_ITEM ( '' )  );
#4269 = ORIENTED_EDGE ( 'NONE', *, *, #5017, .T. ) ;
#4270 = VERTEX_POINT ( 'NONE', #5237 ) ;
#4271 = ORIENTED_EDGE ( 'NONE', *, *, #5222, .T. ) ;
#4272 = PLANE ( 'NONE',  #4355 ) ;
#4273 = DIRECTION ( 'NONE',  ( 1.000000000000000000, 0.000000000000000000, -4.382459308427762299E-14 ) ) ;
#4274 = FACE_OUTER_BOUND ( 'NONE', #4219, .T. ) ;
#4275 = CIRCLE ( 'NONE', #4580, 6.999999999999978684 ) ;
#4276 = CARTESIAN_POINT ( 'NONE',  ( 124.7715131848095780, -56.37270895337483267, 3.000000000000000000 ) ) ;
#4277 = ORIENTED_EDGE ( 'NONE', *, *, #5561, .T. ) ;
#4278 = DIRECTION ( 'NONE',  ( 0.9999999993754953298, -3.534132826689647994E-05, 0.000000000000000000 ) ) ;
#4279 = DIRECTION ( 'NONE',  ( 1.000000000000000000, 0.000000000000000000, 0.000000000000000000 ) ) ;
#4280 = LINE ( 'NONE', #6210, #1873 ) ;
#4281 = EDGE_CURVE ( 'NONE', #4337, #945, #2450, .T. ) ;
#4282 = DIRECTION ( 'NONE',  ( 1.000000000000000000, -7.665399808497081443E-15, 0.000000000000000000 ) ) ;
#4283 = CARTESIAN_POINT ( 'NONE',  ( 144.2204432323664491, -57.54932680028286285, -2.750000000000000000 ) ) ;
#4284 = VERTEX_POINT ( 'NONE', #2858 ) ;
#4285 = ORIENTED_EDGE ( 'NONE', *, *, #4448, .T. ) ;
#4286 = EDGE_LOOP ( 'NONE', ( #5896, #6175, #2772, #839 ) ) ;
#4287 = ADVANCED_FACE ( 'NONE', ( #472 ), #531, .T. ) ;
#4288 = CIRCLE ( 'NONE', #3166, 8.000000000000007105 ) ;
#4289 = CARTESIAN_POINT ( 'NONE',  ( 123.5669222061112009, -56.04976532584493754, 3.500000000000000000 ) ) ;
#4290 = EDGE_CURVE ( 'NONE', #2579, #690, #3368, .T. ) ;
#4291 = LINE ( 'NONE', #6221, #2261 ) ;
#4292 = CARTESIAN_POINT ( 'NONE',  ( 143.2274586478623633, -59.74946353652745756, -3.950000000000175593 ) ) ;
#4293 = DIRECTION ( 'NONE',  ( -0.7071067810502695838, -1.388296068751777442E-05, 0.7071067811865402453 ) ) ;
#4294 = EDGE_CURVE ( 'NONE', #249, #59, #1981, .T. ) ;
#4295 = CIRCLE ( 'NONE', #669, 2.499999999999974243 ) ;
#4296 = ORIENTED_EDGE ( 'NONE', *, *, #20, .F. ) ;
#4297 = EDGE_CURVE ( 'NONE', #4248, #249, #3777, .T. ) ;
#4298 = VECTOR ( 'NONE', #228, 1000.000000000000114 ) ;
#4299 = ORIENTED_EDGE ( 'NONE', *, *, #207, .F. ) ;
#4300 = ORIENTED_EDGE ( 'NONE', *, *, #1475, .F. ) ;
#4301 = PLANE ( 'NONE',  #1787 ) ;
#4302 = VECTOR ( 'NONE', #5837, 1000.000000000000000 ) ;
#4303 = DIRECTION ( 'NONE',  ( -4.428460810858583900E-06, 0.7071067811727964614, 0.7071067811864313324 ) ) ;
#4304 = DIRECTION ( 'NONE',  ( -0.000000000000000000, -0.000000000000000000, 1.000000000000000000 ) ) ;
#4305 = VECTOR ( 'NONE', #6053, 1000.000000000000000 ) ;
#4306 = ORIENTED_EDGE ( 'NONE', *, *, #5179, .F. ) ;
#4307 = VERTEX_POINT ( 'NONE', #5846 ) ;
#4308 = CARTESIAN_POINT ( 'NONE',  ( 104.6541176665219695, -85.56944730317847814, 2.499999999999999112 ) ) ;
#4309 = FACE_OUTER_BOUND ( 'NONE', #6003, .T. ) ;
#4310 = DIRECTION ( 'NONE',  ( -0.9999999999803886874, -6.262789326926268667E-06, 0.000000000000000000 ) ) ;
#4311 = DIRECTION ( 'NONE',  ( 1.970741631657018942E-05, 0.9999999998058088924, 0.000000000000000000 ) ) ;
#4312 = VERTEX_POINT ( 'NONE', #1917 ) ;
#4313 = AXIS2_PLACEMENT_3D ( 'NONE', #1363, #2407, #4344 ) ;
#4314 = DIRECTION ( 'NONE',  ( -0.000000000000000000, -0.000000000000000000, 1.000000000000000000 ) ) ;
#4315 = DIRECTION ( 'NONE',  ( -0.3695190589738285292, 0.9292231513770500273, 0.000000000000000000 ) ) ;
#4316 = CARTESIAN_POINT ( 'NONE',  ( 103.3100751042726984, -141.4985667182607756, 0.000000000000000000 ) ) ;
#4317 = LINE ( 'NONE', #4244, #3642 ) ;
#4318 = FACE_BOUND ( 'NONE', #2518, .T. ) ;
#4319 = VERTEX_POINT ( 'NONE', #1505 ) ;
#4320 = ORIENTED_EDGE ( 'NONE', *, *, #653, .T. ) ;
#4321 = ORIENTED_EDGE ( 'NONE', *, *, #4406, .F. ) ;
#4322 = CARTESIAN_POINT ( 'NONE',  ( 102.1787390210452457, -65.26896727933170439, -2.750000000000030198 ) ) ;
#4323 = CARTESIAN_POINT ( 'NONE',  ( 142.2795508170041217, -59.74943891916606731, -2.750000000000000000 ) ) ;
#4324 = EDGE_CURVE ( 'NONE', #1253, #6227, #5362, .T. ) ;
#4325 = DIRECTION ( 'NONE',  ( 0.9999999999518158766, -9.816735652869698397E-06, 0.000000000000000000 ) ) ;
#4326 = DIRECTION ( 'NONE',  ( -0.9999999998058088924, -1.970741631024010553E-05, 0.000000000000000000 ) ) ;
#4327 = EDGE_CURVE ( 'NONE', #3633, #968, #1030, .T. ) ;
#4328 = ORIENTED_EDGE ( 'NONE', *, *, #773, .T. ) ;
#4329 = VECTOR ( 'NONE', #5208, 1000.000000000000000 ) ;
#4330 = EDGE_CURVE ( 'NONE', #135, #1199, #2823, .T. ) ;
#4331 = AXIS2_PLACEMENT_3D ( 'NONE', #4717, #3797, #6202 ) ;
#4332 = ORIENTED_EDGE ( 'NONE', *, *, #4253, .T. ) ;
#4333 = ORIENTED_EDGE ( 'NONE', *, *, #2462, .T. ) ;
#4334 = DIRECTION ( 'NONE',  ( 0.9999999999803886874, 6.262789326926268667E-06, 0.000000000000000000 ) ) ;
#4335 = FACE_OUTER_BOUND ( 'NONE', #4040, .T. ) ;
#4336 = LINE ( 'NONE', #6138, #5522 ) ;
#4337 = VERTEX_POINT ( 'NONE', #686 ) ;
#4338 = ORIENTED_EDGE ( 'NONE', *, *, #5031, .T. ) ;
#4339 = EDGE_CURVE ( 'NONE', #4307, #5277, #597, .T. ) ;
#4340 = VERTEX_POINT ( 'NONE', #5999 ) ;
#4341 = CARTESIAN_POINT ( 'NONE',  ( 139.7044195773284514, -85.56944730317847814, 2.499999999999999112 ) ) ;
#4342 = LINE ( 'NONE', #1997, #1977 ) ;
#4343 = LINE ( 'NONE', #829, #2550 ) ;
#4344 = DIRECTION ( 'NONE',  ( 0.000000000000000000, -0.7071067812036994082, 0.7071067811693956262 ) ) ;
#4345 = ORIENTED_EDGE ( 'NONE', *, *, #844, .F. ) ;
#4346 = VECTOR ( 'NONE', #5259, 1000.000000000000000 ) ;
#4347 = DIRECTION ( 'NONE',  ( -0.8927008760456436320, 0.4506496931179919674, 0.000000000000000000 ) ) ;
#4348 = CARTESIAN_POINT ( 'NONE',  ( 102.2169555733772199, -61.96078842595110814, -2.750000000000000000 ) ) ;
#4349 = VECTOR ( 'NONE', #3525, 1000.000000000000000 ) ;
#4350 = CARTESIAN_POINT ( 'NONE',  ( 66.94408270400268179, 28.15283602595793155, 3.500000000000000000 ) ) ;
#4351 = CARTESIAN_POINT ( 'NONE',  ( 139.7795015484595638, -144.7506183889378235, 0.000000000000000000 ) ) ;
#4352 = FACE_BOUND ( 'NONE', #2510, .T. ) ;
#4353 = VERTEX_POINT ( 'NONE', #4982 ) ;
#4354 = VERTEX_POINT ( 'NONE', #5434 ) ;
#4355 = AXIS2_PLACEMENT_3D ( 'NONE', #1395, #6201, #5284 ) ;
#4356 = DIRECTION ( 'NONE',  ( 0.8927008760456436320, -0.4506496931179919119, -0.000000000000000000 ) ) ;
#4357 = CARTESIAN_POINT ( 'NONE',  ( 143.5295343614733952, -144.4474955220558172, -4.725735931288185476 ) ) ;
#4358 = DIRECTION ( 'NONE',  ( 0.000000000000000000, 0.000000000000000000, 1.000000000000000000 ) ) ;
#4359 = VERTEX_POINT ( 'NONE', #2073 ) ;
#4360 = VERTEX_POINT ( 'NONE', #2011 ) ;
#4361 = EDGE_LOOP ( 'NONE', ( #3469, #593, #734, #885 ) ) ;
#4362 = ORIENTED_EDGE ( 'NONE', *, *, #2516, .T. ) ;
#4363 = LINE ( 'NONE', #3911, #486 ) ;
#4364 = CARTESIAN_POINT ( 'NONE',  ( 99.98155336999762710, -138.9501880285104960, 2.499999999999976019 ) ) ;
#4365 = DIRECTION ( 'NONE',  ( 0.000000000000000000, 0.000000000000000000, -1.000000000000000000 ) ) ;
#4366 = EDGE_CURVE ( 'NONE', #4307, #5056, #3101, .T. ) ;
#4367 = ORIENTED_EDGE ( 'NONE', *, *, #440, .F. ) ;
#4368 = VECTOR ( 'NONE', #5535, 1000.000000000000000 ) ;
#4369 = CIRCLE ( 'NONE', #1643, 2.500050406356096211 ) ;
#4370 = EDGE_CURVE ( 'NONE', #3168, #2286, #5941, .T. ) ;
#4371 = ORIENTED_EDGE ( 'NONE', *, *, #2856, .T. ) ;
#4372 = DIRECTION ( 'NONE',  ( -0.9999999999984211518, 1.776973159546266828E-06, 4.382459308434681556E-14 ) ) ;
#4373 = CARTESIAN_POINT ( 'NONE',  ( 107.7002572360973858, -57.24907359958746866, -5.449999999999006306 ) ) ;
#4374 = LINE ( 'NONE', #3449, #3353 ) ;
#4375 = DIRECTION ( 'NONE',  ( -0.5492157790099152503, -0.4453785222555460832, 0.7071067811865462405 ) ) ;
#4376 = ADVANCED_FACE ( 'NONE', ( #1065 ), #624, .F. ) ;
#4377 = EDGE_CURVE ( 'NONE', #1191, #3426, #4184, .T. ) ;
#4378 = APPLICATION_CONTEXT ( 'automotive_design' ) ;
#4379 = DIRECTION ( 'NONE',  ( 0.000000000000000000, 0.000000000000000000, 1.000000000000000000 ) ) ;
#4380 = DIRECTION ( 'NONE',  ( -1.000000000000000000, 0.000000000000000000, 0.000000000000000000 ) ) ;
#4381 = CARTESIAN_POINT ( 'NONE',  ( 143.2203939651227245, -115.3090324898050198, 3.500000000000000000 ) ) ;
#4382 = DIRECTION ( 'NONE',  ( -0.2390314307210931188, -0.6654802590065588275, 0.7071067811865409114 ) ) ;
#4383 = CARTESIAN_POINT ( 'NONE',  ( 107.7002665619962585, -56.29907359963308977, -5.449999999998964562 ) ) ;
#4384 = ORIENTED_EDGE ( 'NONE', *, *, #5797, .T. ) ;
#4385 = CARTESIAN_POINT ( 'NONE',  ( 107.9816026354598648, -63.05003324718956748, -2.750000000000000000 ) ) ;
#4386 = LINE ( 'NONE', #502, #2869 ) ;
#4387 = DIRECTION ( 'NONE',  ( 1.000000000000000000, 0.000000000000000000, 0.000000000000000000 ) ) ;
#4388 = ORIENTED_EDGE ( 'NONE', *, *, #5287, .F. ) ;
#4389 = VERTEX_POINT ( 'NONE', #155 ) ;
#4390 = ORIENTED_EDGE ( 'NONE', *, *, #5054, .T. ) ;
#4391 = CARTESIAN_POINT ( 'NONE',  ( 107.7001095762406635, -146.0008696982336858, -4.725735931288185476 ) ) ;
#4392 = ORIENTED_EDGE ( 'NONE', *, *, #5062, .F. ) ;
#4393 = CARTESIAN_POINT ( 'NONE',  ( 142.2796012236085517, -142.2507649904860898, -5.449999999999006306 ) ) ;
#4394 = FACE_OUTER_BOUND ( 'NONE', #2482, .T. ) ;
#4395 = MECHANICAL_DESIGN_GEOMETRIC_PRESENTATION_REPRESENTATION (  '', ( #142 ), #1666 ) ;
#4396 = ORIENTED_EDGE ( 'NONE', *, *, #5674, .T. ) ;
#4397 = VECTOR ( 'NONE', #1348, 1000.000000000000227 ) ;
#4398 = EDGE_CURVE ( 'NONE', #4813, #4645, #2128, .T. ) ;
#4399 = ORIENTED_EDGE ( 'NONE', *, *, #3855, .F. ) ;
#4400 = DIRECTION ( 'NONE',  ( -0.5757869388090386398, 0.8175997805142295460, 0.000000000000000000 ) ) ;
#4401 = AXIS2_PLACEMENT_3D ( 'NONE', #5673, #1716, #1783 ) ;
#4402 = VECTOR ( 'NONE', #5386, 1000.000000000000000 ) ;
#4403 = CARTESIAN_POINT ( 'NONE',  ( 107.9800631888001590, -63.05007250392394269, 2.500000000000000000 ) ) ;
#4404 = FACE_OUTER_BOUND ( 'NONE', #5212, .T. ) ;
#4405 = CARTESIAN_POINT ( 'NONE',  ( 108.0805538395377994, 15.46861792797935564, 3.500000000000000000 ) ) ;
#4406 = EDGE_CURVE ( 'NONE', #4063, #1351, #125, .T. ) ;
#4407 = ORIENTED_EDGE ( 'NONE', *, *, #5961, .T. ) ;
#4408 = B_SPLINE_SURFACE_WITH_KNOTS ( 'NONE', 2, 1, ( 
 ( #2975, #556 ),
 ( #4440, #115 ),
 ( #1971, #5963 ),
 ( #2036, #54 ) ),
 .UNSPECIFIED., .F., .F., .F.,
 ( 3, 1, 3 ),
 ( 2, 2 ),
 ( 0.6947399328631437276, 0.8828430822605091155, 1.001607910476103314 ),
 ( 0.000000000000000000, 1.000000000000000000 ),
 .UNSPECIFIED. ) ;
#4409 = ADVANCED_FACE ( 'NONE', ( #5042 ), #1126, .T. ) ;
#4410 = EDGE_CURVE ( 'NONE', #414, #253, #3964, .T. ) ;
#4411 = CARTESIAN_POINT ( 'NONE',  ( -9.563044050704595733, -18.94362280080789773, 4.000000000000017764 ) ) ;
#4412 = DIRECTION ( 'NONE',  ( 0.3826834323134477578, 0.000000000000000000, -0.9238795325326775165 ) ) ;
#4413 = DIRECTION ( 'NONE',  ( 0.9999403981746717296, 0.01091787975199173290, 0.000000000000000000 ) ) ;
#4414 = EDGE_CURVE ( 'NONE', #6196, #4823, #4504, .T. ) ;
#4415 = CARTESIAN_POINT ( 'NONE',  ( 79.52279545268481797, -116.8173363251656696, 4.000000000000017764 ) ) ;
#4416 = CIRCLE ( 'NONE', #5219, 3.450050406124149038 ) ;
#4417 = ORIENTED_EDGE ( 'NONE', *, *, #2654, .T. ) ;
#4418 = ORIENTED_EDGE ( 'NONE', *, *, #50, .F. ) ;
#4419 = VERTEX_POINT ( 'NONE', #4029 ) ;
#4420 = VECTOR ( 'NONE', #2754, 999.9999999999998863 ) ;
#4421 = DIRECTION ( 'NONE',  ( -1.000000000000000000, 0.000000000000000000, 0.000000000000000000 ) ) ;
#4422 = CARTESIAN_POINT ( 'NONE',  ( -20.42403657133196759, -56.86194952039009110, 3.500000000000000000 ) ) ;
#4423 = LINE ( 'NONE', #1411, #6188 ) ;
#4424 = VECTOR ( 'NONE', #1740, 1000.000000000000000 ) ;
#4425 = ORIENTED_EDGE ( 'NONE', *, *, #2888, .T. ) ;
#4426 = ORIENTED_EDGE ( 'NONE', *, *, #544, .T. ) ;
#4427 = ORIENTED_EDGE ( 'NONE', *, *, #2918, .F. ) ;
#4428 = EDGE_LOOP ( 'NONE', ( #5467, #925, #4167, #5267 ) ) ;
#4429 = LINE ( 'NONE', #4547, #5952 ) ;
#4430 = VERTEX_POINT ( 'NONE', #1537 ) ;
#4431 = CARTESIAN_POINT ( 'NONE',  ( 104.9179784943780760, -140.5978194557504537, 0.000000000000000000 ) ) ;
#4432 = LINE ( 'NONE', #107, #2770 ) ;
#4433 = ORIENTED_EDGE ( 'NONE', *, *, #4281, .F. ) ;
#4434 = ORIENTED_EDGE ( 'NONE', *, *, #3666, .F. ) ;
#4435 = CARTESIAN_POINT ( 'NONE',  ( 102.1786871356384125, -94.46772382334611962, -2.750000000016449508 ) ) ;
#4436 = CARTESIAN_POINT ( 'NONE',  ( 102.1786120171196757, -136.7410233467621197, -2.750000000000030198 ) ) ;
#4437 = CYLINDRICAL_SURFACE ( 'NONE', #2186, 2.499999999999974243 ) ;
#4438 = EDGE_CURVE ( 'NONE', #995, #3231, #4540, .T. ) ;
#4439 = PLANE ( 'NONE',  #5084 ) ;
#4440 = CARTESIAN_POINT ( 'NONE',  ( 106.8867607346144553, -144.7149914377594087, -2.750000000000000000 ) ) ;
#4441 = DIRECTION ( 'NONE',  ( 0.000000000000000000, 0.000000000000000000, -1.000000000000000000 ) ) ;
#4442 = LINE ( 'NONE', #118, #1171 ) ;
#4443 = EDGE_CURVE ( 'NONE', #4231, #355, #2571, .T. ) ;
#4444 = ORIENTED_EDGE ( 'NONE', *, *, #4009, .F. ) ;
#4445 = ORIENTED_EDGE ( 'NONE', *, *, #198, .T. ) ;
#4446 = AXIS2_PLACEMENT_3D ( 'NONE', #4415, #92, #3926 ) ;
#4447 = ORIENTED_EDGE ( 'NONE', *, *, #4290, .F. ) ;
#4448 = EDGE_CURVE ( 'NONE', #2327, #2421, #4513, .T. ) ;
#4449 = B_SPLINE_CURVE_WITH_KNOTS ( 'NONE', 2,
 ( #2659, #2181, #1243, #5071 ),
 .UNSPECIFIED., .F., .F.,
 ( 3, 1, 3 ),
 ( -0.001632388513912140298, 0.1208309507747169775, 0.3089429108258636703 ),
 .UNSPECIFIED. ) ;
#4450 = CARTESIAN_POINT ( 'NONE',  ( 139.7044195773284514, -85.56944730317847814, 2.500000000000000000 ) ) ;
#4451 = LINE ( 'NONE', #2045, #1461 ) ;
#4452 = CARTESIAN_POINT ( 'NONE',  ( 143.5439324630245892, -79.17614765624294648, 4.000000000000017764 ) ) ;
#4453 = VECTOR ( 'NONE', #230, 1000.000000000000000 ) ;
#4454 = ADVANCED_FACE ( 'NONE', ( #3463 ), #5400, .T. ) ;
#4455 = EDGE_CURVE ( 'NONE', #4891, #690, #3553, .T. ) ;
#4456 = VERTEX_POINT ( 'NONE', #3071 ) ;
#4457 = ORIENTED_EDGE ( 'NONE', *, *, #5578, .T. ) ;
#4458 = EDGE_CURVE ( 'NONE', #2162, #1901, #4057, .T. ) ;
#4459 = EDGE_LOOP ( 'NONE', ( #4300, #915, #4180, #2831 ) ) ;
#4460 = EDGE_LOOP ( 'NONE', ( #4101, #1546, #1545, #3169 ) ) ;
#4461 = AXIS2_PLACEMENT_3D ( 'NONE', #4997, #4969, #1677 ) ;
#4462 = LINE ( 'NONE', #2054, #3005 ) ;
#4463 = DIRECTION ( 'NONE',  ( -0.000000000000000000, -0.000000000000000000, -1.000000000000000000 ) ) ;
#4464 = CARTESIAN_POINT ( 'NONE',  ( 107.7002571999147165, -57.25275941472119001, -2.750000000000000000 ) ) ;
#4465 = ORIENTED_EDGE ( 'NONE', *, *, #4458, .F. ) ;
#4466 = AXIS2_PLACEMENT_3D ( 'NONE', #227, #2138, #2994 ) ;
#4467 = AXIS2_PLACEMENT_3D ( 'NONE', #1784, #4606, #6027 ) ;
#4468 = EDGE_LOOP ( 'NONE', ( #1580, #5638, #3557, #5399 ) ) ;
#4469 = PLANE ( 'NONE',  #5160 ) ;
#4470 = CARTESIAN_POINT ( 'NONE',  ( 107.9452654601616644, -55.04995315297496461, 0.000000000000000000 ) ) ;
#4471 = DIRECTION ( 'NONE',  ( -0.000000000000000000, -0.000000000000000000, 1.000000000000000000 ) ) ;
#4472 = CARTESIAN_POINT ( 'NONE',  ( 141.7204101189189487, -145.9506566416549163, 3.500000000000000000 ) ) ;
#4473 = AXIS2_PLACEMENT_3D ( 'NONE', #1983, #5848, #5366 ) ;
#4474 = AXIS2_PLACEMENT_3D ( 'NONE', #1652, #3570, #5547 ) ;
#4475 = CARTESIAN_POINT ( 'NONE',  ( 139.7044195773284514, -70.25013805109517762, 1.250000000000000000 ) ) ;
#4476 = LINE ( 'NONE', #1147, #5480 ) ;
#4477 = VECTOR ( 'NONE', #3315, 1000.000000000000000 ) ;
#4478 = CARTESIAN_POINT ( 'NONE',  ( 142.2795508170041217, -59.74943891916606731, 0.000000000000000000 ) ) ;
#4479 = DIRECTION ( 'NONE',  ( -0.4718347455293016579, 0.8816870039369407719, 0.000000000000000000 ) ) ;
#4480 = DIRECTION ( 'NONE',  ( 0.000000000000000000, 0.000000000000000000, 1.000000000000000000 ) ) ;
#4481 =( BOUNDED_SURFACE ( )  B_SPLINE_SURFACE ( 1, 3, ( 
 ( #5847, #4357, #1950, #4796 ),
 ( #5748, #904, #2917, #2796 ) ),
 .UNSPECIFIED., .F., .F., .T. ) 
 B_SPLINE_SURFACE_WITH_KNOTS ( ( 2, 2 ),
 ( 4, 4 ),
 ( 0.000000000000000000, 1.000000000000000000 ),
 ( 0.000000000000000000, 1.000000000000000000 ),
 .UNSPECIFIED. ) 
 GEOMETRIC_REPRESENTATION_ITEM ( )  RATIONAL_B_SPLINE_SURFACE ( (
 ( 1.000000000000000000, 0.8047332090180447928, 0.8047332090180447928, 1.000000000000000000),
 ( 1.000000000000000000, 0.8047332090180447928, 0.8047332090180447928, 1.000000000000000000) ) ) 
 REPRESENTATION_ITEM ( '' )  SURFACE ( )  );
#4482 = ORIENTED_EDGE ( 'NONE', *, *, #2314, .T. ) ;
#4483 = EDGE_CURVE ( 'NONE', #797, #5940, #2665, .T. ) ;
#4484 = CARTESIAN_POINT ( 'NONE',  ( 142.2774586469012945, -59.74943886483202959, -5.449999999999006306 ) ) ;
#4485 = CARTESIAN_POINT ( 'NONE',  ( 103.6541176665219695, -63.05007250392394269, 3.500000000000000000 ) ) ;
#4486 = FACE_OUTER_BOUND ( 'NONE', #6045, .T. ) ;
#4487 = EDGE_CURVE ( 'NONE', #5404, #1049, #2373, .T. ) ;
#4488 = EDGE_LOOP ( 'NONE', ( #454, #4677, #6005, #2453, #5502, #2399, #5282, #254, #6, #605, #3818, #1447, #4306, #4090, #2557 ) ) ;
#4489 = ORIENTED_EDGE ( 'NONE', *, *, #1422, .F. ) ;
#4490 = EDGE_CURVE ( 'NONE', #5940, #5214, #835, .T. ) ;
#4491 = VERTEX_POINT ( 'NONE', #4660 ) ;
#4492 = EDGE_LOOP ( 'NONE', ( #5347, #3940, #3566, #5081 ) ) ;
#4493 = EDGE_CURVE ( 'NONE', #1582, #1253, #1811, .T. ) ;
#4494 = CARTESIAN_POINT ( 'NONE',  ( 99.98006319034203671, -63.05022957169427400, 2.500000000000000000 ) ) ;
#4495 = CARTESIAN_POINT ( 'NONE',  ( 105.1932597995808862, -144.0591890776443620, -2.750000000000000000 ) ) ;
#4496 = CARTESIAN_POINT ( 'NONE',  ( 102.1801097828601712, -139.0860767826652022, -2.750000000000000000 ) ) ;
#4497 = VERTEX_POINT ( 'NONE', #306 ) ;
#4498 = FACE_OUTER_BOUND ( 'NONE', #5067, .T. ) ;
#4499 = LINE ( 'NONE', #4470, #1524 ) ;
#4500 = CARTESIAN_POINT ( 'NONE',  ( 104.8937625671687073, -61.40223359149344162, -2.750000000000000000 ) ) ;
#4501 = AXIS2_PLACEMENT_3D ( 'NONE', #3554, #3072, #2985 ) ;
#4502 = DIRECTION ( 'NONE',  ( -0.7071067811865493491, 0.7071067811865455743, 0.000000000000000000 ) ) ;
#4503 = CARTESIAN_POINT ( 'NONE',  ( 82.16757030504132331, -101.0521300945118242, 39.55422158420645928 ) ) ;
#4504 = CIRCLE ( 'NONE', #2163, 2.499999999999988454 ) ;
#4505 = LINE ( 'NONE', #3158, #238 ) ;
#4506 = DIRECTION ( 'NONE',  ( 0.000000000000000000, 0.000000000000000000, -1.000000000000000000 ) ) ;
#4507 = VECTOR ( 'NONE', #4936, 1000.000000000000000 ) ;
#4508 = LINE ( 'NONE', #2097, #5016 ) ;
#4509 = CARTESIAN_POINT ( 'NONE',  ( 107.7001076974038654, -145.7008696982395293, -3.950000000000187583 ) ) ;
#4510 = CARTESIAN_POINT ( 'NONE',  ( 108.0000492667939511, -139.0000642079358215, 0.000000000000000000 ) ) ;
#4511 = VECTOR ( 'NONE', #1302, 1000.000000000000227 ) ;
#4512 = ORIENTED_EDGE ( 'NONE', *, *, #4721, .F. ) ;
#4513 = LINE ( 'NONE', #3013, #1064 ) ;
#4514 = CARTESIAN_POINT ( 'NONE',  ( 142.2795508170038374, -67.25020683058068016, 0.000000000000000000 ) ) ;
#4515 = CARTESIAN_POINT ( 'NONE',  ( 143.1061171708367681, -78.93465693193557797, 3.500000000000000000 ) ) ;
#4516 = ORIENTED_EDGE ( 'NONE', *, *, #4339, .F. ) ;
#4517 = VERTEX_POINT ( 'NONE', #247 ) ;
#4518 = VERTEX_POINT ( 'NONE', #2156 ) ;
#4519 = ORIENTED_EDGE ( 'NONE', *, *, #2279, .F. ) ;
#4520 = EDGE_CURVE ( 'NONE', #299, #3937, #2218, .T. ) ;
#4521 = VECTOR ( 'NONE', #851, 1000.000000000000114 ) ;
#4522 = CIRCLE ( 'NONE', #4921, 6.999999999999992006 ) ;
#4523 = DIRECTION ( 'NONE',  ( 0.6537768648151265349, 0.7566873932031006333, 0.000000000000000000 ) ) ;
#4524 = DIRECTION ( 'NONE',  ( 1.963347129720719326E-05, 0.9999999998072632845, 0.000000000000000000 ) ) ;
#4525 = DIRECTION ( 'NONE',  ( -1.000000000000000000, 0.000000000000000000, 0.000000000000000000 ) ) ;
#4526 = EDGE_CURVE ( 'NONE', #3168, #5201, #1337, .T. ) ;
#4527 = EDGE_CURVE ( 'NONE', #3379, #2356, #1751, .T. ) ;
#4528 = ORIENTED_EDGE ( 'NONE', *, *, #2346, .T. ) ;
#4529 = DIRECTION ( 'NONE',  ( 0.9999999999984212629, -1.776973163029144970E-06, 5.834239919705101481E-14 ) ) ;
#4530 = DIRECTION ( 'NONE',  ( -1.000000000000000000, 0.000000000000000000, 0.000000000000000000 ) ) ;
#4531 = CARTESIAN_POINT ( 'NONE',  ( 107.9799055294696615, -55.05007250547747333, 2.499999999999976463 ) ) ;
#4532 = LINE ( 'NONE', #5986, #3132 ) ;
#4533 = PLANE ( 'NONE',  #5834 ) ;
#4534 = EDGE_CURVE ( 'NONE', #5865, #2327, #4605, .T. ) ;
#4535 = CARTESIAN_POINT ( 'NONE',  ( 105.1932597995808862, -144.0591890776443620, -4.336808689942017736E-16 ) ) ;
#4536 = CARTESIAN_POINT ( 'NONE',  ( 107.8243095089149932, -141.4938796657234548, -2.750000000000000000 ) ) ;
#4537 = FACE_OUTER_BOUND ( 'NONE', #2957, .T. ) ;
#4538 = DIRECTION ( 'NONE',  ( -0.000000000000000000, -0.000000000000000000, 1.000000000000000000 ) ) ;
#4539 = VERTEX_POINT ( 'NONE', #2250 ) ;
#4540 = LINE ( 'NONE', #1097, #2973 ) ;
#4541 = PLANE ( 'NONE',  #3882 ) ;
#4542 = DIRECTION ( 'NONE',  ( -0.000000000000000000, -0.000000000000000000, -1.000000000000000000 ) ) ;
#4543 = ORIENTED_EDGE ( 'NONE', *, *, #3512, .F. ) ;
#4544 = VERTEX_POINT ( 'NONE', #5197 ) ;
#4545 = EDGE_LOOP ( 'NONE', ( #2380, #2747, #4610, #3304 ) ) ;
#4546 = ORIENTED_EDGE ( 'NONE', *, *, #4918, .T. ) ;
#4547 = CARTESIAN_POINT ( 'NONE',  ( 107.9799547964700395, -146.9499917024583056, -2.750000000000000000 ) ) ;
#4548 = VECTOR ( 'NONE', #2099, 1000.000000000000114 ) ;
#4549 = DIRECTION ( 'NONE',  ( -0.000000000000000000, -0.000000000000000000, 1.000000000000000000 ) ) ;
#4550 = CARTESIAN_POINT ( 'NONE',  ( 106.8916692708584151, -57.28562795999913959, -0.000000000000000000 ) ) ;
#4551 = EDGE_LOOP ( 'NONE', ( #908, #5894, #1829, #3720, #3136, #4636, #3141, #1449, #4960, #2614, #3713, #4919, #1990, #2703, #634, #3310, #2041, #5348, #4643, #3477, #3907, #2862, #5403, #3590, #3962, #1514, #4938, #727, #2729, #2079, #849, #1720, #1791, #4682, #2100, #901, #750, #1400, #2272, #2254, #38, #1638, #1616, #2982, #5593, #5538, #4958, #4093, #2702, #886, #4923, #1959, #6238, #4132, #480, #1663, #726, #3833, #703, #3355 ) ) ;
#4552 = LINE ( 'NONE', #2141, #4453 ) ;
#4553 = ADVANCED_FACE ( 'NONE', ( #2758 ), #2188, .F. ) ;
#4554 = CARTESIAN_POINT ( 'NONE',  ( 139.7795197597228025, -56.29938851318168958, -5.449999999998964562 ) ) ;
#4555 = ORIENTED_EDGE ( 'NONE', *, *, #632, .T. ) ;
#4556 = DIRECTION ( 'NONE',  ( 1.000000000000000000, 0.000000000000000000, -0.000000000000000000 ) ) ;
#4557 = LINE ( 'NONE', #205, #2694 ) ;
#4558 = AXIS2_PLACEMENT_3D ( 'NONE', #3662, #913, #325 ) ;
#4559 = AXIS2_PLACEMENT_3D ( 'NONE', #5077, #746, #2666 ) ;
#4560 = VERTEX_POINT ( 'NONE', #6055 ) ;
#4561 = EDGE_CURVE ( 'NONE', #545, #3915, #2775, .T. ) ;
#4562 = DIRECTION ( 'NONE',  ( 0.000000000000000000, -1.000000000000000000, 0.000000000000000000 ) ) ;
#4563 = FACE_OUTER_BOUND ( 'NONE', #976, .T. ) ;
#4564 = LINE ( 'NONE', #3671, #5631 ) ;
#4565 = EDGE_CURVE ( 'NONE', #3915, #4000, #6121, .T. ) ;
#4567 = VECTOR ( 'NONE', #3893, 1000.000000000000227 ) ;
#4566 = DIRECTION ( 'NONE',  ( 0.000000000000000000, 0.000000000000000000, -1.000000000000000000 ) ) ;
#4568 = EDGE_CURVE ( 'NONE', #4633, #5330, #4689, .T. ) ;
#4569 = AXIS2_PLACEMENT_3D ( 'NONE', #3334, #5271, #5749 ) ;
#4570 = VECTOR ( 'NONE', #4562, 1000.000000000000000 ) ;
#4571 = DIRECTION ( 'NONE',  ( -0.7413179519647178362, 1.197485729806174638E-05, -0.6711540016653696483 ) ) ;
#4572 = CARTESIAN_POINT ( 'NONE',  ( 139.7793608960470237, -145.7006687926349855, -2.750000000000171418 ) ) ;
#4573 = DIRECTION ( 'NONE',  ( 0.000000000000000000, 0.000000000000000000, -1.000000000000000000 ) ) ;
#4574 = EDGE_LOOP ( 'NONE', ( #4269, #1152, #37, #1603 ) ) ;
#4575 = CARTESIAN_POINT ( 'NONE',  ( 105.5021289799567228, -139.1020163565506209, -2.750000000000000000 ) ) ;
#4576 = ORIENTED_EDGE ( 'NONE', *, *, #1937, .F. ) ;
#4577 = ORIENTED_EDGE ( 'NONE', *, *, #3078, .T. ) ;
#4578 = ORIENTED_EDGE ( 'NONE', *, *, #3866, .T. ) ;
#4579 = ORIENTED_EDGE ( 'NONE', *, *, #3124, .T. ) ;
#4580 = AXIS2_PLACEMENT_3D ( 'NONE', #1941, #4911, #1909 ) ;
#4581 = CARTESIAN_POINT ( 'NONE',  ( 110.2707543561988643, -69.25013805109517762, 3.500000000000000000 ) ) ;
#4582 = CARTESIAN_POINT ( 'NONE',  ( 106.2695319587208189, -142.0746906516456818, -2.750000000000000000 ) ) ;
#4583 = DIRECTION ( 'NONE',  ( -0.000000000000000000, -0.000000000000000000, 1.000000000000000000 ) ) ;
#4584 = DIRECTION ( 'NONE',  ( -0.9235993073262013242, 0.3833592564508662703, 0.000000000000000000 ) ) ;
#4585 = ORIENTED_EDGE ( 'NONE', *, *, #4297, .T. ) ;
#4586 = ORIENTED_EDGE ( 'NONE', *, *, #5887, .F. ) ;
#4587 = PLANE ( 'NONE',  #1721 ) ;
#4588 = ORIENTED_EDGE ( 'NONE', *, *, #5147, .T. ) ;
#4589 = DIRECTION ( 'NONE',  ( 2.597020929432778652E-05, -0.9999999996627739751, -3.653861547250550884E-19 ) ) ;
#4590 = CARTESIAN_POINT ( 'NONE',  ( 141.7203939654489488, -146.9506566415244606, 0.000000000000000000 ) ) ;
#4591 = EDGE_LOOP ( 'NONE', ( #2671, #4555, #4588 ) ) ;
#4592 = ORIENTED_EDGE ( 'NONE', *, *, #6183, .T. ) ;
#4593 = VECTOR ( 'NONE', #4701, 1000.000000000000114 ) ;
#4594 = DIRECTION ( 'NONE',  ( -0.9411312077786265773, 0.3380414911592117266, 0.000000000000000000 ) ) ;
#4595 = DIRECTION ( 'NONE',  ( 0.000000000000000000, 0.000000000000000000, -1.000000000000000000 ) ) ;
#4596 = EDGE_CURVE ( 'NONE', #2635, #1742, #3735, .T. ) ;
#4597 = CARTESIAN_POINT ( 'NONE',  ( 88.98788844987717539, -146.2236779302327250, 17.38822740268297551 ) ) ;
#4598 = PLANE ( 'NONE',  #1775 ) ;
#4599 = VECTOR ( 'NONE', #3652, 1000.000000000000000 ) ;
#4600 = EDGE_CURVE ( 'NONE', #1901, #1253, #861, .T. ) ;
#4601 = ADVANCED_FACE ( 'NONE', ( #5588 ), #5108, .F. ) ;
#4602 = VECTOR ( 'NONE', #320, 1000.000000000000000 ) ;
#4603 = CARTESIAN_POINT ( 'NONE',  ( 144.1087629653428905, -145.9506952218409594, 20.63655756783285966 ) ) ;
#4604 = VECTOR ( 'NONE', #6025, 1000.000000000000000 ) ;
#4605 = LINE ( 'NONE', #3164, #5511 ) ;
#4606 = DIRECTION ( 'NONE',  ( -1.000000000000000000, 3.020149216579562146E-16, 0.000000000000000000 ) ) ;
#4607 = DIRECTION ( 'NONE',  ( 0.000000000000000000, 1.000000000000000000, 0.000000000000000000 ) ) ;
#4608 = EDGE_CURVE ( 'NONE', #3614, #36, #4146, .T. ) ;
#4609 = EDGE_LOOP ( 'NONE', ( #6017, #4447, #1205, #5818 ) ) ;
#4610 = ORIENTED_EDGE ( 'NONE', *, *, #5452, .T. ) ;
#4611 = ORIENTED_EDGE ( 'NONE', *, *, #1269, .T. ) ;
#4612 = DIRECTION ( 'NONE',  ( 0.000000000000000000, 0.000000000000000000, -1.000000000000000000 ) ) ;
#4613 = DIRECTION ( 'NONE',  ( 1.000000000000000000, 0.000000000000000000, 0.000000000000000000 ) ) ;
#4614 = CARTESIAN_POINT ( 'NONE',  ( 108.0000492667939511, -139.0000642079358215, -2.750000000000000000 ) ) ;
#4615 = ORIENTED_EDGE ( 'NONE', *, *, #5382, .F. ) ;
#4616 = CARTESIAN_POINT ( 'NONE',  ( 101.0040248452708056, -67.25020683058068016, 0.000000000000000000 ) ) ;
#4617 = CARTESIAN_POINT ( 'NONE',  ( 103.5037927504869657, -139.1835780754425116, -2.750000000000000000 ) ) ;
#4618 = CARTESIAN_POINT ( 'NONE',  ( 107.9452161929179397, -146.9501110552035357, 0.000000000000000000 ) ) ;
#4619 = VECTOR ( 'NONE', #3568, 1000.000000000000114 ) ;
#4620 = ORIENTED_EDGE ( 'NONE', *, *, #4866, .F. ) ;
#4621 = DIRECTION ( 'NONE',  ( 0.000000000000000000, -0.000000000000000000, 1.000000000000000000 ) ) ;
#4622 = CYLINDRICAL_SURFACE ( 'NONE', #4474, 6.999999999999978684 ) ;
#4623 = DIRECTION ( 'NONE',  ( -0.7071067811865554553, -0.7071067811865395791, 0.000000000000000000 ) ) ;
#4624 = AXIS2_PLACEMENT_3D ( 'NONE', #3922, #1021, #2943 ) ;
#4625 = CARTESIAN_POINT ( 'NONE',  ( 144.2203939651227529, -144.4507374078959572, 2.499999999999999112 ) ) ;
#4626 = VECTOR ( 'NONE', #1136, 1000.000000000000000 ) ;
#4627 = EDGE_CURVE ( 'NONE', #5059, #6111, #5648, .T. ) ;
#4628 = CARTESIAN_POINT ( 'NONE',  ( 103.5037927504869657, -139.1835780754425116, 0.000000000000000000 ) ) ;
#4629 = CARTESIAN_POINT ( 'NONE',  ( 134.5979831599673560, -80.46301088581738270, -2.606436417361102098 ) ) ;
#4630 = EDGE_CURVE ( 'NONE', #1078, #893, #1307, .T. ) ;
#4631 = CYLINDRICAL_SURFACE ( 'NONE', #3743, 0.5000000000000143219 ) ;
#4632 = DIRECTION ( 'NONE',  ( -1.000000000000000000, 0.000000000000000000, -0.000000000000000000 ) ) ;
#4633 = VERTEX_POINT ( 'NONE', #961 ) ;
#4634 = ORIENTED_EDGE ( 'NONE', *, *, #4294, .F. ) ;
#4635 = EDGE_CURVE ( 'NONE', #2820, #102, #6180, .T. ) ;
#4636 = ORIENTED_EDGE ( 'NONE', *, *, #4483, .F. ) ;
#4637 = CARTESIAN_POINT ( 'NONE',  ( 107.7002571999147165, -57.25275941472119001, 0.000000000000000000 ) ) ;
#4638 = CARTESIAN_POINT ( 'NONE',  ( 141.9761257674710748, -146.0007789468737940, -4.250000000000161648 ) ) ;
#4639 = CARTESIAN_POINT ( 'NONE',  ( 139.7795508170034395, -142.2506183894232095, -2.750000000000000000 ) ) ;
#4640 = CARTESIAN_POINT ( 'NONE',  ( 74.77112909670304930, -136.4665063027683232, 4.000000000000017764 ) ) ;
#4641 = EDGE_CURVE ( 'NONE', #2020, #600, #1497, .T. ) ;
#4642 = EDGE_CURVE ( 'NONE', #396, #299, #5704, .T. ) ;
#4643 = ORIENTED_EDGE ( 'NONE', *, *, #235, .F. ) ;
#4644 = AXIS2_PLACEMENT_3D ( 'NONE', #2852, #1946, #2446 ) ;
#4645 = VERTEX_POINT ( 'NONE', #432 ) ;
#4646 = CARTESIAN_POINT ( 'NONE',  ( 7.061670457075122975, -112.9376163743126824, -39.98325068377566538 ) ) ;
#4647 = ORIENTED_EDGE ( 'NONE', *, *, #803, .F. ) ;
#4648 = DIRECTION ( 'NONE',  ( 1.393524771244341017E-05, -0.7071067810492278616, 0.7071067811865533459 ) ) ;
#4649 = PLANE ( 'NONE',  #1893 ) ;
#4650 = ORIENTED_EDGE ( 'NONE', *, *, #46, .F. ) ;
#4651 = ORIENTED_EDGE ( 'NONE', *, *, #2734, .T. ) ;
#4652 = AXIS2_PLACEMENT_3D ( 'NONE', #5385, #5825, #4777 ) ;
#4653 = EDGE_LOOP ( 'NONE', ( #3434, #1802, #7 ) ) ;
#4654 = DIRECTION ( 'NONE',  ( 1.000000000000000000, 0.000000000000000000, 0.000000000000000000 ) ) ;
#4655 = CARTESIAN_POINT ( 'NONE',  ( 139.7795508170041217, -59.74943891916605310, -5.449999999998964562 ) ) ;
#4656 = DIRECTION ( 'NONE',  ( -0.6820549005283755850, -0.6801338207845009087, 0.2687361131115504898 ) ) ;
#4657 = PLANE ( 'NONE',  #373 ) ;
#4658 = VECTOR ( 'NONE', #1451, 1000.000000000000000 ) ;
#4659 = DIRECTION ( 'NONE',  ( -0.000000000000000000, -0.000000000000000000, 1.000000000000000000 ) ) ;
#4660 = CARTESIAN_POINT ( 'NONE',  ( 142.2796012233602596, -59.74943892047517835, -5.449999999999006306 ) ) ;
#4661 = FACE_OUTER_BOUND ( 'NONE', #539, .T. ) ;
#4662 = DIRECTION ( 'NONE',  ( 0.4718347455293024906, -0.8816870039369404388, 0.000000000000000000 ) ) ;
#4663 = ORIENTED_EDGE ( 'NONE', *, *, #2094, .T. ) ;
#4664 = ORIENTED_EDGE ( 'NONE', *, *, #4520, .T. ) ;
#4665 = ORIENTED_EDGE ( 'NONE', *, *, #5017, .F. ) ;
#4666 = VECTOR ( 'NONE', #5628, 1000.000000000000114 ) ;
#4667 = AXIS2_PLACEMENT_3D ( 'NONE', #4785, #2376, #896 ) ;
#4668 = EDGE_CURVE ( 'NONE', #3937, #3404, #4280, .T. ) ;
#4669 = CARTESIAN_POINT ( 'NONE',  ( 142.2774586469012945, -59.74943886483202959, -2.750000000000000000 ) ) ;
#4670 = DIRECTION ( 'NONE',  ( 0.9999999993754952188, -3.534132826689846538E-05, 0.000000000000000000 ) ) ;
#4671 = ADVANCED_FACE ( 'NONE', ( #5773 ), #1370, .F. ) ;
#4672 = FACE_OUTER_BOUND ( 'NONE', #5678, .T. ) ;
#4673 = CARTESIAN_POINT ( 'NONE',  ( 101.2287434636322985, -62.76896559121112062, -3.950000000000189360 ) ) ;
#4674 = EDGE_CURVE ( 'NONE', #2972, #572, #2444, .T. ) ;
#4675 = EDGE_CURVE ( 'NONE', #1162, #3433, #2171, .T. ) ;
#4676 = ORIENTED_EDGE ( 'NONE', *, *, #6023, .T. ) ;
#4677 = ORIENTED_EDGE ( 'NONE', *, *, #3855, .T. ) ;
#4678 = DIRECTION ( 'NONE',  ( -0.000000000000000000, 0.000000000000000000, 1.000000000000000000 ) ) ;
#4679 = LINE ( 'NONE', #5156, #1019 ) ;
#4680 = CARTESIAN_POINT ( 'NONE',  ( 106.7000492667944087, -63.00006420793567941, 1.775483399593917433 ) ) ;
#4681 = ORIENTED_EDGE ( 'NONE', *, *, #5767, .F. ) ;
#4682 = ORIENTED_EDGE ( 'NONE', *, *, #2340, .F. ) ;
#4683 = CARTESIAN_POINT ( 'NONE',  ( 103.4872763399728939, -62.82413249532188360, -2.750000000000000000 ) ) ;
#4684 = LINE ( 'NONE', #1870, #2338 ) ;
#4685 = DIRECTION ( 'NONE',  ( -1.142222817571658555E-05, -0.7071067810942905929, 0.7071067811865501263 ) ) ;
#4686 = LINE ( 'NONE', #5132, #5315 ) ;
#4687 = DIRECTION ( 'NONE',  ( 0.9999404664827367117, -0.01091162179911142442, 0.000000000000000000 ) ) ;
#4688 = CARTESIAN_POINT ( 'NONE',  ( 107.9816026354598648, -63.05003324718956748, -2.750000000000000000 ) ) ;
#4689 = LINE ( 'NONE', #4214, #68 ) ;
#4690 = CARTESIAN_POINT ( 'NONE',  ( 102.8706101777262489, -141.7370422481071159, -2.750000000000000000 ) ) ;
#4691 = CIRCLE ( 'NONE', #1160, 8.000000000000007105 ) ;
#4692 = VECTOR ( 'NONE', #971, 1000.000000000000000 ) ;
#4693 = FACE_OUTER_BOUND ( 'NONE', #5947, .T. ) ;
#4694 = ORIENTED_EDGE ( 'NONE', *, *, #2123, .T. ) ;
#4695 = ORIENTED_EDGE ( 'NONE', *, *, #6176, .F. ) ;
#4696 = ORIENTED_EDGE ( 'NONE', *, *, #5031, .F. ) ;
#4697 = AXIS2_PLACEMENT_3D ( 'NONE', #3656, #2139, #2646 ) ;
#4698 = AXIS2_PLACEMENT_3D ( 'NONE', #4176, #4115, #5076 ) ;
#4699 = VECTOR ( 'NONE', #2840, 1000.000000000000227 ) ;
#4700 = PLANE ( 'NONE',  #2673 ) ;
#4701 = DIRECTION ( 'NONE',  ( -0.9337380271016137989, 0.000000000000000000, 0.3579571157895679034 ) ) ;
#4702 = VECTOR ( 'NONE', #3193, 1000.000000000000000 ) ;
#4703 = DIRECTION ( 'NONE',  ( -0.7071067811286646521, 1.256509658285397213E-06, -0.7071067812433140531 ) ) ;
#4704 = CARTESIAN_POINT ( 'NONE',  ( 99.98155336999762710, -138.9501880285104960, 2.500000000000000000 ) ) ;
#4705 = EDGE_CURVE ( 'NONE', #3184, #1238, #2312, .T. ) ;
#4706 = ORIENTED_EDGE ( 'NONE', *, *, #3265, .T. ) ;
#4707 = VERTEX_POINT ( 'NONE', #3360 ) ;
#4708 = CARTESIAN_POINT ( 'NONE',  ( 102.6302309145810767, -141.2940691041141861, 0.000000000000000000 ) ) ;
#4709 = FACE_OUTER_BOUND ( 'NONE', #1328, .T. ) ;
#4710 = CARTESIAN_POINT ( 'NONE',  ( 101.2287434636320995, -62.76896559121112062, -5.449999999998969891 ) ) ;
#4711 = EDGE_CURVE ( 'NONE', #5440, #4491, #494, .T. ) ;
#4712 =( BOUNDED_CURVE ( )  B_SPLINE_CURVE ( 3, ( #4949, #3547, #3520, #1121 ),
 .UNSPECIFIED., .F., .T. ) 
 B_SPLINE_CURVE_WITH_KNOTS ( ( 4, 4 ),
 ( 4.791114914302694316, 4.863031300986334848 ),
 .UNSPECIFIED. ) 
 CURVE ( )  GEOMETRIC_REPRESENTATION_ITEM ( )  RATIONAL_B_SPLINE_CURVE ( ( 1.000000000000000000, 0.9995690492148474604, 0.9995690492148474604, 1.000000000000000000 ) ) 
 REPRESENTATION_ITEM ( '' )  );
#4713 = EDGE_CURVE ( 'NONE', #2112, #4360, #5295, .T. ) ;
#4714 = VERTEX_POINT ( 'NONE', #4726 ) ;
#4715 = AXIS2_PLACEMENT_3D ( 'NONE', #859, #4375, #3284 ) ;
#4716 = EDGE_CURVE ( 'NONE', #797, #1984, #3768, .T. ) ;
#4717 = CARTESIAN_POINT ( 'NONE',  ( 107.9816026354598648, -63.05003324718956748, 0.000000000000000000 ) ) ;
#4718 = CARTESIAN_POINT ( 'NONE',  ( 144.2203939651227529, -144.4507374078959572, 0.000000000000000000 ) ) ;
#4719 = DIRECTION ( 'NONE',  ( 3.020149216579562146E-16, 1.000000000000000000, 0.000000000000000000 ) ) ;
#4720 = VECTOR ( 'NONE', #4229, 1000.000000000000114 ) ;
#4721 = EDGE_CURVE ( 'NONE', #2060, #4544, #5740, .T. ) ;
#4722 = ORIENTED_EDGE ( 'NONE', *, *, #4047, .T. ) ;
#4723 = EDGE_CURVE ( 'NONE', #791, #3497, #1403, .T. ) ;
#4724 = CARTESIAN_POINT ( 'NONE',  ( 143.1944786988996725, -94.46772382334611962, 0.000000000000000000 ) ) ;
#4725 = DIRECTION ( 'NONE',  ( -1.776973163029144758E-06, -0.9999999999984211518, -0.000000000000000000 ) ) ;
#4726 = CARTESIAN_POINT ( 'NONE',  ( 107.9799252368859754, -56.05007250528329621, 3.500000000000000000 ) ) ;
#4727 = DIRECTION ( 'NONE',  ( 0.4246756612907175432, 0.9053455598318753683, 0.000000000000000000 ) ) ;
#4728 = DIRECTION ( 'NONE',  ( -1.000000000000000000, 0.000000000000000000, -0.000000000000000000 ) ) ;
#4729 = ORIENTED_EDGE ( 'NONE', *, *, #4745, .T. ) ;
#4730 = ORIENTED_EDGE ( 'NONE', *, *, #1089, .F. ) ;
#4731 = ORIENTED_EDGE ( 'NONE', *, *, #3157, .T. ) ;
#4732 = LINE ( 'NONE', #4254, #62 ) ;
#4733 = CARTESIAN_POINT ( 'NONE',  ( 102.2169555733772199, -61.96078842595110814, -0.000000000000000000 ) ) ;
#4734 = CARTESIAN_POINT ( 'NONE',  ( 142.2795508170035248, -140.3097598652971101, -2.750000000000000000 ) ) ;
#4735 = CARTESIAN_POINT ( 'NONE',  ( 105.1932597995808862, -144.0591890776443620, -2.750000000000000000 ) ) ;
#4736 = ORIENTED_EDGE ( 'NONE', *, *, #2043, .F. ) ;
#4737 = EDGE_LOOP ( 'NONE', ( #5044, #6162, #5884, #3877, #5983, #341 ) ) ;
#4738 = ORIENTED_EDGE ( 'NONE', *, *, #4751, .T. ) ;
#4739 = LINE ( 'NONE', #3757, #4521 ) ;
#4740 = CARTESIAN_POINT ( 'NONE',  ( 144.2204432323657954, -144.4507059086088248, -2.750000000000000000 ) ) ;
#4741 = FACE_OUTER_BOUND ( 'NONE', #2016, .T. ) ;
#4742 = EDGE_LOOP ( 'NONE', ( #3050, #5912, #5976, #1786, #1283, #608 ) ) ;
#4743 = ORIENTED_EDGE ( 'NONE', *, *, #2661, .T. ) ;
#4744 = AXIS2_PLACEMENT_3D ( 'NONE', #4881, #2567, #2948 ) ;
#4745 = EDGE_CURVE ( 'NONE', #3168, #2161, #401, .T. ) ;
#4746 = DIRECTION ( 'NONE',  ( -0.000000000000000000, -0.000000000000000000, 1.000000000000000000 ) ) ;
#4747 = LINE ( 'NONE', #1456, #2945 ) ;
#4748 = CARTESIAN_POINT ( 'NONE',  ( 128.1434788981945871, -42.88665679452940793, 3.500000000000000000 ) ) ;
#4749 = EDGE_CURVE ( 'NONE', #1073, #3181, #1911, .T. ) ;
#4750 = EDGE_CURVE ( 'NONE', #2173, #1414, #2911, .T. ) ;
#4751 = EDGE_CURVE ( 'NONE', #2987, #788, #3390, .T. ) ;
#4752 = AXIS2_PLACEMENT_3D ( 'NONE', #1737, #2297, #2328 ) ;
#4753 = DIRECTION ( 'NONE',  ( 1.000000000000000000, 0.000000000000000000, 0.000000000000000000 ) ) ;
#4754 = DIRECTION ( 'NONE',  ( 0.9999999999803886874, 6.262789326926268667E-06, 0.000000000000000000 ) ) ;
#4755 = CARTESIAN_POINT ( 'NONE',  ( 27.00382371178631757, -142.4675784857343217, 61.44928290075804966 ) ) ;
#4756 = CARTESIAN_POINT ( 'NONE',  ( 138.6731431823684773, -139.5936063396800364, 9.857001077210377105 ) ) ;
#4757 = DIRECTION ( 'NONE',  ( 0.7426840166779760111, 0.5471638524185297170, 0.3860468494594681554 ) ) ;
#4758 = ORIENTED_EDGE ( 'NONE', *, *, #5968, .T. ) ;
#4759 = VECTOR ( 'NONE', #3022, 1000.000000000000114 ) ;
#4760 = ORIENTED_EDGE ( 'NONE', *, *, #5104, .T. ) ;
#4761 = ORIENTED_EDGE ( 'NONE', *, *, #5294, .T. ) ;
#4762 = VECTOR ( 'NONE', #6248, 1000.000000000000000 ) ;
#4763 = DIRECTION ( 'NONE',  ( -1.776973163029144758E-06, -0.9999999999984211518, -0.000000000000000000 ) ) ;
#4764 = DIRECTION ( 'NONE',  ( 0.000000000000000000, 0.000000000000000000, -1.000000000000000000 ) ) ;
#4765 = CARTESIAN_POINT ( 'NONE',  ( 132.2284475592594220, -128.5709218128818634, 3.500000000000000000 ) ) ;
#4766 = FACE_OUTER_BOUND ( 'NONE', #1852, .T. ) ;
#4767 = VECTOR ( 'NONE', #2564, 1000.000000000000114 ) ;
#4768 = EDGE_LOOP ( 'NONE', ( #652, #5291, #1914, #4695 ) ) ;
#4769 = ORIENTED_EDGE ( 'NONE', *, *, #2700, .T. ) ;
#4770 = ORIENTED_EDGE ( 'NONE', *, *, #4745, .F. ) ;
#4771 = VECTOR ( 'NONE', #2089, 1000.000000000000000 ) ;
#4772 = CARTESIAN_POINT ( 'NONE',  ( 21.33822897396350271, -23.73737202523708945, 48.79195214428957428 ) ) ;
#4773 = CARTESIAN_POINT ( 'NONE',  ( 107.9800631888001590, -63.05007250392394269, 3.500000000000000000 ) ) ;
#4774 = EDGE_LOOP ( 'NONE', ( #2800, #5250, #980, #1071 ) ) ;
#4775 = ORIENTED_EDGE ( 'NONE', *, *, #661, .F. ) ;
#4776 = VERTEX_POINT ( 'NONE', #4381 ) ;
#4777 = DIRECTION ( 'NONE',  ( 1.000000000000000000, 0.000000000000000000, 0.000000000000000000 ) ) ;
#4778 = CARTESIAN_POINT ( 'NONE',  ( 107.9816026354598648, -63.05003324718956748, 0.000000000000000000 ) ) ;
#4779 = CARTESIAN_POINT ( 'NONE',  ( 107.7001076974038654, -145.7008696982397282, -5.449999999998964562 ) ) ;
#4780 = VECTOR ( 'NONE', #1682, 1000.000000000000000 ) ;
#4781 = CARTESIAN_POINT ( 'NONE',  ( 141.7204432326926451, -55.04940756665430257, -2.750000000000000000 ) ) ;
#4782 = ORIENTED_EDGE ( 'NONE', *, *, #6141, .T. ) ;
#4783 = ADVANCED_FACE ( 'NONE', ( #4243 ), #56, .T. ) ;
#4784 = LINE ( 'NONE', #2341, #4346 ) ;
#4785 = CARTESIAN_POINT ( 'NONE',  ( 3.007103744583897065, 2.438566904334545260, 4.000000000000017764 ) ) ;
#4786 = DIRECTION ( 'NONE',  ( 0.3826834322364022767, -9.938367446811222373E-06, 0.9238795325111363033 ) ) ;
#4787 = PLANE ( 'NONE',  #2432 ) ;
#4788 = CARTESIAN_POINT ( 'NONE',  ( 99.98155336999762710, -138.9501880285104960, 0.000000000000000000 ) ) ;
#4789 = EDGE_CURVE ( 'NONE', #299, #5035, #2538, .T. ) ;
#4790 = ORIENTED_EDGE ( 'NONE', *, *, #5382, .T. ) ;
#4791 = EDGE_CURVE ( 'NONE', #4849, #1742, #3086, .T. ) ;
#4792 = ORIENTED_EDGE ( 'NONE', *, *, #3696, .T. ) ;
#4793 = VERTEX_POINT ( 'NONE', #1564 ) ;
#4794 = AXIS2_PLACEMENT_3D ( 'NONE', #1318, #1821, #3237 ) ;
#4795 = LINE ( 'NONE', #4289, #5102 ) ;
#4796 = CARTESIAN_POINT ( 'NONE',  ( 139.7793627748839356, -146.0006687926291988, -4.725735931288185476 ) ) ;
#4797 = DIRECTION ( 'NONE',  ( 0.3876575835955765603, -0.9218034486162646202, 0.000000000000000000 ) ) ;
#4798 = DIRECTION ( 'NONE',  ( 0.000000000000000000, 0.000000000000000000, -1.000000000000000000 ) ) ;
#4799 = VECTOR ( 'NONE', #4763, 1000.000000000000114 ) ;
#4800 = ORIENTED_EDGE ( 'NONE', *, *, #586, .T. ) ;
#4801 = AXIS2_PLACEMENT_3D ( 'NONE', #1599, #5395, #618 ) ;
#4802 = VERTEX_POINT ( 'NONE', #4478 ) ;
#4803 = EDGE_LOOP ( 'NONE', ( #43, #1172, #1314, #1766, #5971 ) ) ;
#4804 = LINE ( 'NONE', #540, #5833 ) ;
#4805 = DIRECTION ( 'NONE',  ( 1.000000000000000000, 0.000000000000000000, 0.000000000000000000 ) ) ;
#4806 = DIRECTION ( 'NONE',  ( 1.000000000000000000, 0.000000000000000000, -0.000000000000000000 ) ) ;
#4807 = EDGE_LOOP ( 'NONE', ( #3293, #3147, #4035, #95 ) ) ;
#4808 = ORIENTED_EDGE ( 'NONE', *, *, #2352, .F. ) ;
#4809 = DIRECTION ( 'NONE',  ( -0.7070953588661299527, -0.7071182033224566732, 0.000000000000000000 ) ) ;
#4810 = DIRECTION ( 'NONE',  ( -1.000000000000000000, 0.000000000000000000, 0.000000000000000000 ) ) ;
#4811 = PLANE ( 'NONE',  #1034 ) ;
#4812 = DIRECTION ( 'NONE',  ( -0.6570599915742437735, -0.2612894323780651229, -0.7071067811865497932 ) ) ;
#4813 = VERTEX_POINT ( 'NONE', #151 ) ;
#4814 = AXIS2_PLACEMENT_3D ( 'NONE', #1261, #3246, #324 ) ;
#4815 = AXIS2_PLACEMENT_3D ( 'NONE', #649, #1530, #3456 ) ;
#4816 = LINE ( 'NONE', #5800, #6194 ) ;
#4817 = LINE ( 'NONE', #2442, #5672 ) ;
#4818 = CARTESIAN_POINT ( 'NONE',  ( 4.172166349601540425, 3.383357424179729733, 3.500000000000000000 ) ) ;
#4819 = DIRECTION ( 'NONE',  ( 0.000000000000000000, 0.000000000000000000, -1.000000000000000000 ) ) ;
#4820 = PLANE ( 'NONE',  #710 ) ;
#4821 = EDGE_LOOP ( 'NONE', ( #4226, #2761, #5283, #5466, #1534 ) ) ;
#4822 = ADVANCED_FACE ( 'NONE', ( #3545 ), #3009, .F. ) ;
#4823 = VERTEX_POINT ( 'NONE', #1023 ) ;
#4824 = ADVANCED_FACE ( 'NONE', ( #3992 ), #2004, .F. ) ;
#4825 = CARTESIAN_POINT ( 'NONE',  ( 103.3693476999433187, -144.2157273886917324, 3.500000000000000000 ) ) ;
#4826 = CARTESIAN_POINT ( 'NONE',  ( 107.9816026354566532, -63.05003324744097881, -2.750000000000000000 ) ) ;
#4827 = CARTESIAN_POINT ( 'NONE',  ( 107.9800631888001590, -63.05007250392394269, 3.500000000000000000 ) ) ;
#4828 = EDGE_CURVE ( 'NONE', #4776, #2820, #3924, .T. ) ;
#4829 = ORIENTED_EDGE ( 'NONE', *, *, #3581, .F. ) ;
#4830 = EDGE_LOOP ( 'NONE', ( #3079, #2391, #4694, #4445 ) ) ;
#4831 = EDGE_CURVE ( 'NONE', #3475, #5173, #5994, .T. ) ;
#4832 = DIRECTION ( 'NONE',  ( -0.000000000000000000, -0.000000000000000000, 1.000000000000000000 ) ) ;
#4833 = LINE ( 'NONE', #542, #5265 ) ;
#4834 = PLANE ( 'NONE',  #762 ) ;
#4835 = ADVANCED_FACE ( 'NONE', ( #5456 ), #5007, .T. ) ;
#4836 = ORIENTED_EDGE ( 'NONE', *, *, #3157, .F. ) ;
#4837 = FACE_OUTER_BOUND ( 'NONE', #2960, .T. ) ;
#4838 = CARTESIAN_POINT ( 'NONE',  ( 107.5317589230693613, -61.70600824328120382, 4.604409343063088578 ) ) ;
#4839 = FILL_AREA_STYLE_COLOUR ( '', #640 ) ;
#4840 = FACE_OUTER_BOUND ( 'NONE', #2350, .T. ) ;
#4841 = ORIENTED_EDGE ( 'NONE', *, *, #2934, .F. ) ;
#4842 = CIRCLE ( 'NONE', #6246, 3.450050408439476968 ) ;
#4843 = CARTESIAN_POINT ( 'NONE',  ( 105.4316206043729665, -143.6196619149582432, -2.750000000000000000 ) ) ;
#4844 = DIRECTION ( 'NONE',  ( -0.000000000000000000, -0.000000000000000000, 1.000000000000000000 ) ) ;
#4845 = VECTOR ( 'NONE', #1067, 1000.000000000000000 ) ;
#4846 = CARTESIAN_POINT ( 'NONE',  ( 101.2286387680567827, -121.6868953182585074, -7.750000000016446400 ) ) ;
#4847 = FACE_OUTER_BOUND ( 'NONE', #1002, .T. ) ;
#4848 = DIRECTION ( 'NONE',  ( -0.1426829312152746443, 0.6925616081907853827, -0.7071067811865549002 ) ) ;
#4849 = VERTEX_POINT ( 'NONE', #681 ) ;
#4850 = VERTEX_POINT ( 'NONE', #2505 ) ;
#4851 = CARTESIAN_POINT ( 'NONE',  ( 109.3000492667944314, -63.00006420793567941, -2.750000000000000000 ) ) ;
#4852 = CARTESIAN_POINT ( 'NONE',  ( 142.2773813781882097, -56.77415621722656169, -2.750000000000000000 ) ) ;
#4853 = AXIS2_PLACEMENT_3D ( 'NONE', #4773, #5377, #2834 ) ;
#4854 = LINE ( 'NONE', #1887, #3242 ) ;
#4855 = VECTOR ( 'NONE', #3361, 1000.000000000000227 ) ;
#4856 = EDGE_CURVE ( 'NONE', #2672, #134, #1594, .T. ) ;
#4857 = EDGE_LOOP ( 'NONE', ( #5844, #5911, #447 ) ) ;
#4858 = VERTEX_POINT ( 'NONE', #3571 ) ;
#4859 = ORIENTED_EDGE ( 'NONE', *, *, #6183, .F. ) ;
#4860 = ORIENTED_EDGE ( 'NONE', *, *, #5133, .F. ) ;
#4861 = EDGE_CURVE ( 'NONE', #3659, #4183, #1483, .T. ) ;
#4862 = CARTESIAN_POINT ( 'NONE',  ( 105.4816026354598790, -63.05003324718956748, -2.750000000000000000 ) ) ;
#4863 = VERTEX_POINT ( 'NONE', #2946 ) ;
#4864 = DIRECTION ( 'NONE',  ( 0.000000000000000000, 0.000000000000000000, -1.000000000000000000 ) ) ;
#4865 = DIRECTION ( 'NONE',  ( 0.000000000000000000, 0.000000000000000000, 1.000000000000000000 ) ) ;
#4866 = EDGE_CURVE ( 'NONE', #5637, #2750, #117, .T. ) ;
#4867 = ORIENTED_EDGE ( 'NONE', *, *, #471, .T. ) ;
#4868 = EDGE_CURVE ( 'NONE', #2820, #4419, #4508, .T. ) ;
#4869 = AXIS2_PLACEMENT_3D ( 'NONE', #2583, #4583, #4067 ) ;
#4870 = AXIS2_PLACEMENT_3D ( 'NONE', #4050, #302, #5992 ) ;
#4871 = LINE ( 'NONE', #2902, #3024 ) ;
#4872 = CARTESIAN_POINT ( 'NONE',  ( 107.9815533684557352, -138.9500309607401789, 3.500000000000000000 ) ) ;
#4873 = DIRECTION ( 'NONE',  ( -1.429746398247119841E-05, 0.7282188548525653227, -0.6853446572585218943 ) ) ;
#4874 = DIRECTION ( 'NONE',  ( 1.963347129712797196E-05, 0.9999999998072632845, 0.000000000000000000 ) ) ;
#4875 = ORIENTED_EDGE ( 'NONE', *, *, #5924, .T. ) ;
#4876 = EDGE_CURVE ( 'NONE', #1229, #1218, #3959, .T. ) ;
#4877 = ADVANCED_BREP_SHAPE_REPRESENTATION ( 'OLED cover', ( #4027, #1273 ), #6222 ) ;
#4878 = DIRECTION ( 'NONE',  ( -0.000000000000000000, -0.000000000000000000, 1.000000000000000000 ) ) ;
#4879 = DIRECTION ( 'NONE',  ( -1.000000000000000000, 7.064954606356651146E-15, 0.000000000000000000 ) ) ;
#4880 = CARTESIAN_POINT ( 'NONE',  ( 143.5274586481659753, -59.74947132758916979, -4.250000000000163425 ) ) ;
#4881 = CARTESIAN_POINT ( 'NONE',  ( 103.5037927504869657, -139.1835780754425116, -2.750000000000000000 ) ) ;
#4882 = ORIENTED_EDGE ( 'NONE', *, *, #3541, .F. ) ;
#4883 = VERTEX_POINT ( 'NONE', #617 ) ;
#4884 = VERTEX_POINT ( 'NONE', #4024 ) ;
#4885 = CARTESIAN_POINT ( 'NONE',  ( 103.4344004022027690, -57.72682632977949879, 3.500000000000000000 ) ) ;
#4886 = DIRECTION ( 'NONE',  ( -0.000000000000000000, 1.000000000000000000, 0.000000000000000000 ) ) ;
#4887 = DIRECTION ( 'NONE',  ( 0.000000000000000000, 0.000000000000000000, 1.000000000000000000 ) ) ;
#4888 = VERTEX_POINT ( 'NONE', #4880 ) ;
#4889 = VERTEX_POINT ( 'NONE', #5964 ) ;
#4890 = VECTOR ( 'NONE', #3043, 1000.000000000000000 ) ;
#4891 = VERTEX_POINT ( 'NONE', #557 ) ;
#4892 = VERTEX_POINT ( 'NONE', #1628 ) ;
#4893 = FACE_OUTER_BOUND ( 'NONE', #2263, .T. ) ;
#4894 = ORIENTED_EDGE ( 'NONE', *, *, #5566, .F. ) ;
#4895 = LINE ( 'NONE', #1897, #3131 ) ;
#4896 = DIRECTION ( 'NONE',  ( 0.7325527290244204792, 1.443672160417327944E-05, 0.6807102900577125526 ) ) ;
#4897 = AXIS2_PLACEMENT_3D ( 'NONE', #5747, #2351, #3332 ) ;
#4898 = ORIENTED_EDGE ( 'NONE', *, *, #3593, .F. ) ;
#4899 = APPLICATION_CONTEXT ( 'automotive_design' ) ;
#4900 = EDGE_CURVE ( 'NONE', #452, #4850, #1148, .T. ) ;
#4901 = VECTOR ( 'NONE', #2978, 1000.000000000000227 ) ;
#4902 = CARTESIAN_POINT ( 'NONE',  ( 102.1787390210451889, -65.26896727933170439, -5.449999999999011635 ) ) ;
#4903 = VECTOR ( 'NONE', #6150, 1000.000000000000114 ) ;
#4904 = ADVANCED_FACE ( 'NONE', ( #4537 ), #211, .F. ) ;
#4905 = CARTESIAN_POINT ( 'NONE',  ( 100.9287434636809309, -62.76896505811915716, -4.250000000000198064 ) ) ;
#4906 = DIRECTION ( 'NONE',  ( 0.000000000000000000, -1.000000000000000000, 0.000000000000000000 ) ) ;
#4907 = CARTESIAN_POINT ( 'NONE',  ( 107.8243095089149932, -141.4938796657234548, -2.750000000000000000 ) ) ;
#4908 = VECTOR ( 'NONE', #2184, 1000.000000000000000 ) ;
#4909 = ADVANCED_FACE ( 'NONE', ( #740 ), #2690, .T. ) ;
#4910 = ORIENTED_EDGE ( 'NONE', *, *, #2730, .F. ) ;
#4911 = DIRECTION ( 'NONE',  ( -0.000000000000000000, 0.000000000000000000, 1.000000000000000000 ) ) ;
#4912 = CARTESIAN_POINT ( 'NONE',  ( 102.8595053415023983, -60.29307387543439489, 4.336808689942017736E-16 ) ) ;
#4913 = ADVANCED_FACE ( 'NONE', ( #242 ), #3160, .T. ) ;
#4914 = CARTESIAN_POINT ( 'NONE',  ( 143.2203939651227529, -6.884574355127424994, 66.31545711863546444 ) ) ;
#4915 = ADVANCED_FACE ( 'NONE', ( #5131 ), #3222, .T. ) ;
#4916 = CARTESIAN_POINT ( 'NONE',  ( 125.9576613956037079, -109.4402585278624258, 3.500000000000000000 ) ) ;
#4917 = CYLINDRICAL_SURFACE ( 'NONE', #4744, 2.000000000000015543 ) ;
#4918 = EDGE_CURVE ( 'NONE', #249, #3340, #6021, .T. ) ;
#4919 = ORIENTED_EDGE ( 'NONE', *, *, #1312, .F. ) ;
#4920 = EDGE_LOOP ( 'NONE', ( #4107, #3466, #5918 ) ) ;
#4921 = AXIS2_PLACEMENT_3D ( 'NONE', #491, #425, #2785 ) ;
#4922 = VECTOR ( 'NONE', #165, 1000.000000000000000 ) ;
#4923 = ORIENTED_EDGE ( 'NONE', *, *, #4565, .F. ) ;
#4924 = DIRECTION ( 'NONE',  ( -1.000000000000000000, 0.000000000000000000, 0.000000000000000000 ) ) ;
#4925 = LINE ( 'NONE', #625, #6113 ) ;
#4926 = DIRECTION ( 'NONE',  ( -1.000000000000000000, 0.000000000000000000, 0.000000000000000000 ) ) ;
#4927 = VECTOR ( 'NONE', #4105, 1000.000000000000000 ) ;
#4928 = ORIENTED_EDGE ( 'NONE', *, *, #2202, .T. ) ;
#4929 = ORIENTED_EDGE ( 'NONE', *, *, #5211, .T. ) ;
#4930 = EDGE_LOOP ( 'NONE', ( #2733, #5461, #691, #5361 ) ) ;
#4931 = ORIENTED_EDGE ( 'NONE', *, *, #126, .F. ) ;
#4932 = FACE_OUTER_BOUND ( 'NONE', #1985, .T. ) ;
#4933 = ORIENTED_EDGE ( 'NONE', *, *, #6004, .T. ) ;
#4934 = VECTOR ( 'NONE', #4097, 1000.000000000000000 ) ;
#4935 = CARTESIAN_POINT ( 'NONE',  ( 149.7393224652074650, -24.09749939982614464, -33.13292201118952107 ) ) ;
#4936 = DIRECTION ( 'NONE',  ( -0.000000000000000000, -0.000000000000000000, 1.000000000000000000 ) ) ;
#4937 = EDGE_LOOP ( 'NONE', ( #1311, #1407, #2996, #163, #300, #4894, #1979, #3751 ) ) ;
#4938 = ORIENTED_EDGE ( 'NONE', *, *, #4493, .F. ) ;
#4939 = LINE ( 'NONE', #4012, #2527 ) ;
#4940 = CYLINDRICAL_SURFACE ( 'NONE', #718, 8.000000000000007105 ) ;
#4941 = LINE ( 'NONE', #5351, #5706 ) ;
#4942 = DIRECTION ( 'NONE',  ( -0.000000000000000000, 0.000000000000000000, -1.000000000000000000 ) ) ;
#4943 = EDGE_CURVE ( 'NONE', #355, #2161, #801, .T. ) ;
#4944 = DIRECTION ( 'NONE',  ( -1.000000000000000000, 0.000000000000000000, 0.000000000000000000 ) ) ;
#4945 = LINE ( 'NONE', #1116, #4567 ) ;
#4946 = EDGE_CURVE ( 'NONE', #4419, #1471, #5163, .T. ) ;
#4947 = DIRECTION ( 'NONE',  ( -0.5793476693294586921, 0.8150805346973538645, 0.000000000000000000 ) ) ;
#4948 = PLANE ( 'NONE',  #1478 ) ;
#4949 = CARTESIAN_POINT ( 'NONE',  ( 103.0049072023622045, -143.8727327532019444, 3.000000000000000000 ) ) ;
#4950 = EDGE_CURVE ( 'NONE', #1894, #2431, #830, .T. ) ;
#4951 = EDGE_CURVE ( 'NONE', #3139, #1293, #3608, .T. ) ;
#4952 = VECTOR ( 'NONE', #4757, 1000.000000000000114 ) ;
#4953 = EDGE_LOOP ( 'NONE', ( #4585, #2488, #4579, #2290, #2429, #4782, #658 ) ) ;
#4954 = DIRECTION ( 'NONE',  ( -0.000000000000000000, -0.000000000000000000, -1.000000000000000000 ) ) ;
#4955 = DIRECTION ( 'NONE',  ( 0.000000000000000000, 0.000000000000000000, 1.000000000000000000 ) ) ;
#4956 = CARTESIAN_POINT ( 'NONE',  ( 100.9287434636809309, -62.76896505811915716, -4.250000000000198064 ) ) ;
#4957 = VECTOR ( 'NONE', #5349, 1000.000000000000227 ) ;
#4958 = ORIENTED_EDGE ( 'NONE', *, *, #4414, .T. ) ;
#4959 = EDGE_LOOP ( 'NONE', ( #2894, #2885, #93, #1708, #137, #2763 ) ) ;
#4960 = ORIENTED_EDGE ( 'NONE', *, *, #6145, .F. ) ;
#4961 = VERTEX_POINT ( 'NONE', #2214 ) ;
#4962 = CARTESIAN_POINT ( 'NONE',  ( 143.2296012230398503, -59.74946359217056369, -3.950000000000187583 ) ) ;
#4963 = FACE_OUTER_BOUND ( 'NONE', #5791, .T. ) ;
#4964 = LINE ( 'NONE', #5951, #4507 ) ;
#4965 = VECTOR ( 'NONE', #1326, 1000.000000000000114 ) ;
#4966 = VECTOR ( 'NONE', #5043, 1000.000000000000000 ) ;
#4967 = ORIENTED_EDGE ( 'NONE', *, *, #4211, .F. ) ;
#4968 = CARTESIAN_POINT ( 'NONE',  ( 102.1787434634780425, -62.76896727933561948, -5.449999999999011635 ) ) ;
#4969 = DIRECTION ( 'NONE',  ( 0.000000000000000000, 0.000000000000000000, -1.000000000000000000 ) ) ;
#4970 = CARTESIAN_POINT ( 'NONE',  ( 75.01138397069469477, -136.9050009954651159, 3.500000000000000000 ) ) ;
#4971 = CARTESIAN_POINT ( 'NONE',  ( 107.9816026354598648, -63.05003324718956748, 0.000000000000000000 ) ) ;
#4972 = LINE ( 'NONE', #2031, #3808 ) ;
#4973 = VECTOR ( 'NONE', #2626, 1000.000000000000000 ) ;
#4974 = DIRECTION ( 'NONE',  ( 2.597020929432778652E-05, -0.9999999996627739751, -3.653861547250550884E-19 ) ) ;
#4975 = LINE ( 'NONE', #648, #4767 ) ;
#4976 = AXIS2_PLACEMENT_3D ( 'NONE', #4655, #5162, #3798 ) ;
#4977 = CARTESIAN_POINT ( 'NONE',  ( 107.9800631888001590, -63.05007250392394269, 3.500000000000000000 ) ) ;
#4978 = FACE_OUTER_BOUND ( 'NONE', #6253, .T. ) ;
#4979 = CARTESIAN_POINT ( 'NONE',  ( 99.98006319034203671, -63.05022957169427400, 0.000000000000000000 ) ) ;
#4980 = ADVANCED_FACE ( 'NONE', ( #331 ), #4207, .F. ) ;
#4981 = ORIENTED_EDGE ( 'NONE', *, *, #471, .F. ) ;
#4982 = CARTESIAN_POINT ( 'NONE',  ( 106.7000492667944087, -63.00006420793567941, -4.499999999999975131 ) ) ;
#4983 = EDGE_CURVE ( 'NONE', #2161, #4645, #3638, .T. ) ;
#4984 = DIRECTION ( 'NONE',  ( -0.000000000000000000, -0.000000000000000000, -1.000000000000000000 ) ) ;
#4985 = FACE_OUTER_BOUND ( 'NONE', #1646, .T. ) ;
#4986 = EDGE_CURVE ( 'NONE', #4883, #2431, #1806, .T. ) ;
#4987 = ORIENTED_EDGE ( 'NONE', *, *, #281, .T. ) ;
#4988 = ORIENTED_EDGE ( 'NONE', *, *, #3318, .F. ) ;
#4989 = ORIENTED_EDGE ( 'NONE', *, *, #2189, .T. ) ;
#4990 = ORIENTED_EDGE ( 'NONE', *, *, #3393, .F. ) ;
#4991 = FACE_OUTER_BOUND ( 'NONE', #1986, .T. ) ;
#4992 = EDGE_CURVE ( 'NONE', #662, #5652, #4449, .T. ) ;
#4993 = LINE ( 'NONE', #1138, #831 ) ;
#4994 = CARTESIAN_POINT ( 'NONE',  ( 130.9455281655543786, -113.0353466571312424, 4.000000000000017764 ) ) ;
#4995 = ORIENTED_EDGE ( 'NONE', *, *, #4121, .F. ) ;
#4996 = DIRECTION ( 'NONE',  ( -0.000000000000000000, -0.000000000000000000, 1.000000000000000000 ) ) ;
#4997 = CARTESIAN_POINT ( 'NONE',  ( 108.0000492667944201, -63.00006420793567941, -5.000000000000000000 ) ) ;
#4998 = CARTESIAN_POINT ( 'NONE',  ( 107.6837177026118724, -143.4889320319535670, -2.750000000000000000 ) ) ;
#4999 = VECTOR ( 'NONE', #371, 1000.000000000000000 ) ;
#5000 = DIRECTION ( 'NONE',  ( 1.963347129720719326E-05, 0.9999999998072632845, 0.000000000000000000 ) ) ;
#5001 = DIRECTION ( 'NONE',  ( -0.000000000000000000, -0.000000000000000000, 1.000000000000000000 ) ) ;
#5002 = VECTOR ( 'NONE', #97, 1000.000000000000000 ) ;
#5003 = AXIS2_PLACEMENT_3D ( 'NONE', #4872, #2369, #549 ) ;
#5004 = CARTESIAN_POINT ( 'NONE',  ( 112.5475344343431914, -132.0529190979546001, 3.500000000000000000 ) ) ;
#5005 = DIRECTION ( 'NONE',  ( 0.9238795325314326234, -1.641709135182859895E-06, 0.3826834323129321147 ) ) ;
#5006 = CIRCLE ( 'NONE', #3173, 8.000000000000007105 ) ;
#5007 = PLANE ( 'NONE',  #1490 ) ;
#5008 = CARTESIAN_POINT ( 'NONE',  ( 120.5121414331088943, -77.84884658641512090, 3.500000000000000000 ) ) ;
#5009 = LINE ( 'NONE', #5967, #4236 ) ;
#5010 = ORIENTED_EDGE ( 'NONE', *, *, #803, .T. ) ;
#5011 = B_SPLINE_SURFACE_WITH_KNOTS ( 'NONE', 2, 1, ( 
 ( #6136, #1798 ),
 ( #3629, #4708 ),
 ( #4227, #1830 ),
 ( #1353, #1705 ) ),
 .UNSPECIFIED., .F., .F., .F.,
 ( 3, 1, 3 ),
 ( 2, 2 ),
 ( -0.001608886309845707378, 0.1166104679936608712, 0.3047136173910263701 ),
 ( 0.000000000000000000, 1.000000000000000000 ),
 .UNSPECIFIED. ) ;
#5012 = CARTESIAN_POINT ( 'NONE',  ( 142.2796012236085517, -142.2507649904860898, -5.449999999999006306 ) ) ;
#5013 = CARTESIAN_POINT ( 'NONE',  ( 107.7001017477540046, -144.7508696982581853, -2.750000000000025757 ) ) ;
#5014 = DIRECTION ( 'NONE',  ( -1.000000000000000000, 0.000000000000000000, 0.000000000000000000 ) ) ;
#5015 = VERTEX_POINT ( 'NONE', #3128 ) ;
#5016 = VECTOR ( 'NONE', #4947, 999.9999999999998863 ) ;
#5017 = EDGE_CURVE ( 'NONE', #161, #3404, #1274, .T. ) ;
#5018 = ORIENTED_EDGE ( 'NONE', *, *, #4868, .T. ) ;
#5019 = ORIENTED_EDGE ( 'NONE', *, *, #5953, .F. ) ;
#5020 = ORIENTED_EDGE ( 'NONE', *, *, #6147, .T. ) ;
#5021 = CIRCLE ( 'NONE', #6132, 1.299999999999981615 ) ;
#5022 = VECTOR ( 'NONE', #112, 1000.000000000000114 ) ;
#5023 = CARTESIAN_POINT ( 'NONE',  ( 103.6636215402454582, -141.8521270633377185, 0.000000000000000000 ) ) ;
#5024 = EDGE_CURVE ( 'NONE', #3404, #1790, #3098, .T. ) ;
#5025 = LINE ( 'NONE', #3501, #5574 ) ;
#5026 = PLANE ( 'NONE',  #1068 ) ;
#5027 = EDGE_CURVE ( 'NONE', #3587, #2393, #4564, .T. ) ;
#5028 = ORIENTED_EDGE ( 'NONE', *, *, #4045, .F. ) ;
#5029 = CARTESIAN_POINT ( 'NONE',  ( 80.22642967929951396, -113.3571348793600180, 21.64534833333147645 ) ) ;
#5030 = CARTESIAN_POINT ( 'NONE',  ( 199.5276175359262822, -59.75092566323406373, 8.005650803983465147E-17 ) ) ;
#5031 = EDGE_CURVE ( 'NONE', #2820, #2750, #2721, .T. ) ;
#5032 = EDGE_LOOP ( 'NONE', ( #3876, #4384, #2990 ) ) ;
#5033 = CARTESIAN_POINT ( 'NONE',  ( 109.0051369249956110, -60.58043762025512535, 3.000000000000000000 ) ) ;
#5034 = FACE_OUTER_BOUND ( 'NONE', #5190, .T. ) ;
#5035 = VERTEX_POINT ( 'NONE', #2247 ) ;
#5036 = DIRECTION ( 'NONE',  ( -1.963347129017993688E-05, 0.9999999998072632845, 0.000000000000000000 ) ) ;
#5037 = CARTESIAN_POINT ( 'NONE',  ( 143.2203939651227245, -57.96357186145747420, 3.500000000000000000 ) ) ;
#5038 = DIRECTION ( 'NONE',  ( -0.8769893853935960548, -0.4805097479832874385, 0.000000000000000000 ) ) ;
#5039 = B_SPLINE_CURVE_WITH_KNOTS ( 'NONE', 2,
 ( #1888, #5659, #3780, #4735 ),
 .UNSPECIFIED., .F., .F.,
 ( 3, 1, 3 ),
 ( 0.6947399328631437276, 0.8828430822605091155, 1.001607910476103314 ),
 .UNSPECIFIED. ) ;
#5040 = CARTESIAN_POINT ( 'NONE',  ( 107.9452654601616644, -55.04995315297496461, -2.750000000000000000 ) ) ;
#5041 = DIRECTION ( 'NONE',  ( 0.000000000000000000, 0.000000000000000000, -1.000000000000000000 ) ) ;
#5042 = FACE_OUTER_BOUND ( 'NONE', #5494, .T. ) ;
#5043 = DIRECTION ( 'NONE',  ( -1.000000000000000000, 0.000000000000000000, 0.000000000000000000 ) ) ;
#5044 = ORIENTED_EDGE ( 'NONE', *, *, #1745, .F. ) ;
#5045 = DIRECTION ( 'NONE',  ( 0.000000000000000000, 0.000000000000000000, -1.000000000000000000 ) ) ;
#5046 = ORIENTED_EDGE ( 'NONE', *, *, #166, .F. ) ;
#5047 = ORIENTED_EDGE ( 'NONE', *, *, #547, .F. ) ;
#5048 = ORIENTED_EDGE ( 'NONE', *, *, #55, .F. ) ;
#5049 = LINE ( 'NONE', #5737, #4934 ) ;
#5050 = CARTESIAN_POINT ( 'NONE',  ( 143.1944786988996725, -67.25020683058068016, 0.000000000000000000 ) ) ;
#5051 = VECTOR ( 'NONE', #3044, 1000.000000000000000 ) ;
#5052 = CARTESIAN_POINT ( 'NONE',  ( 101.2287390211992459, -65.26896559120720553, -5.449999999998969891 ) ) ;
#5053 = LINE ( 'NONE', #6069, #1267 ) ;
#5054 = EDGE_CURVE ( 'NONE', #3659, #3969, #4111, .T. ) ;
#5055 = VECTOR ( 'NONE', #5634, 1000.000000000000000 ) ;
#5056 = VERTEX_POINT ( 'NONE', #3352 ) ;
#5057 = VERTEX_POINT ( 'NONE', #2843 ) ;
#5058 = LINE ( 'NONE', #2616, #123 ) ;
#5059 = VERTEX_POINT ( 'NONE', #2876 ) ;
#5060 = LINE ( 'NONE', #3602, #522 ) ;
#5061 = DIRECTION ( 'NONE',  ( 0.000000000000000000, 0.000000000000000000, -1.000000000000000000 ) ) ;
#5062 = EDGE_CURVE ( 'NONE', #3739, #2295, #3764, .T. ) ;
#5063 = AXIS2_PLACEMENT_3D ( 'NONE', #4617, #5124, #296 ) ;
#5064 = EDGE_CURVE ( 'NONE', #5248, #5433, #3861, .T. ) ;
#5065 = AXIS2_PLACEMENT_3D ( 'NONE', #1945, #5803, #1466 ) ;
#5066 = ORIENTED_EDGE ( 'NONE', *, *, #4327, .F. ) ;
#5067 = EDGE_LOOP ( 'NONE', ( #4634, #4546, #1763, #67 ) ) ;
#5068 = ADVANCED_FACE ( 'NONE', ( #519 ), #1907, .T. ) ;
#5069 = CARTESIAN_POINT ( 'NONE',  ( 140.7044195773284514, -69.25013805109517762, 3.500000000000000000 ) ) ;
#5070 = CARTESIAN_POINT ( 'NONE',  ( 107.7002695070169551, -55.99907359964768716, -4.725735931288185476 ) ) ;
#5071 = CARTESIAN_POINT ( 'NONE',  ( 107.7002571999147165, -57.25275941472119001, -2.750000000000000000 ) ) ;
#5073 = AXIS2_PLACEMENT_3D ( 'NONE', #4114, #5550, #6024 ) ;
#5072 = LINE ( 'NONE', #2723, #4908 ) ;
#5074 = VECTOR ( 'NONE', #921, 1000.000000000000000 ) ;
#5075 = CARTESIAN_POINT ( 'NONE',  ( 102.8706101777262489, -141.7370422481071159, 0.000000000000000000 ) ) ;
#5076 = DIRECTION ( 'NONE',  ( -0.7631309638112488969, -0.6462438642436106884, 0.000000000000000000 ) ) ;
#5077 = CARTESIAN_POINT ( 'NONE',  ( 107.7001095762406635, -146.0008696982336858, -4.725735931288185476 ) ) ;
#5078 = EDGE_LOOP ( 'NONE', ( #5736, #5727, #909, #1026 ) ) ;
#5079 = DIRECTION ( 'NONE',  ( 0.9999999998695328074, -1.615346999861855536E-05, 0.000000000000000000 ) ) ;
#5080 = EDGE_LOOP ( 'NONE', ( #6226, #2165, #1134, #78 ) ) ;
#5081 = ORIENTED_EDGE ( 'NONE', *, *, #4290, .T. ) ;
#5082 = EDGE_LOOP ( 'NONE', ( #1577, #74, #4102, #1833, #124, #6096 ) ) ;
#5083 = ORIENTED_EDGE ( 'NONE', *, *, #2199, .T. ) ;
#5084 = AXIS2_PLACEMENT_3D ( 'NONE', #4411, #1462, #2035 ) ;
#5085 = LINE ( 'NONE', #3172, #4593 ) ;
#5086 = DIRECTION ( 'NONE',  ( -0.7071182033224665542, -0.7070953588661199607, -0.000000000000000000 ) ) ;
#5087 = CARTESIAN_POINT ( 'NONE',  ( 105.4816026354598790, -63.05003324718956748, 0.000000000000000000 ) ) ;
#5088 = EDGE_LOOP ( 'NONE', ( #6103, #4516, #5184, #1133 ) ) ;
#5089 = ORIENTED_EDGE ( 'NONE', *, *, #1772, .F. ) ;
#5090 = DIRECTION ( 'NONE',  ( -0.000000000000000000, -0.000000000000000000, 1.000000000000000000 ) ) ;
#5091 = CARTESIAN_POINT ( 'NONE',  ( 101.0040248452708056, -94.46772382334611962, 0.000000000000000000 ) ) ;
#5092 = DIRECTION ( 'NONE',  ( -0.9238795321995815213, -2.399334482206009155E-05, 0.3826834323654499936 ) ) ;
#5093 = ADVANCED_FACE ( 'NONE', ( #4840 ), #6204, .T. ) ;
#5094 = ORIENTED_EDGE ( 'NONE', *, *, #1928, .F. ) ;
#5095 = ORIENTED_EDGE ( 'NONE', *, *, #3588, .F. ) ;
#5096 = EDGE_CURVE ( 'NONE', #3496, #1260, #1398, .T. ) ;
#5097 = FACE_OUTER_BOUND ( 'NONE', #4361, .T. ) ;
#5098 = CYLINDRICAL_SURFACE ( 'NONE', #3958, 3.450050408439292227 ) ;
#5099 = DIRECTION ( 'NONE',  ( -1.776973163029144758E-06, -0.9999999999984211518, -0.000000000000000000 ) ) ;
#5100 = DIRECTION ( 'NONE',  ( 3.020149216579562146E-16, 1.000000000000000000, 0.000000000000000000 ) ) ;
#5101 = EDGE_CURVE ( 'NONE', #5057, #3280, #4235, .T. ) ;
#5102 = VECTOR ( 'NONE', #1376, 1000.000000000000000 ) ;
#5103 = CIRCLE ( 'NONE', #363, 2.500000000000015987 ) ;
#5104 = EDGE_CURVE ( 'NONE', #4497, #414, #5668, .T. ) ;
#5105 = ADVANCED_FACE ( 'NONE', ( #19 ), #955, .F. ) ;
#5106 = CARTESIAN_POINT ( 'NONE',  ( 114.3215335636887033, -133.2404824600742472, 3.000000000000000000 ) ) ;
#5107 = VECTOR ( 'NONE', #3837, 1000.000000000000000 ) ;
#5108 = PLANE ( 'NONE',  #5928 ) ;
#5109 = LINE ( 'NONE', #2698, #5669 ) ;
#5110 = ADVANCED_FACE ( 'NONE', ( #458 ), #2371, .F. ) ;
#5111 = CARTESIAN_POINT ( 'NONE',  ( 108.0000492667944201, -63.00006420793567941, -5.000000000000000000 ) ) ;
#5112 = VECTOR ( 'NONE', #1686, 1000.000000000000000 ) ;
#5113 = ORIENTED_EDGE ( 'NONE', *, *, #1240, .F. ) ;
#5114 = ORIENTED_EDGE ( 'NONE', *, *, #5953, .T. ) ;
#5115 = LINE ( 'NONE', #2736, #2873 ) ;
#5116 = CARTESIAN_POINT ( 'NONE',  ( 143.5295343614734236, -144.4474955220558456, -4.250000000000161648 ) ) ;
#5117 = CARTESIAN_POINT ( 'NONE',  ( 143.2203939651226960, -144.0365143830076136, 3.500000000000000000 ) ) ;
#5118 = FACE_OUTER_BOUND ( 'NONE', #4953, .T. ) ;
#5119 = VECTOR ( 'NONE', #3253, 1000.000000000000227 ) ;
#5120 = ORIENTED_EDGE ( 'NONE', *, *, #4641, .T. ) ;
#5121 = ORIENTED_EDGE ( 'NONE', *, *, #235, .T. ) ;
#5122 = CARTESIAN_POINT ( 'NONE',  ( 149.3903151736296024, -146.5922378093181635, -2.669921208506578214 ) ) ;
#5123 = EDGE_LOOP ( 'NONE', ( #5152, #1569, #3909, #902, #2414 ) ) ;
#5124 = DIRECTION ( 'NONE',  ( -0.000000000000000000, -0.000000000000000000, 1.000000000000000000 ) ) ;
#5125 = DIRECTION ( 'NONE',  ( -0.000000000000000000, -0.000000000000000000, -1.000000000000000000 ) ) ;
#5126 = EDGE_LOOP ( 'NONE', ( #3154, #4362, #2339, #4135 ) ) ;
#5127 = ORIENTED_EDGE ( 'NONE', *, *, #3240, .F. ) ;
#5128 = ORIENTED_EDGE ( 'NONE', *, *, #3894, .F. ) ;
#5129 = CARTESIAN_POINT ( 'NONE',  ( 101.2287434636320995, -62.76896559121112062, -5.449999999998969891 ) ) ;
#5130 = DIRECTION ( 'NONE',  ( -1.000000000000000000, 0.000000000000000000, 0.000000000000000000 ) ) ;
#5131 = FACE_OUTER_BOUND ( 'NONE', #2622, .T. ) ;
#5132 = CARTESIAN_POINT ( 'NONE',  ( 120.1890195009870723, -77.46728110450951021, 3.000000000000000000 ) ) ;
#5133 = EDGE_CURVE ( 'NONE', #4149, #161, #3799, .T. ) ;
#5134 = CIRCLE ( 'NONE', #497, 2.000000000000015543 ) ;
#5135 = VECTOR ( 'NONE', #4654, 1000.000000000000000 ) ;
#5136 = ADVANCED_FACE ( 'NONE', ( #5765 ), #2905, .F. ) ;
#5137 = PLANE ( 'NONE',  #3140 ) ;
#5138 = DIRECTION ( 'NONE',  ( 0.000000000000000000, 0.000000000000000000, -1.000000000000000000 ) ) ;
#5139 = PLANE ( 'NONE',  #4467 ) ;
#5140 = LINE ( 'NONE', #6029, #413 ) ;
#5141 = EDGE_CURVE ( 'NONE', #4456, #3272, #49, .T. ) ;
#5142 = ORIENTED_EDGE ( 'NONE', *, *, #214, .F. ) ;
#5143 = EDGE_CURVE ( 'NONE', #2356, #1756, #1428, .T. ) ;
#5144 = ORIENTED_EDGE ( 'NONE', *, *, #503, .T. ) ;
#5145 = ORIENTED_EDGE ( 'NONE', *, *, #391, .T. ) ;
#5146 = ORIENTED_EDGE ( 'NONE', *, *, #4398, .T. ) ;
#5147 = EDGE_CURVE ( 'NONE', #4218, #672, #4522, .T. ) ;
#5148 = CARTESIAN_POINT ( 'NONE',  ( 142.2795508170035248, -142.2506183894171556, -2.750000000000000000 ) ) ;
#5149 = CARTESIAN_POINT ( 'NONE',  ( 129.8100621697831230, -112.0551849498362884, 3.500000000000000000 ) ) ;
#5150 = DIRECTION ( 'NONE',  ( -0.9999403981746670667, 0.01091787975242307536, 0.000000000000000000 ) ) ;
#5151 = CARTESIAN_POINT ( 'NONE',  ( 99.98011245734247154, -138.9498346362414338, 0.000000000000000000 ) ) ;
#5152 = ORIENTED_EDGE ( 'NONE', *, *, #2014, .T. ) ;
#5153 = AXIS2_PLACEMENT_3D ( 'NONE', #3137, #280, #2191 ) ;
#5154 = EDGE_LOOP ( 'NONE', ( #3872, #4988, #855, #2210 ) ) ;
#5155 = CARTESIAN_POINT ( 'NONE',  ( 101.2287390211994449, -65.26896559120720553, -3.950000000000189360 ) ) ;
#5156 = CARTESIAN_POINT ( 'NONE',  ( 107.9799055294696615, -55.05007250547747333, 2.499999999999976463 ) ) ;
#5157 = DIRECTION ( 'NONE',  ( -0.7071067813058959928, 0.000000000000000000, 0.7071067810671990417 ) ) ;
#5158 = ORIENTED_EDGE ( 'NONE', *, *, #4483, .T. ) ;
#5159 = ORIENTED_EDGE ( 'NONE', *, *, #343, .F. ) ;
#5160 = AXIS2_PLACEMENT_3D ( 'NONE', #1647, #3564, #579 ) ;
#5161 = LINE ( 'NONE', #5191, #199 ) ;
#5162 = DIRECTION ( 'NONE',  ( 0.000000000000000000, 0.000000000000000000, -1.000000000000000000 ) ) ;
#5163 = LINE ( 'NONE', #1684, #2491 ) ;
#5164 = AXIS2_PLACEMENT_3D ( 'NONE', #5033, #2618, #3539 ) ;
#5165 =( LENGTH_UNIT ( ) NAMED_UNIT ( * ) SI_UNIT ( .MILLI., .METRE. ) );
#5166 = PLANE ( 'NONE',  #3511 ) ;
#5167 = CARTESIAN_POINT ( 'NONE',  ( 104.9179784943780618, -140.5978194557504253, -2.750000000000000000 ) ) ;
#5168 = DIRECTION ( 'NONE',  ( 0.7631309638112488969, 0.6462438642436106884, 0.000000000000000000 ) ) ;
#5169 = FACE_OUTER_BOUND ( 'NONE', #4807, .T. ) ;
#5170 = DIRECTION ( 'NONE',  ( 0.000000000000000000, -0.000000000000000000, 1.000000000000000000 ) ) ;
#5171 = EDGE_LOOP ( 'NONE', ( #951, #2296, #5247, #1359 ) ) ;
#5172 = EDGE_CURVE ( 'NONE', #968, #5300, #5734, .T. ) ;
#5173 = VERTEX_POINT ( 'NONE', #1936 ) ;
#5174 = EDGE_LOOP ( 'NONE', ( #5608, #1611, #1481, #342 ) ) ;
#5175 = VECTOR ( 'NONE', #6100, 1000.000000000000000 ) ;
#5176 = CIRCLE ( 'NONE', #3856, 2.499999999999988454 ) ;
#5177 = EDGE_CURVE ( 'NONE', #3599, #3412, #5796, .T. ) ;
#5178 = DIRECTION ( 'NONE',  ( -1.487396762528545811E-23, 5.727319118494064635E-19, 1.000000000000000000 ) ) ;
#5179 = EDGE_CURVE ( 'NONE', #4517, #4491, #1988, .T. ) ;
#5180 = CARTESIAN_POINT ( 'NONE',  ( 104.6541176665219695, -70.25013805109517762, 1.250000000000000000 ) ) ;
#5181 = CARTESIAN_POINT ( 'NONE',  ( 141.3061965565998719, -145.9506499506685486, 3.500000000000000000 ) ) ;
#5182 = LINE ( 'NONE', #2260, #1165 ) ;
#5183 = ORIENTED_EDGE ( 'NONE', *, *, #5968, .F. ) ;
#5184 = ORIENTED_EDGE ( 'NONE', *, *, #4366, .T. ) ;
#5185 = EDGE_CURVE ( 'NONE', #1414, #161, #147, .T. ) ;
#5186 = DIRECTION ( 'NONE',  ( -0.9032830186599992706, -0.1148102030442537252, -0.4133986036229639893 ) ) ;
#5187 = DIRECTION ( 'NONE',  ( -0.7071067811865395791, 0.7071067811865554553, 0.000000000000000000 ) ) ;
#5188 = LINE ( 'NONE', #853, #1681 ) ;
#5189 = B_SPLINE_CURVE_WITH_KNOTS ( 'NONE', 2,
 ( #833, #6036, #428, #460 ),
 .UNSPECIFIED., .F., .F.,
 ( 3, 1, 3 ),
 ( -0.001608886309845707378, 0.1166104679936608712, 0.3047136173910263701 ),
 .UNSPECIFIED. ) ;
#5190 = EDGE_LOOP ( 'NONE', ( #2146, #1103, #5066, #935 ) ) ;
#5191 = CARTESIAN_POINT ( 'NONE',  ( 103.6636215402454582, -141.8521270633377185, -2.750000000000000000 ) ) ;
#5192 = LINE ( 'NONE', #3763, #5895 ) ;
#5193 = CARTESIAN_POINT ( 'NONE',  ( 105.0780741684001498, -143.2661015698812719, -2.750000000000000000 ) ) ;
#5194 = VERTEX_POINT ( 'NONE', #1591 ) ;
#5195 = CARTESIAN_POINT ( 'NONE',  ( 105.5000492667939369, -139.0000642079358215, -2.750000000000000000 ) ) ;
#5196 = DIRECTION ( 'NONE',  ( 1.000000000000000000, 0.000000000000000000, 0.000000000000000000 ) ) ;
#5197 = CARTESIAN_POINT ( 'NONE',  ( 125.1807110899326148, -145.9503894681228360, 3.500000000000011990 ) ) ;
#5198 = CARTESIAN_POINT ( 'NONE',  ( 143.2296012232883413, -142.2507403187872228, -5.449999999998964562 ) ) ;
#5199 = VECTOR ( 'NONE', #644, 1000.000000000000000 ) ;
#5200 = CARTESIAN_POINT ( 'NONE',  ( 106.3002487928081052, -59.98033468612521091, -2.750000000000000000 ) ) ;
#5201 = VERTEX_POINT ( 'NONE', #1084 ) ;
#5202 = ORIENTED_EDGE ( 'NONE', *, *, #1939, .T. ) ;
#5203 = VERTEX_POINT ( 'NONE', #551 ) ;
#5204 = VECTOR ( 'NONE', #5822, 1000.000000000000114 ) ;
#5205 = VECTOR ( 'NONE', #278, 999.9999999999998863 ) ;
#5206 = AXIS2_PLACEMENT_3D ( 'NONE', #1455, #5898, #3350 ) ;
#5207 = FACE_OUTER_BOUND ( 'NONE', #94, .T. ) ;
#5208 = DIRECTION ( 'NONE',  ( -0.000000000000000000, 1.000000000000000000, -0.000000000000000000 ) ) ;
#5209 = CARTESIAN_POINT ( 'NONE',  ( 102.1816036903140343, -62.99624880650843295, -2.750000000000000000 ) ) ;
#5210 = DIRECTION ( 'NONE',  ( 0.000000000000000000, -1.000000000000000000, 0.000000000000000000 ) ) ;
#5211 = EDGE_CURVE ( 'NONE', #1978, #5665, #3510, .T. ) ;
#5212 = EDGE_LOOP ( 'NONE', ( #3529, #4775, #3850, #1159, #630, #86 ) ) ;
#5213 = ORIENTED_EDGE ( 'NONE', *, *, #1509, .F. ) ;
#5214 = VERTEX_POINT ( 'NONE', #5450 ) ;
#5215 = EDGE_CURVE ( 'NONE', #4539, #4560, #678, .T. ) ;
#5216 = CARTESIAN_POINT ( 'NONE',  ( 105.4872763399729223, -62.82413249532188360, -2.750000000000000000 ) ) ;
#5217 = DIRECTION ( 'NONE',  ( -0.9999403981746670667, 0.01091787975242307536, 0.000000000000000000 ) ) ;
#5218 = DIRECTION ( 'NONE',  ( -1.970741631199155960E-05, 0.9999999998058088924, 0.000000000000000000 ) ) ;
#5219 = AXIS2_PLACEMENT_3D ( 'NONE', #5246, #3248, #354 ) ;
#5220 = ORIENTED_EDGE ( 'NONE', *, *, #3616, .F. ) ;
#5221 = ORIENTED_EDGE ( 'NONE', *, *, #5849, .T. ) ;
#5222 = EDGE_CURVE ( 'NONE', #4360, #3842, #2091, .T. ) ;
#5223 = AXIS2_PLACEMENT_3D ( 'NONE', #5394, #4051, #1057 ) ;
#5224 = PRODUCT_RELATED_PRODUCT_CATEGORY ( 'part', '', ( #2585 ) ) ;
#5225 = FACE_OUTER_BOUND ( 'NONE', #810, .T. ) ;
#5226 = CARTESIAN_POINT ( 'NONE',  ( 103.6518355108143368, -60.17376840783754943, -2.750000000000000000 ) ) ;
#5227 = CARTESIAN_POINT ( 'NONE',  ( 141.7204924996928526, -146.9506566412817108, -2.750000000000000000 ) ) ;
#5228 = AXIS2_PLACEMENT_3D ( 'NONE', #3853, #1832, #3376 ) ;
#5229 = DIRECTION ( 'NONE',  ( 0.7070953588661199607, -0.7071182033224665542, 0.000000000000000000 ) ) ;
#5230 = DIRECTION ( 'NONE',  ( -1.000000000000000000, 0.000000000000000000, 0.000000000000000000 ) ) ;
#5231 = DIRECTION ( 'NONE',  ( 2.055038041388340171E-20, 5.782411586552761987E-15, 1.000000000000000000 ) ) ;
#5232 = DIRECTION ( 'NONE',  ( 0.000000000000000000, 0.000000000000000000, 1.000000000000000000 ) ) ;
#5233 = FACE_OUTER_BOUND ( 'NONE', #13, .T. ) ;
#5234 = ORIENTED_EDGE ( 'NONE', *, *, #4059, .T. ) ;
#5235 = VERTEX_POINT ( 'NONE', #5352 ) ;
#5236 = ORIENTED_EDGE ( 'NONE', *, *, #4047, .F. ) ;
#5237 = CARTESIAN_POINT ( 'NONE',  ( 142.2795508170037806, -94.46772382334611962, -2.750000000000002665 ) ) ;
#5238 = DIRECTION ( 'NONE',  ( 0.9999999999984211518, -1.776973159546266828E-06, -4.382459308434681556E-14 ) ) ;
#5239 = CYLINDRICAL_SURFACE ( 'NONE', #5988, 6.999999999999992006 ) ;
#5240 = DIRECTION ( 'NONE',  ( -0.5757869388090384177, 0.8175997805142297681, 0.000000000000000000 ) ) ;
#5241 = ORIENTED_EDGE ( 'NONE', *, *, #4487, .F. ) ;
#5242 = VERTEX_POINT ( 'NONE', #2593 ) ;
#5243 = ORIENTED_EDGE ( 'NONE', *, *, #166, .T. ) ;
#5244 = CARTESIAN_POINT ( 'NONE',  ( 13.05011560549936966, -86.56944730317847814, -46.17901931707942254 ) ) ;
#5245 = CYLINDRICAL_SURFACE ( 'NONE', #5063, 2.000000000000015543 ) ;
#5246 = CARTESIAN_POINT ( 'NONE',  ( 139.7795508170041217, -59.74943891916605310, -5.449999999998964562 ) ) ;
#5247 = ORIENTED_EDGE ( 'NONE', *, *, #4751, .F. ) ;
#5248 = VERTEX_POINT ( 'NONE', #3059 ) ;
#5249 = EDGE_CURVE ( 'NONE', #4560, #6043, #5900, .T. ) ;
#5250 = ORIENTED_EDGE ( 'NONE', *, *, #4281, .T. ) ;
#5251 = VECTOR ( 'NONE', #748, 1000.000000000000000 ) ;
#5252 = DIRECTION ( 'NONE',  ( -2.253017947393338363E-16, -0.7459955736706842533, -0.6659509021420022545 ) ) ;
#5253 = EDGE_CURVE ( 'NONE', #1472, #1894, #1017, .T. ) ;
#5254 = DIRECTION ( 'NONE',  ( -1.776973163029144758E-06, -0.9999999999984211518, -0.000000000000000000 ) ) ;
#5255 = CARTESIAN_POINT ( 'NONE',  ( 101.2287434636322985, -62.76896559121112062, -3.950000000000189360 ) ) ;
#5256 = DIRECTION ( 'NONE',  ( -0.9999999998058088924, 1.970741631657018942E-05, 0.000000000000000000 ) ) ;
#5257 = EDGE_CURVE ( 'NONE', #5914, #4284, #3450, .T. ) ;
#5258 = AXIS2_PLACEMENT_3D ( 'NONE', #1014, #1454, #2434 ) ;
#5259 = DIRECTION ( 'NONE',  ( 5.834239919695888847E-14, -1.036728681367036903E-19, -1.000000000000000000 ) ) ;
#5260 = LINE ( 'NONE', #3389, #1137 ) ;
#5261 = DIRECTION ( 'NONE',  ( 0.000000000000000000, 1.000000000000000000, 0.000000000000000000 ) ) ;
#5262 = DIRECTION ( 'NONE',  ( -0.000000000000000000, -0.000000000000000000, 1.000000000000000000 ) ) ;
#5263 = PLANE ( 'NONE',  #3930 ) ;
#5264 = ORIENTED_EDGE ( 'NONE', *, *, #2621, .F. ) ;
#5265 = VECTOR ( 'NONE', #4303, 1000.000000000000114 ) ;
#5266 = ORIENTED_EDGE ( 'NONE', *, *, #6067, .T. ) ;
#5267 = ORIENTED_EDGE ( 'NONE', *, *, #2922, .T. ) ;
#5268 = VECTOR ( 'NONE', #3198, 1000.000000000000114 ) ;
#5269 = CARTESIAN_POINT ( 'NONE',  ( 101.2286387680568396, -121.6868953182585500, -5.450000000004785683 ) ) ;
#5270 = FACE_OUTER_BOUND ( 'NONE', #1008, .T. ) ;
#5271 = DIRECTION ( 'NONE',  ( 0.9999999999984212629, -1.776973163029144970E-06, 0.000000000000000000 ) ) ;
#5272 = DIRECTION ( 'NONE',  ( -0.8266401057623751214, -0.5627309619571053689, 0.000000000000000000 ) ) ;
#5273 = VECTOR ( 'NONE', #5523, 1000.000000000000000 ) ;
#5274 = VECTOR ( 'NONE', #5640, 1000.000000000000000 ) ;
#5275 = ORIENTED_EDGE ( 'NONE', *, *, #3319, .F. ) ;
#5276 = ORIENTED_EDGE ( 'NONE', *, *, #4951, .T. ) ;
#5277 = VERTEX_POINT ( 'NONE', #2939 ) ;
#5278 = VECTOR ( 'NONE', #5764, 1000.000000000000114 ) ;
#5279 = LINE ( 'NONE', #5244, #2287 ) ;
#5280 = DIRECTION ( 'NONE',  ( 0.9999999999803886874, 6.262789326926268667E-06, 0.000000000000000000 ) ) ;
#5281 = FACE_OUTER_BOUND ( 'NONE', #5417, .T. ) ;
#5282 = ORIENTED_EDGE ( 'NONE', *, *, #2164, .F. ) ;
#5283 = ORIENTED_EDGE ( 'NONE', *, *, #1125, .F. ) ;
#5284 = DIRECTION ( 'NONE',  ( -0.000000000000000000, 0.000000000000000000, -1.000000000000000000 ) ) ;
#5285 = DIRECTION ( 'NONE',  ( 0.000000000000000000, 0.000000000000000000, -1.000000000000000000 ) ) ;
#5286 = DIRECTION ( 'NONE',  ( 1.963347129712797196E-05, 0.9999999998072632845, 0.000000000000000000 ) ) ;
#5287 = EDGE_CURVE ( 'NONE', #3816, #2392, #2970, .T. ) ;
#5288 = CARTESIAN_POINT ( 'NONE',  ( 104.9179784943780618, -140.5978194557504253, -2.750000000000000000 ) ) ;
#5289 = ADVANCED_FACE ( 'NONE', ( #3417, #1999 ), #3920, .T. ) ;
#5290 = EDGE_LOOP ( 'NONE', ( #1018, #1738, #5390, #2009, #2374 ) ) ;
#5291 = ORIENTED_EDGE ( 'NONE', *, *, #2015, .F. ) ;
#5292 = CARTESIAN_POINT ( 'NONE',  ( 131.1502255752646988, -128.2825582722896343, 3.000000000000000000 ) ) ;
#5293 = CYLINDRICAL_SURFACE ( 'NONE', #535, 2.500000000000015987 ) ;
#5294 = EDGE_CURVE ( 'NONE', #339, #2951, #1561, .T. ) ;
#5295 = LINE ( 'NONE', #6247, #3489 ) ;
#5296 = PLANE ( 'NONE',  #2034 ) ;
#5297 = CARTESIAN_POINT ( 'NONE',  ( 30.69294581304220060, -148.9789684816731494, 3.000000000000000000 ) ) ;
#5298 = ORIENTED_EDGE ( 'NONE', *, *, #5674, .F. ) ;
#5299 = EDGE_LOOP ( 'NONE', ( #6010, #4434, #5998, #4299 ) ) ;
#5300 = VERTEX_POINT ( 'NONE', #5478 ) ;
#5301 = ADVANCED_FACE ( 'NONE', ( #3954 ), #4437, .F. ) ;
#5302 = ADVANCED_FACE ( 'NONE', ( #1523 ), #4533, .T. ) ;
#5303 = AXIS2_PLACEMENT_3D ( 'NONE', #5684, #2258, #3716 ) ;
#5304 = CARTESIAN_POINT ( 'NONE',  ( -9.788368897263596935, -19.38997323883073065, 3.500000000000000000 ) ) ;
#5305 = CYLINDRICAL_SURFACE ( 'NONE', #3986, 7.999999999999979572 ) ;
#5306 = PLANE ( 'NONE',  #4473 ) ;
#5307 = AXIS2_PLACEMENT_3D ( 'NONE', #3480, #3509, #3984 ) ;
#5308 = ORIENTED_EDGE ( 'NONE', *, *, #2476, .F. ) ;
#5309 = VECTOR ( 'NONE', #4538, 1000.000000000000000 ) ;
#5310 = EDGE_LOOP ( 'NONE', ( #6154, #2607, #5510, #1874 ) ) ;
#5311 = ORIENTED_EDGE ( 'NONE', *, *, #2612, .T. ) ;
#5312 = DIRECTION ( 'NONE',  ( -0.7633105222636550335, 0.5788901043231831078, 0.2867809158892554722 ) ) ;
#5313 = FACE_OUTER_BOUND ( 'NONE', #6002, .T. ) ;
#5314 = PLANE ( 'NONE',  #382 ) ;
#5315 = VECTOR ( 'NONE', #802, 999.9999999999998863 ) ;
#5316 = EDGE_LOOP ( 'NONE', ( #3446, #3559, #5776, #1762 ) ) ;
#5317 = LINE ( 'NONE', #2367, #5465 ) ;
#5318 = CYLINDRICAL_SURFACE ( 'NONE', #569, 8.000000000000007105 ) ;
#5319 = CARTESIAN_POINT ( 'NONE',  ( 102.1819594097723325, -139.2410233527142793, 0.000000000000000000 ) ) ;
#5320 = CARTESIAN_POINT ( 'NONE',  ( 139.7795508170041217, -59.74943891916605310, -5.449999999999006306 ) ) ;
#5321 = AXIS2_PLACEMENT_3D ( 'NONE', #3305, #3879, #3788 ) ;
#5322 = AXIS2_PLACEMENT_3D ( 'NONE', #6242, #4812, #890 ) ;
#5323 = CARTESIAN_POINT ( 'NONE',  ( 109.0051369249955968, -60.58043762025516088, 3.000000000000000000 ) ) ;
#5324 = CARTESIAN_POINT ( 'NONE',  ( 124.7715131848095780, -56.37270895337483267, 3.000000000000000000 ) ) ;
#5325 = DIRECTION ( 'NONE',  ( -1.963347129017993688E-05, 0.9999999998072632845, 0.000000000000000000 ) ) ;
#5326 = EDGE_CURVE ( 'NONE', #5248, #5404, #5828, .T. ) ;
#5327 = LINE ( 'NONE', #6181, #5881 ) ;
#5328 = LINE ( 'NONE', #496, #2814 ) ;
#5329 = VERTEX_POINT ( 'NONE', #4907 ) ;
#5330 = VERTEX_POINT ( 'NONE', #582 ) ;
#5331 = EDGE_CURVE ( 'NONE', #4149, #2173, #3029, .T. ) ;
#5332 = DIRECTION ( 'NONE',  ( -1.000000000000000000, 0.000000000000000000, 0.000000000000000000 ) ) ;
#5333 = EDGE_CURVE ( 'NONE', #2161, #5398, #4972, .T. ) ;
#5334 = LINE ( 'NONE', #1855, #1357 ) ;
#5335 = DIRECTION ( 'NONE',  ( 1.000000000000000000, 0.000000000000000000, 0.000000000000000000 ) ) ;
#5336 = ADVANCED_FACE ( 'NONE', ( #1235 ), #1265, .F. ) ;
#5337 = ORIENTED_EDGE ( 'NONE', *, *, #2053, .T. ) ;
#5338 = EDGE_CURVE ( 'NONE', #4354, #3614, #3152, .T. ) ;
#5339 = EDGE_LOOP ( 'NONE', ( #1797, #2743, #5915, #4898, #5708, #3668 ) ) ;
#5340 = VECTOR ( 'NONE', #4204, 1000.000000000000000 ) ;
#5341 = ORIENTED_EDGE ( 'NONE', *, *, #395, .F. ) ;
#5342 = CARTESIAN_POINT ( 'NONE',  ( -20.93109880807077161, -58.27364633205803557, 4.000000000000017764 ) ) ;
#5343 = ORIENTED_EDGE ( 'NONE', *, *, #583, .T. ) ;
#5344 = CARTESIAN_POINT ( 'NONE',  ( 107.9801124558005796, -138.9499917040118362, 0.000000000000000000 ) ) ;
#5345 = LINE ( 'NONE', #2083, #5925 ) ;
#5346 = ADVANCED_FACE ( 'NONE', ( #5034 ), #5573, .T. ) ;
#5347 = ORIENTED_EDGE ( 'NONE', *, *, #4455, .F. ) ;
#5348 = ORIENTED_EDGE ( 'NONE', *, *, #473, .F. ) ;
#5349 = DIRECTION ( 'NONE',  ( 1.963347129017993688E-05, -0.9999999998072632845, 0.000000000000000000 ) ) ;
#5350 = DIRECTION ( 'NONE',  ( 0.000000000000000000, 0.000000000000000000, -1.000000000000000000 ) ) ;
#5351 = CARTESIAN_POINT ( 'NONE',  ( 100.9803731985334849, -78.83999970912167043, -17.85549879316912580 ) ) ;
#5352 = CARTESIAN_POINT ( 'NONE',  ( 102.6640533419028856, -143.5024142341048332, 3.500000000000000000 ) ) ;
#5353 = LINE ( 'NONE', #2909, #3814 ) ;
#5354 = DIRECTION ( 'NONE',  ( -1.776973159546267040E-06, -0.9999999999984212629, 3.653400955314670754E-20 ) ) ;
#5355 = CIRCLE ( 'NONE', #1013, 2.500000000000015987 ) ;
#5356 = CARTESIAN_POINT ( 'NONE',  ( 107.7001076974038654, -145.7008696982395293, -2.750000000000171418 ) ) ;
#5357 = CARTESIAN_POINT ( 'NONE',  ( 50.71348024298826118, 27.13931580993000381, 3.500000000000000000 ) ) ;
#5358 = DIRECTION ( 'NONE',  ( -1.000000000000000000, 0.000000000000000000, 0.000000000000000000 ) ) ;
#5359 = ORIENTED_EDGE ( 'NONE', *, *, #5027, .T. ) ;
#5360 = ORIENTED_EDGE ( 'NONE', *, *, #1386, .T. ) ;
#5361 = ORIENTED_EDGE ( 'NONE', *, *, #629, .F. ) ;
#5362 = LINE ( 'NONE', #903, #3483 ) ;
#5363 = DIRECTION ( 'NONE',  ( 0.1385183730860145568, 0.8736752165537221559, 0.4663735373039621934 ) ) ;
#5364 = EDGE_CURVE ( 'NONE', #756, #5398, #2145, .T. ) ;
#5365 = VECTOR ( 'NONE', #265, 1000.000000000000000 ) ;
#5366 = DIRECTION ( 'NONE',  ( 3.020149216579562146E-16, 1.000000000000000000, 0.000000000000000000 ) ) ;
#5367 = VECTOR ( 'NONE', #3326, 1000.000000000000000 ) ;
#5368 = ORIENTED_EDGE ( 'NONE', *, *, #1047, .T. ) ;
#5369 = EDGE_CURVE ( 'NONE', #5677, #3614, #3216, .T. ) ;
#5370 = ORIENTED_EDGE ( 'NONE', *, *, #4377, .T. ) ;
#5371 = ORIENTED_EDGE ( 'NONE', *, *, #1808, .T. ) ;
#5372 = ORIENTED_EDGE ( 'NONE', *, *, #5916, .T. ) ;
#5373 = LINE ( 'NONE', #1417, #2406 ) ;
#5374 = VERTEX_POINT ( 'NONE', #3119 ) ;
#5375 = VECTOR ( 'NONE', #4754, 1000.000000000000114 ) ;
#5376 = EDGE_CURVE ( 'NONE', #1556, #578, #5508, .T. ) ;
#5377 = DIRECTION ( 'NONE',  ( 0.000000000000000000, 0.000000000000000000, 1.000000000000000000 ) ) ;
#5378 = CARTESIAN_POINT ( 'NONE',  ( 144.2204432323657954, -144.4507059086088248, -2.750000000000000000 ) ) ;
#5379 = ORIENTED_EDGE ( 'NONE', *, *, #2938, .T. ) ;
#5380 = VECTOR ( 'NONE', #2486, 1000.000000000000000 ) ;
#5381 = AXIS2_PLACEMENT_3D ( 'NONE', #2968, #2499, #1964 ) ;
#5382 = EDGE_CURVE ( 'NONE', #4319, #1883, #826, .T. ) ;
#5383 = CIRCLE ( 'NONE', #3457, 1.300000000000009592 ) ;
#5384 = ORIENTED_EDGE ( 'NONE', *, *, #441, .F. ) ;
#5385 = CARTESIAN_POINT ( 'NONE',  ( 108.0000492667939511, -139.0000642079358215, -2.750000000000000000 ) ) ;
#5386 = DIRECTION ( 'NONE',  ( -0.9999999998058088924, 1.970741631657018942E-05, 0.000000000000000000 ) ) ;
#5387 = DIRECTION ( 'NONE',  ( 1.000000000000000000, 0.000000000000000000, 0.000000000000000000 ) ) ;
#5388 = EDGE_CURVE ( 'NONE', #102, #4776, #3183, .T. ) ;
#5389 = CARTESIAN_POINT ( 'NONE',  ( 144.2204432323657954, -144.4507059086088248, -2.750000000000000000 ) ) ;
#5390 = ORIENTED_EDGE ( 'NONE', *, *, #1157, .T. ) ;
#5391 = AXIS2_PLACEMENT_3D ( 'NONE', #6244, #23, #3834 ) ;
#5392 = CARTESIAN_POINT ( 'NONE',  ( 108.0000492667944201, -63.00006420793567941, -5.000000000000000000 ) ) ;
#5393 = DIRECTION ( 'NONE',  ( 0.5008561058706967328, -0.5008561058707113878, -0.7058939880917446397 ) ) ;
#5394 = CARTESIAN_POINT ( 'NONE',  ( 139.7795508170034395, -142.2506183894232095, -2.750000000000171418 ) ) ;
#5395 = DIRECTION ( 'NONE',  ( 0.000000000000000000, 0.000000000000000000, -1.000000000000000000 ) ) ;
#5396 = DIRECTION ( 'NONE',  ( 0.000000000000000000, -6.243541170179889758E-07, -0.9999999999998051559 ) ) ;
#5397 = ORIENTED_EDGE ( 'NONE', *, *, #390, .F. ) ;
#5398 = VERTEX_POINT ( 'NONE', #3632 ) ;
#5399 = ORIENTED_EDGE ( 'NONE', *, *, #3470, .F. ) ;
#5400 = CYLINDRICAL_SURFACE ( 'NONE', #358, 8.000000000000007105 ) ;
#5401 = CARTESIAN_POINT ( 'NONE',  ( 105.0583277659233374, -58.75187546658204951, 0.000000000000000000 ) ) ;
#5402 = DIRECTION ( 'NONE',  ( -1.000000000000000000, 0.000000000000000000, 0.000000000000000000 ) ) ;
#5403 = ORIENTED_EDGE ( 'NONE', *, *, #3114, .F. ) ;
#5404 = VERTEX_POINT ( 'NONE', #2749 ) ;
#5405 = AXIS2_PLACEMENT_3D ( 'NONE', #3620, #4612, #4670 ) ;
#5406 = ORIENTED_EDGE ( 'NONE', *, *, #4410, .T. ) ;
#5407 = VERTEX_POINT ( 'NONE', #761 ) ;
#5408 = CARTESIAN_POINT ( 'NONE',  ( 140.2320920566511120, -121.1603342605918527, 4.000000000000017764 ) ) ;
#5409 = ORIENTED_EDGE ( 'NONE', *, *, #5172, .T. ) ;
#5410 = DIRECTION ( 'NONE',  ( 0.000000000000000000, 0.000000000000000000, -1.000000000000000000 ) ) ;
#5411 = CARTESIAN_POINT ( 'NONE',  ( -0.002357572573274525560, -145.9483673271785733, 3.000000000000000000 ) ) ;
#5412 = ADVANCED_FACE ( 'NONE', ( #1177 ), #4649, .F. ) ;
#5413 = VECTOR ( 'NONE', #5178, 1000.000000000000000 ) ;
#5414 = VERTEX_POINT ( 'NONE', #234 ) ;
#5415 = AXIS2_PLACEMENT_3D ( 'NONE', #2867, #4865, #168 ) ;
#5416 = EDGE_CURVE ( 'NONE', #2423, #102, #3603, .T. ) ;
#5417 = EDGE_LOOP ( 'NONE', ( #2019, #4929, #2347, #154 ) ) ;
#5418 = CARTESIAN_POINT ( 'NONE',  ( 122.7635601683059150, -90.65194221194219892, 3.000000000000000000 ) ) ;
#5419 = VECTOR ( 'NONE', #1247, 1000.000000000000227 ) ;
#5420 = FACE_OUTER_BOUND ( 'NONE', #2235, .T. ) ;
#5421 = CYLINDRICAL_SURFACE ( 'NONE', #2047, 2.500000000000015987 ) ;
#5422 = DIRECTION ( 'NONE',  ( -0.5793476693294571378, 0.8150805346973548637, -0.000000000000000000 ) ) ;
#5423 = EDGE_CURVE ( 'NONE', #3773, #5926, #4557, .T. ) ;
#5424 = EDGE_CURVE ( 'NONE', #811, #577, #4073, .T. ) ;
#5425 = ADVANCED_FACE ( 'NONE', ( #6047 ), #5544, .F. ) ;
#5426 = ADVANCED_FACE ( 'NONE', ( #732 ), #2241, .T. ) ;
#5427 = PLANE ( 'NONE',  #5949 ) ;
#5428 = DIRECTION ( 'NONE',  ( -0.7071206901539669465, -0.7070928719455298328, 0.000000000000000000 ) ) ;
#5429 = DIRECTION ( 'NONE',  ( -0.000000000000000000, -0.000000000000000000, -1.000000000000000000 ) ) ;
#5430 = CARTESIAN_POINT ( 'NONE',  ( 143.5273813777667442, -56.77412375446494508, -4.250000000000161648 ) ) ;
#5431 = CARTESIAN_POINT ( 'NONE',  ( 107.7001076974038654, -145.7008696982395293, -3.950000000000187583 ) ) ;
#5432 = VECTOR ( 'NONE', #4656, 1000.000000000000000 ) ;
#5433 = VERTEX_POINT ( 'NONE', #2652 ) ;
#5434 = CARTESIAN_POINT ( 'NONE',  ( 103.0302183577225321, -58.10042240030510641, 3.000000000000000000 ) ) ;
#5435 = CARTESIAN_POINT ( 'NONE',  ( 101.4617324039516006, -122.9827683401010034, 3.000000000000000000 ) ) ;
#5436 = CARTESIAN_POINT ( 'NONE',  ( 105.6383751220752742, -144.3005804079244285, -0.000000000000000000 ) ) ;
#5437 = VECTOR ( 'NONE', #2176, 1000.000000000000000 ) ;
#5438 = ORIENTED_EDGE ( 'NONE', *, *, #4596, .F. ) ;
#5439 = VERTEX_POINT ( 'NONE', #4590 ) ;
#5440 = VERTEX_POINT ( 'NONE', #4134 ) ;
#5441 = VERTEX_POINT ( 'NONE', #6079 ) ;
#5442 = LINE ( 'NONE', #1581, #1906 ) ;
#5443 = AXIS2_PLACEMENT_3D ( 'NONE', #5392, #2502, #4944 ) ;
#5444 = PLANE ( 'NONE',  #4466 ) ;
#5445 = CARTESIAN_POINT ( 'NONE',  ( 103.6518355108143226, -60.17376840783757075, -2.750000000000000000 ) ) ;
#5446 = AXIS2_PLACEMENT_3D ( 'NONE', #5408, #136, #4523 ) ;
#5447 = LINE ( 'NONE', #642, #5890 ) ;
#5448 = DIRECTION ( 'NONE',  ( -0.3826834323123277648, 6.800181850284232007E-07, 0.9238795325328912345 ) ) ;
#5449 = FACE_OUTER_BOUND ( 'NONE', #735, .T. ) ;
#5450 = CARTESIAN_POINT ( 'NONE',  ( 102.1786120171196757, -136.7410233467621197, -2.750000000000030198 ) ) ;
#5451 = EDGE_CURVE ( 'NONE', #4518, #285, #1768, .T. ) ;
#5452 = EDGE_CURVE ( 'NONE', #4892, #5665, #949, .T. ) ;
#5453 = ADVANCED_FACE ( 'NONE', ( #6199 ), #388, .F. ) ;
#5454 = DIRECTION ( 'NONE',  ( 0.000000000000000000, 0.000000000000000000, -1.000000000000000000 ) ) ;
#5455 = LINE ( 'NONE', #2474, #1435 ) ;
#5456 = FACE_OUTER_BOUND ( 'NONE', #749, .T. ) ;
#5457 = LINE ( 'NONE', #3546, #170 ) ;
#5458 = DIRECTION ( 'NONE',  ( -0.9999999996627741972, 2.597020567951150872E-05, 1.807764462190293981E-13 ) ) ;
#5459 = AXIS2_PLACEMENT_3D ( 'NONE', #2130, #4061, #4926 ) ;
#5460 = EDGE_CURVE ( 'NONE', #672, #4354, #6206, .T. ) ;
#5461 = ORIENTED_EDGE ( 'NONE', *, *, #506, .T. ) ;
#5462 = CARTESIAN_POINT ( 'NONE',  ( 100.9815533698048853, -138.9501683950392135, 3.500000000000000000 ) ) ;
#5463 = LINE ( 'NONE', #189, #957 ) ;
#5464 = LINE ( 'NONE', #3555, #635 ) ;
#5465 = VECTOR ( 'NONE', #3447, 999.9999999999998863 ) ;
#5466 = ORIENTED_EDGE ( 'NONE', *, *, #3820, .F. ) ;
#5467 = ORIENTED_EDGE ( 'NONE', *, *, #3085, .F. ) ;
#5468 = ORIENTED_EDGE ( 'NONE', *, *, #3048, .T. ) ;
#5469 = CARTESIAN_POINT ( 'NONE',  ( 144.2204432323657954, -144.4507059086088248, -2.750000000000000000 ) ) ;
#5470 = CARTESIAN_POINT ( 'NONE',  ( 143.5296012231870577, -142.2507325277244377, -4.250000000000161648 ) ) ;
#5471 = PLANE ( 'NONE',  #2575 ) ;
#5472 = VECTOR ( 'NONE', #387, 1000.000000000000114 ) ;
#5473 = ORIENTED_EDGE ( 'NONE', *, *, #3281, .F. ) ;
#5474 = CARTESIAN_POINT ( 'NONE',  ( 107.9452654601616644, -55.04995315297496461, 0.000000000000000000 ) ) ;
#5475 = DIRECTION ( 'NONE',  ( 1.615346999861855197E-05, 0.9999999998695326964, -0.000000000000000000 ) ) ;
#5476 = PLANE ( 'NONE',  #1570 ) ;
#5477 = LINE ( 'NONE', #2144, #3234 ) ;
#5478 = CARTESIAN_POINT ( 'NONE',  ( 143.2203939651227245, -96.63124618765714047, 3.499999999999997780 ) ) ;
#5479 = AXIS2_PLACEMENT_3D ( 'NONE', #2259, #785, #5150 ) ;
#5480 = VECTOR ( 'NONE', #2066, 1000.000000000000000 ) ;
#5481 = EDGE_CURVE ( 'NONE', #5926, #5665, #87, .T. ) ;
#5482 = DIRECTION ( 'NONE',  ( 0.6534411381966096499, 0.7569773305141437314, 0.000000000000000000 ) ) ;
#5483 = FACE_OUTER_BOUND ( 'NONE', #6058, .T. ) ;
#5484 = DIRECTION ( 'NONE',  ( 1.000000000000000000, 0.000000000000000000, 0.000000000000000000 ) ) ;
#5485 = DIRECTION ( 'NONE',  ( 1.000000000000000000, -0.000000000000000000, -0.000000000000000000 ) ) ;
#5486 = LINE ( 'NONE', #3011, #2623 ) ;
#5487 = EDGE_CURVE ( 'NONE', #821, #222, #6167, .T. ) ;
#5488 = ORIENTED_EDGE ( 'NONE', *, *, #1157, .F. ) ;
#5489 = EDGE_CURVE ( 'NONE', #2205, #3688, #5756, .T. ) ;
#5490 = CARTESIAN_POINT ( 'NONE',  ( 101.2286120172738748, -136.7410216586376066, -3.950000000000189360 ) ) ;
#5491 = LINE ( 'NONE', #2572, #4178 ) ;
#5492 = CARTESIAN_POINT ( 'NONE',  ( 143.2203939651227245, -57.54935829908443168, 3.500000000000000000 ) ) ;
#5493 = ADVANCED_FACE ( 'NONE', ( #11 ), #5314, .T. ) ;
#5494 = EDGE_LOOP ( 'NONE', ( #5624, #2273, #594, #2716 ) ) ;
#5495 = EDGE_LOOP ( 'NONE', ( #2365, #5576, #2846 ) ) ;
#5496 = ADVANCED_FACE ( 'NONE', ( #5664 ), #4266, .F. ) ;
#5497 = ORIENTED_EDGE ( 'NONE', *, *, #1048, .T. ) ;
#5498 = ORIENTED_EDGE ( 'NONE', *, *, #1818, .F. ) ;
#5499 = DIRECTION ( 'NONE',  ( -0.7071067811865554553, -0.7071067811865395791, 0.000000000000000000 ) ) ;
#5500 = DIRECTION ( 'NONE',  ( -0.000000000000000000, -0.000000000000000000, 1.000000000000000000 ) ) ;
#5501 = CARTESIAN_POINT ( 'NONE',  ( -0.0001159808803634893270, -65.26878571024892040, 2.384530440664631822E-18 ) ) ;
#5502 = ORIENTED_EDGE ( 'NONE', *, *, #6234, .T. ) ;
#5503 = DIRECTION ( 'NONE',  ( 0.9999999998695326964, 1.615346999108320118E-05, 0.000000000000000000 ) ) ;
#5504 = PLANE ( 'NONE',  #2323 ) ;
#5505 = ORIENTED_EDGE ( 'NONE', *, *, #3037, .T. ) ;
#5506 = VECTOR ( 'NONE', #2044, 1000.000000000000000 ) ;
#5507 = DIRECTION ( 'NONE',  ( 0.9999999998072633955, -1.963347129720719665E-05, 0.000000000000000000 ) ) ;
#5508 = LINE ( 'NONE', #3663, #4106 ) ;
#5509 = VECTOR ( 'NONE', #5210, 1000.000000000000000 ) ;
#5510 = ORIENTED_EDGE ( 'NONE', *, *, #4627, .T. ) ;
#5511 = VECTOR ( 'NONE', #5551, 1000.000000000000000 ) ;
#5512 = VECTOR ( 'NONE', #828, 1000.000000000000114 ) ;
#5513 = LINE ( 'NONE', #1146, #1801 ) ;
#5514 = CARTESIAN_POINT ( 'NONE',  ( 79.24142997170625335, -116.4040162722844656, 3.500000000000000000 ) ) ;
#5515 = DIRECTION ( 'NONE',  ( -0.000000000000000000, -0.000000000000000000, 1.000000000000000000 ) ) ;
#5516 = FACE_OUTER_BOUND ( 'NONE', #763, .T. ) ;
#5517 = ADVANCED_FACE ( 'NONE', ( #2397 ), #2330, .T. ) ;
#5518 = LINE ( 'NONE', #2725, #5585 ) ;
#5519 = CARTESIAN_POINT ( 'NONE',  ( 107.9816026354598648, -63.05003324718956748, -2.750000000000000000 ) ) ;
#5520 = DIRECTION ( 'NONE',  ( -1.000000000000000000, 0.000000000000000000, 0.000000000000000000 ) ) ;
#5521 = ORIENTED_EDGE ( 'NONE', *, *, #629, .T. ) ;
#5522 = VECTOR ( 'NONE', #2361, 1000.000000000000000 ) ;
#5523 = DIRECTION ( 'NONE',  ( 3.020149216579562146E-16, 1.000000000000000000, 0.000000000000000000 ) ) ;
#5524 = ADVANCED_FACE ( 'NONE', ( #3307 ), #5694, .F. ) ;
#5525 = ORIENTED_EDGE ( 'NONE', *, *, #431, .F. ) ;
#5526 = VECTOR ( 'NONE', #2067, 1000.000000000000000 ) ;
#5527 = ORIENTED_EDGE ( 'NONE', *, *, #5172, .F. ) ;
#5528 = ORIENTED_EDGE ( 'NONE', *, *, #214, .T. ) ;
#5529 = EDGE_CURVE ( 'NONE', #5632, #4353, #2803, .T. ) ;
#5530 = EDGE_LOOP ( 'NONE', ( #2211, #4457, #2193, #4285 ) ) ;
#5531 = DIRECTION ( 'NONE',  ( 0.5793476693294585811, -0.8150805346973539756, -0.000000000000000000 ) ) ;
#5532 = EDGE_CURVE ( 'NONE', #1480, #1073, #4416, .T. ) ;
#5533 = AXIS2_PLACEMENT_3D ( 'NONE', #5604, #4044, #6108 ) ;
#5534 = LINE ( 'NONE', #4494, #5730 ) ;
#5535 = DIRECTION ( 'NONE',  ( -0.3567546948325148182, -0.8086762397703265437, 0.4677272997654558506 ) ) ;
#5536 = CARTESIAN_POINT ( 'NONE',  ( 108.8134572967701814, -61.04223727391823218, 3.500000000000000000 ) ) ;
#5537 = ADVANCED_FACE ( 'NONE', ( #4741 ), #417, .F. ) ;
#5538 = ORIENTED_EDGE ( 'NONE', *, *, #3504, .T. ) ;
#5539 = CARTESIAN_POINT ( 'NONE',  ( 105.0780741684001498, -143.2661015698812719, 0.000000000000000000 ) ) ;
#5540 = PLANE ( 'NONE',  #917 ) ;
#5541 = ORIENTED_EDGE ( 'NONE', *, *, #4330, .T. ) ;
#5542 = EDGE_CURVE ( 'NONE', #6196, #3910, #4336, .T. ) ;
#5543 = LINE ( 'NONE', #2651, #628 ) ;
#5544 = CYLINDRICAL_SURFACE ( 'NONE', #783, 2.500050406356119304 ) ;
#5545 = ORIENTED_EDGE ( 'NONE', *, *, #741, .F. ) ;
#5546 = LINE ( 'NONE', #4109, #4263 ) ;
#5547 = DIRECTION ( 'NONE',  ( 1.000000000000000000, 0.000000000000000000, 0.000000000000000000 ) ) ;
#5548 = CARTESIAN_POINT ( 'NONE',  ( 144.2204432323657954, -144.4507059086088248, 0.000000000000000000 ) ) ;
#5549 = DIRECTION ( 'NONE',  ( 1.000000000000000000, 0.000000000000000000, -0.000000000000000000 ) ) ;
#5550 = DIRECTION ( 'NONE',  ( 0.000000000000000000, 1.000000000000000000, -0.000000000000000000 ) ) ;
#5551 = DIRECTION ( 'NONE',  ( 0.7071067809482145528, 1.836371112840142137E-05, -0.7071067811864257813 ) ) ;
#5552 = DIRECTION ( 'NONE',  ( -0.000000000000000000, 5.834239919713970802E-14, 1.000000000000000000 ) ) ;
#5553 = EDGE_LOOP ( 'NONE', ( #2455, #3213, #3407, #311, #3301, #3963, #3279 ) ) ;
#5554 = FACE_OUTER_BOUND ( 'NONE', #4286, .T. ) ;
#5555 = EDGE_LOOP ( 'NONE', ( #6156, #4390, #1993, #5488 ) ) ;
#5556 = EDGE_LOOP ( 'NONE', ( #1075, #1343, #2901, #2140 ) ) ;
#5557 = VECTOR ( 'NONE', #3073, 1000.000000000000000 ) ;
#5558 = EDGE_LOOP ( 'NONE', ( #2058, #5907, #5159, #553 ) ) ;
#5559 = ORIENTED_EDGE ( 'NONE', *, *, #4992, .T. ) ;
#5560 = CARTESIAN_POINT ( 'NONE',  ( 141.7203939654489488, -146.9506566415244606, 2.499999999999999556 ) ) ;
#5561 = EDGE_CURVE ( 'NONE', #2672, #2071, #2835, .T. ) ;
#5562 = DIRECTION ( 'NONE',  ( -0.3610697216667199116, 0.9038914065840379930, -0.2293664779322525937 ) ) ;
#5563 = AXIS2_PLACEMENT_3D ( 'NONE', #2061, #4996, #3055 ) ;
#5564 = CARTESIAN_POINT ( 'NONE',  ( 101.2286387680571380, -121.6868953182585500, -3.949999999995391420 ) ) ;
#5565 = CARTESIAN_POINT ( 'NONE',  ( 107.7001017477540046, -144.7508696982582137, -5.449999999999006306 ) ) ;
#5566 = EDGE_CURVE ( 'NONE', #3842, #4497, #5188, .T. ) ;
#5567 = ORIENTED_EDGE ( 'NONE', *, *, #2438, .T. ) ;
#5568 = ORIENTED_EDGE ( 'NONE', *, *, #1846, .T. ) ;
#5569 = ADVANCED_FACE ( 'NONE', ( #5281 ), #871, .T. ) ;
#5570 = DIRECTION ( 'NONE',  ( -0.000000000000000000, -0.000000000000000000, 1.000000000000000000 ) ) ;
#5571 = ORIENTED_EDGE ( 'NONE', *, *, #1587, .T. ) ;
#5572 = FACE_OUTER_BOUND ( 'NONE', #4261, .T. ) ;
#5573 = PLANE ( 'NONE',  #5533 ) ;
#5574 = VECTOR ( 'NONE', #694, 1000.000000000000114 ) ;
#5575 = VECTOR ( 'NONE', #177, 1000.000000000000114 ) ;
#5576 = ORIENTED_EDGE ( 'NONE', *, *, #4608, .T. ) ;
#5577 = ORIENTED_EDGE ( 'NONE', *, *, #2737, .F. ) ;
#5578 = EDGE_CURVE ( 'NONE', #481, #4888, #1516, .T. ) ;
#5579 = ADVANCED_FACE ( 'NONE', ( #2930 ), #5471, .T. ) ;
#5580 = ADVANCED_FACE ( 'NONE', ( #3441 ), #4834, .T. ) ;
#5581 = CARTESIAN_POINT ( 'NONE',  ( 107.9506833719708538, -145.9501111433869482, 3.500000000000000000 ) ) ;
#5582 = DIRECTION ( 'NONE',  ( 0.000000000000000000, 0.000000000000000000, 1.000000000000000000 ) ) ;
#5583 = DIRECTION ( 'NONE',  ( -0.8266401057623751214, -0.5627309619571053689, 0.000000000000000000 ) ) ;
#5585 = VECTOR ( 'NONE', #3610, 1000.000000000000227 ) ;
#5584 = CARTESIAN_POINT ( 'NONE',  ( 102.2152195760785958, -140.0485826070301130, -2.750000000000000000 ) ) ;
#5586 = VECTOR ( 'NONE', #6241, 1000.000000000000227 ) ;
#5587 = DIRECTION ( 'NONE',  ( 0.9999999998695326964, 1.615346999004992941E-05, 0.000000000000000000 ) ) ;
#5588 = FACE_OUTER_BOUND ( 'NONE', #4069, .T. ) ;
#5589 = CARTESIAN_POINT ( 'NONE',  ( 103.5037927504869657, -139.1835780754425116, -2.750000000000000000 ) ) ;
#5590 = DIRECTION ( 'NONE',  ( 0.9999999996627741972, 2.597020929432779330E-05, -0.000000000000000000 ) ) ;
#5591 = ORIENTED_EDGE ( 'NONE', *, *, #891, .F. ) ;
#5592 = ORIENTED_EDGE ( 'NONE', *, *, #3890, .T. ) ;
#5593 = ORIENTED_EDGE ( 'NONE', *, *, #2080, .F. ) ;
#5594 = VECTOR ( 'NONE', #2563, 1000.000000000000000 ) ;
#5595 = DIRECTION ( 'NONE',  ( -0.000000000000000000, -0.000000000000000000, 1.000000000000000000 ) ) ;
#5596 = CARTESIAN_POINT ( 'NONE',  ( 105.5037927504869799, -139.1835780754425116, 0.000000000000000000 ) ) ;
#5597 = DIRECTION ( 'NONE',  ( 0.9999999999518158766, -9.816735652869698397E-06, 0.000000000000000000 ) ) ;
#5598 = LINE ( 'NONE', #1760, #1872 ) ;
#5599 = ORIENTED_EDGE ( 'NONE', *, *, #4203, .F. ) ;
#5600 = ORIENTED_EDGE ( 'NONE', *, *, #5424, .T. ) ;
#5601 = EDGE_CURVE ( 'NONE', #2742, #6097, #5345, .T. ) ;
#5602 = CARTESIAN_POINT ( 'NONE',  ( 101.2287434636322985, -62.76896559121112062, -3.950000000000189360 ) ) ;
#5603 = LINE ( 'NONE', #1264, #4143 ) ;
#5604 = CARTESIAN_POINT ( 'NONE',  ( -10.46434343694056679, -20.72902455289913703, 4.000000000000017764 ) ) ;
#5605 = EDGE_LOOP ( 'NONE', ( #3916, #6126, #2108, #5728 ) ) ;
#5606 = ORIENTED_EDGE ( 'NONE', *, *, #6026, .T. ) ;
#5607 = EDGE_CURVE ( 'NONE', #1472, #3280, #2460, .T. ) ;
#5608 = ORIENTED_EDGE ( 'NONE', *, *, #1662, .T. ) ;
#5609 = AXIS2_PLACEMENT_3D ( 'NONE', #5973, #4955, #1155 ) ;
#5610 = EDGE_CURVE ( 'NONE', #5194, #1035, #1551, .T. ) ;
#5611 = DIRECTION ( 'NONE',  ( -1.807764463924277146E-13, -4.329415995031111665E-18, -1.000000000000000000 ) ) ;
#5612 = FACE_OUTER_BOUND ( 'NONE', #2751, .T. ) ;
#5613 = DIRECTION ( 'NONE',  ( 3.020149216579561653E-16, 1.000000000000000000, 0.000000000000000000 ) ) ;
#5614 = EDGE_CURVE ( 'NONE', #5439, #3535, #5858, .T. ) ;
#5615 = DIRECTION ( 'NONE',  ( 1.000000000000000000, -3.020149216579562146E-16, 0.000000000000000000 ) ) ;
#5616 = VECTOR ( 'NONE', #4954, 1000.000000000000000 ) ;
#5617 = ORIENTED_EDGE ( 'NONE', *, *, #385, .T. ) ;
#5618 = VECTOR ( 'NONE', #3175, 1000.000000000000000 ) ;
#5619 = LINE ( 'NONE', #4603, #4152 ) ;
#5620 = DIRECTION ( 'NONE',  ( -1.027984281861083143E-14, -2.025891797293459390E-19, 1.000000000000000000 ) ) ;
#5621 = PLANE ( 'NONE',  #2933 ) ;
#5622 = CARTESIAN_POINT ( 'NONE',  ( 107.9572932538461032, -57.24995295872253820, -2.750000000000000000 ) ) ;
#5623 = VERTEX_POINT ( 'NONE', #2427 ) ;
#5624 = ORIENTED_EDGE ( 'NONE', *, *, #3775, .F. ) ;
#5625 = ORIENTED_EDGE ( 'NONE', *, *, #4723, .T. ) ;
#5626 = CARTESIAN_POINT ( 'NONE',  ( 133.1048854068098990, -127.8798553343918627, 3.000000000000000000 ) ) ;
#5627 = CARTESIAN_POINT ( 'NONE',  ( 143.1944786988996725, -67.25020683058068016, 0.000000000000000000 ) ) ;
#5628 = DIRECTION ( 'NONE',  ( 0.7109494522992007015, -0.7032431132087015868, 0.000000000000000000 ) ) ;
#5629 = DIRECTION ( 'NONE',  ( -0.000000000000000000, -0.000000000000000000, 1.000000000000000000 ) ) ;
#5630 = AXIS2_PLACEMENT_3D ( 'NONE', #5342, #2457, #947 ) ;
#5631 = VECTOR ( 'NONE', #5613, 1000.000000000000000 ) ;
#5632 = VERTEX_POINT ( 'NONE', #3473 ) ;
#5633 = ORIENTED_EDGE ( 'NONE', *, *, #1114, .F. ) ;
#5634 = DIRECTION ( 'NONE',  ( 0.8266401057623752324, 0.5627309619571053689, -0.000000000000000000 ) ) ;
#5635 = LINE ( 'NONE', #6232, #2225 ) ;
#5636 = CARTESIAN_POINT ( 'NONE',  ( 107.8942103304398046, -146.9495541461375296, 2.499999999999976463 ) ) ;
#5637 = VERTEX_POINT ( 'NONE', #3411 ) ;
#5638 = ORIENTED_EDGE ( 'NONE', *, *, #1539, .F. ) ;
#5639 = DIRECTION ( 'NONE',  ( -1.000000000000000000, 0.000000000000000000, 0.000000000000000000 ) ) ;
#5640 = DIRECTION ( 'NONE',  ( -0.9411312077786266883, 0.3380414911592116156, 0.000000000000000000 ) ) ;
#5641 = ADVANCED_FACE ( 'NONE', ( #4394 ), #2057, .F. ) ;
#5642 = DIRECTION ( 'NONE',  ( -0.9999999998695326964, 1.615346999861855197E-05, 0.000000000000000000 ) ) ;
#5643 = CARTESIAN_POINT ( 'NONE',  ( 143.2273813778680278, -56.77413154552773733, -5.449999999998964562 ) ) ;
#5644 = EDGE_CURVE ( 'NONE', #5056, #838, #4964, .T. ) ;
#5645 = ADVANCED_FACE ( 'NONE', ( #1992 ), #1958, .F. ) ;
#5646 = VECTOR ( 'NONE', #421, 1000.000000000000000 ) ;
#5647 = LINE ( 'NONE', #1306, #1835 ) ;
#5648 = LINE ( 'NONE', #2697, #3789 ) ;
#5649 = CARTESIAN_POINT ( 'NONE',  ( 107.6837177026118724, -143.4889320319535670, 0.000000000000000000 ) ) ;
#5650 = PLANE ( 'NONE',  #1518 ) ;
#5651 = ORIENTED_EDGE ( 'NONE', *, *, #4527, .F. ) ;
#5652 = VERTEX_POINT ( 'NONE', #4464 ) ;
#5653 = EDGE_LOOP ( 'NONE', ( #261, #4576, #4615, #1588, #3413 ) ) ;
#5654 = EDGE_CURVE ( 'NONE', #3739, #2463, #1044, .T. ) ;
#5655 = ORIENTED_EDGE ( 'NONE', *, *, #4242, .F. ) ;
#5656 = LINE ( 'NONE', #3263, #264 ) ;
#5657 = CARTESIAN_POINT ( 'NONE',  ( 74.06891051691569317, 33.86861950026963797, -27.56169689241080079 ) ) ;
#5658 = CARTESIAN_POINT ( 'NONE',  ( 144.2203939651227813, -57.54935829908443168, 0.000000000000000000 ) ) ;
#5659 = CARTESIAN_POINT ( 'NONE',  ( 106.8867607346144553, -144.7149914377594087, -2.750000000000000000 ) ) ;
#5660 = VERTEX_POINT ( 'NONE', #576 ) ;
#5661 = ORIENTED_EDGE ( 'NONE', *, *, #4983, .T. ) ;
#5662 = LINE ( 'NONE', #415, #3400 ) ;
#5663 = CARTESIAN_POINT ( 'NONE',  ( 102.1804513891901109, -121.6868953182585074, 0.000000000000000000 ) ) ;
#5664 = FACE_OUTER_BOUND ( 'NONE', #3320, .T. ) ;
#5665 = VERTEX_POINT ( 'NONE', #2025 ) ;
#5666 = FACE_OUTER_BOUND ( 'NONE', #2855, .T. ) ;
#5667 = CARTESIAN_POINT ( 'NONE',  ( 113.1180706321246703, -131.2315946040164363, 3.500000000000000000 ) ) ;
#5668 = LINE ( 'NONE', #3316, #5119 ) ;
#5669 = VECTOR ( 'NONE', #5552, 1000.000000000000000 ) ;
#5670 = CARTESIAN_POINT ( 'NONE',  ( 107.8942595976835008, -55.05051006204097774, -2.750000000000000000 ) ) ;
#5671 = CARTESIAN_POINT ( 'NONE',  ( 101.2287434636322985, -62.76896559121112062, -2.750000000000182965 ) ) ;
#5672 = VECTOR ( 'NONE', #4725, 1000.000000000000114 ) ;
#5673 = CARTESIAN_POINT ( 'NONE',  ( 139.7795508170034395, -142.2506183894232095, -2.750000000000000000 ) ) ;
#5674 = EDGE_CURVE ( 'NONE', #4119, #2868, #4432, .T. ) ;
#5675 = FACE_OUTER_BOUND ( 'NONE', #1268, .T. ) ;
#5676 = CARTESIAN_POINT ( 'NONE',  ( 143.2203939651227245, -116.1720721229473980, 3.000000000000000000 ) ) ;
#5677 = VERTEX_POINT ( 'NONE', #1077 ) ;
#5678 = EDGE_LOOP ( 'NONE', ( #2950, #2026, #3630, #3178, #4841, #2106, #3695, #6251, #6228, #2956 ) ) ;
#5679 = EDGE_LOOP ( 'NONE', ( #2710, #5661, #3605, #6083 ) ) ;
#5680 = VECTOR ( 'NONE', #3238, 1000.000000000000227 ) ;
#5681 = AXIS2_PLACEMENT_3D ( 'NONE', #4628, #1750, #3100 ) ;
#5682 = ADVANCED_FACE ( 'NONE', ( #3533 ), #5711, .T. ) ;
#5683 = DIRECTION ( 'NONE',  ( 0.6540833647220514191, -0.6639286396059571604, -0.3624551192973593516 ) ) ;
#5684 = CARTESIAN_POINT ( 'NONE',  ( 104.6541176665219695, -70.25013805109517762, 2.499999999999999112 ) ) ;
#5685 = CARTESIAN_POINT ( 'NONE',  ( 139.7795227047435276, -55.99938851319625854, -4.250000000000161648 ) ) ;
#5686 = LINE ( 'NONE', #4704, #2076 ) ;
#5687 = EDGE_CURVE ( 'NONE', #299, #161, #1584, .T. ) ;
#5688 = EDGE_CURVE ( 'NONE', #52, #787, #3023, .T. ) ;
#5689 = ORIENTED_EDGE ( 'NONE', *, *, #2053, .F. ) ;
#5690 = EDGE_LOOP ( 'NONE', ( #529, #916, #4427, #2447 ) ) ;
#5691 = ORIENTED_EDGE ( 'NONE', *, *, #3731, .T. ) ;
#5692 = DIRECTION ( 'NONE',  ( -1.776973163029144758E-06, -0.9999999999984211518, -0.000000000000000000 ) ) ;
#5693 = DIRECTION ( 'NONE',  ( -1.000000000000000000, 0.000000000000000000, 0.000000000000000000 ) ) ;
#5694 = PLANE ( 'NONE',  #581 ) ;
#5695 = ORIENTED_EDGE ( 'NONE', *, *, #2164, .T. ) ;
#5696 = ORIENTED_EDGE ( 'NONE', *, *, #4055, .T. ) ;
#5697 = DIRECTION ( 'NONE',  ( -0.000000000000000000, -0.000000000000000000, 1.000000000000000000 ) ) ;
#5698 = PLANE ( 'NONE',  #1443 ) ;
#5699 = DIRECTION ( 'NONE',  ( 0.3695190589738285847, -0.9292231513770500273, 0.000000000000000000 ) ) ;
#5700 = ORIENTED_EDGE ( 'NONE', *, *, #974, .F. ) ;
#5701 = CIRCLE ( 'NONE', #1568, 3.750050406075134291 ) ;
#5702 = LINE ( 'NONE', #6006, #3203 ) ;
#5703 = LINE ( 'NONE', #5738, #1231 ) ;
#5704 = LINE ( 'NONE', #4755, #6018 ) ;
#5705 = DIRECTION ( 'NONE',  ( 0.000000000000000000, 0.000000000000000000, -1.000000000000000000 ) ) ;
#5706 = VECTOR ( 'NONE', #4873, 1000.000000000000114 ) ;
#5707 = CARTESIAN_POINT ( 'NONE',  ( 105.4847546935226745, -62.92453282948527971, 0.000000000000000000 ) ) ;
#5708 = ORIENTED_EDGE ( 'NONE', *, *, #1980, .F. ) ;
#5709 = ORIENTED_EDGE ( 'NONE', *, *, #1457, .T. ) ;
#5710 = ORIENTED_EDGE ( 'NONE', *, *, #5719, .F. ) ;
#5711 = CONICAL_SURFACE ( 'NONE', #5817, 3.450050406124144153, 0.3926990816415210084 ) ;
#5712 = VECTOR ( 'NONE', #1878, 1000.000000000000000 ) ;
#5713 = DIRECTION ( 'NONE',  ( -2.253017947393321107E-16, -0.7459955736706787022, 0.6659509021420083608 ) ) ;
#5714 = DIRECTION ( 'NONE',  ( 0.000000000000000000, 0.000000000000000000, -1.000000000000000000 ) ) ;
#5715 = AXIS2_PLACEMENT_3D ( 'NONE', #5966, #4566, #3572 ) ;
#5716 = ADVANCED_FACE ( 'NONE', ( #4008 ), #1702, .T. ) ;
#5717 = PLANE ( 'NONE',  #3649 ) ;
#5718 = CARTESIAN_POINT ( 'NONE',  ( 102.1786387679055821, -121.6868928208420328, -2.750000000016449508 ) ) ;
#5719 = EDGE_CURVE ( 'NONE', #5300, #222, #2611, .T. ) ;
#5720 = ADVANCED_FACE ( 'NONE', ( #2231 ), #3084, .T. ) ;
#5721 = VERTEX_POINT ( 'NONE', #5087 ) ;
#5722 = EDGE_LOOP ( 'NONE', ( #5371, #2000, #1385 ) ) ;
#5723 = B_SPLINE_CURVE_WITH_KNOTS ( 'NONE', 2,
 ( #4127, #3562, #4550, #6101 ),
 .UNSPECIFIED., .F., .F.,
 ( 3, 1, 3 ),
 ( -0.001632388513912140298, 0.1208309507747169775, 0.3089429108258636703 ),
 .UNSPECIFIED. ) ;
#5724 = CARTESIAN_POINT ( 'NONE',  ( 121.7978982218957213, -87.43392136763425526, 3.500000000000000000 ) ) ;
#5725 = FACE_OUTER_BOUND ( 'NONE', #4742, .T. ) ;
#5726 = CARTESIAN_POINT ( 'NONE',  ( 103.0302183577225321, -58.10042240030510641, 3.000000000000000000 ) ) ;
#5727 = ORIENTED_EDGE ( 'NONE', *, *, #3116, .F. ) ;
#5728 = ORIENTED_EDGE ( 'NONE', *, *, #2887, .T. ) ;
#5729 = AXIS2_PLACEMENT_3D ( 'NONE', #2565, #4441, #5484 ) ;
#5730 = VECTOR ( 'NONE', #3530, 1000.000000000000000 ) ;
#5731 = CARTESIAN_POINT ( 'NONE',  ( 101.2286871357896132, -94.46772382334611962, -2.750000000016449508 ) ) ;
#5732 = CARTESIAN_POINT ( 'NONE',  ( 103.6518355108143368, -60.17376840783754943, -2.750000000000000000 ) ) ;
#5733 = CARTESIAN_POINT ( 'NONE',  ( 107.9800631888001590, -63.05007250392394269, 3.500000000000000000 ) ) ;
#5734 = LINE ( 'NONE', #1871, #876 ) ;
#5735 = AXIS2_PLACEMENT_3D ( 'NONE', #1800, #2777, #1452 ) ;
#5736 = ORIENTED_EDGE ( 'NONE', *, *, #4055, .F. ) ;
#5737 = CARTESIAN_POINT ( 'NONE',  ( 142.2795508170041217, -59.74943891916606731, 0.000000000000000000 ) ) ;
#5738 = CARTESIAN_POINT ( 'NONE',  ( 139.7795104338239582, -57.24938851313606847, -5.449999999999006306 ) ) ;
#5739 = VECTOR ( 'NONE', #256, 1000.000000000000000 ) ;
#5740 = LINE ( 'NONE', #1944, #5107 ) ;
#5741 = CARTESIAN_POINT ( 'NONE',  ( 109.6592082037701914, -69.25013805109517762, 3.500000000000000000 ) ) ;
#5742 = CARTESIAN_POINT ( 'NONE',  ( 51.15432374495674139, 27.37523318269466088, 4.000000000000017764 ) ) ;
#5743 = VECTOR ( 'NONE', #5499, 1000.000000000000114 ) ;
#5744 = ORIENTED_EDGE ( 'NONE', *, *, #2695, .F. ) ;
#5745 = ORIENTED_EDGE ( 'NONE', *, *, #2773, .F. ) ;
#5746 = ORIENTED_EDGE ( 'NONE', *, *, #2424, .F. ) ;
#5747 = CARTESIAN_POINT ( 'NONE',  ( 139.7795508170041217, -59.74943891916605310, -2.750000000000000000 ) ) ;
#5748 = CARTESIAN_POINT ( 'NONE',  ( 143.2296012232883413, -142.2507403187872228, -5.449999999998964562 ) ) ;
#5749 = DIRECTION ( 'NONE',  ( 1.776973163029144758E-06, 0.9999999999984211518, 0.000000000000000000 ) ) ;
#5750 = CARTESIAN_POINT ( 'NONE',  ( 107.9452654601616644, -55.04995315297496461, -2.750000000000000000 ) ) ;
#5751 = EDGE_CURVE ( 'NONE', #2221, #5329, #5103, .T. ) ;
#5752 = VERTEX_POINT ( 'NONE', #2584 ) ;
#5753 = ORIENTED_EDGE ( 'NONE', *, *, #5481, .T. ) ;
#5754 = LINE ( 'NONE', #977, #4020 ) ;
#5755 = LINE ( 'NONE', #483, #2033 ) ;
#5756 = LINE ( 'NONE', #4710, #4720 ) ;
#5757 = ADVANCED_FACE ( 'NONE', ( #4068 ), #291, .T. ) ;
#5758 = EDGE_LOOP ( 'NONE', ( #164, #3107, #5946, #2828 ) ) ;
#5759 = EDGE_LOOP ( 'NONE', ( #747, #132, #4543, #5872, #622 ) ) ;
#5760 = CIRCLE ( 'NONE', #3021, 1.300000000000009592 ) ;
#5761 = EDGE_CURVE ( 'NONE', #545, #5407, #3113, .T. ) ;
#5762 = CARTESIAN_POINT ( 'NONE',  ( 100.9813820231794068, -130.2228973545177837, -3.118703254115448686 ) ) ;
#5763 = CARTESIAN_POINT ( 'NONE',  ( 143.1945612729249717, -94.46772382334611962, 1.250000000000000000 ) ) ;
#5764 = DIRECTION ( 'NONE',  ( 0.9999999999518158766, -9.816735652869698397E-06, 0.000000000000000000 ) ) ;
#5765 = FACE_OUTER_BOUND ( 'NONE', #1027, .T. ) ;
#5766 = VECTOR ( 'NONE', #952, 1000.000000000000000 ) ;
#5767 = EDGE_CURVE ( 'NONE', #1502, #452, #5723, .T. ) ;
#5768 = EDGE_LOOP ( 'NONE', ( #3650, #108, #603, #2464 ) ) ;
#5769 = EDGE_CURVE ( 'NONE', #1691, #3678, #5053, .T. ) ;
#5770 = B_SPLINE_SURFACE_WITH_KNOTS ( 'NONE', 2, 1, ( 
 ( #3207, #2320 ),
 ( #2590, #287 ),
 ( #1792, #2291 ),
 ( #2705, #4637 ) ),
 .UNSPECIFIED., .F., .F., .F.,
 ( 3, 1, 3 ),
 ( 2, 2 ),
 ( -0.001632388513912140298, 0.1208309507747169637, 0.3089429108258636703 ),
 ( 0.000000000000000000, 1.000000000000000000 ),
 .UNSPECIFIED. ) ;
#5771 = DIRECTION ( 'NONE',  ( -0.000000000000000000, -0.000000000000000000, 1.000000000000000000 ) ) ;
#5772 = CARTESIAN_POINT ( 'NONE',  ( 107.7002572360973858, -57.24907359958746866, -5.449999999999006306 ) ) ;
#5773 = FACE_OUTER_BOUND ( 'NONE', #1202, .T. ) ;
#5774 = DIRECTION ( 'NONE',  ( -1.000000000000000000, 0.000000000000000000, 0.000000000000000000 ) ) ;
#5775 = LINE ( 'NONE', #2379, #6163 ) ;
#5776 = ORIENTED_EDGE ( 'NONE', *, *, #4534, .F. ) ;
#5777 = CIRCLE ( 'NONE', #1128, 3.750050406075161824 ) ;
#5778 = VERTEX_POINT ( 'NONE', #725 ) ;
#5779 = VERTEX_POINT ( 'NONE', #3053 ) ;
#5780 = CIRCLE ( 'NONE', #1631, 2.499999999999988454 ) ;
#5781 = DIRECTION ( 'NONE',  ( 1.000000000000000000, 0.000000000000000000, 0.000000000000000000 ) ) ;
#5782 = CARTESIAN_POINT ( 'NONE',  ( 103.5037927504869657, -139.1835780754425116, -2.750000000000000000 ) ) ;
#5783 = LINE ( 'NONE', #504, #3346 ) ;
#5784 = VECTOR ( 'NONE', #1614, 1000.000000000000000 ) ;
#5785 = VECTOR ( 'NONE', #335, 999.9999999999998863 ) ;
#5786 = ORIENTED_EDGE ( 'NONE', *, *, #4750, .F. ) ;
#5787 = ORIENTED_EDGE ( 'NONE', *, *, #547, .T. ) ;
#5788 = FACE_OUTER_BOUND ( 'NONE', #3667, .T. ) ;
#5789 = DIRECTION ( 'NONE',  ( -0.9999999998058088924, 1.970741632085222896E-05, 0.000000000000000000 ) ) ;
#5790 = CARTESIAN_POINT ( 'NONE',  ( 106.7000492667939682, -139.0000642079358215, 1.775483399593917433 ) ) ;
#5791 = EDGE_LOOP ( 'NONE', ( #5854, #2897, #5372, #2526, #340 ) ) ;
#5792 = ADVANCED_FACE ( 'NONE', ( #5118 ), #5026, .T. ) ;
#5793 = LINE ( 'NONE', #2935, #5766 ) ;
#5794 = CARTESIAN_POINT ( 'NONE',  ( 107.7002572360973858, -57.24907359958750419, -2.750000000000025757 ) ) ;
#5795 = CARTESIAN_POINT ( 'NONE',  ( 107.7002695070169551, -55.99907359964768716, -4.725735931288185476 ) ) ;
#5796 = LINE ( 'NONE', #1458, #381 ) ;
#5797 = EDGE_CURVE ( 'NONE', #4120, #1922, #1645, .T. ) ;
#5798 = EDGE_CURVE ( 'NONE', #4000, #5414, #2271, .T. ) ;
#5799 = EDGE_CURVE ( 'NONE', #1582, #2792, #667, .T. ) ;
#5800 = CARTESIAN_POINT ( 'NONE',  ( 143.5296012231870293, -142.2507325277244377, -4.725735931288185476 ) ) ;
#5801 = FACE_OUTER_BOUND ( 'NONE', #2050, .T. ) ;
#5802 = DIRECTION ( 'NONE',  ( -0.3876575835955783367, 0.9218034486162640651, -0.000000000000000000 ) ) ;
#5803 = DIRECTION ( 'NONE',  ( 0.000000000000000000, 0.000000000000000000, -1.000000000000000000 ) ) ;
#5804 = DIRECTION ( 'NONE',  ( 0.000000000000000000, 0.000000000000000000, -1.000000000000000000 ) ) ;
#5805 = ORIENTED_EDGE ( 'NONE', *, *, #586, .F. ) ;
#5806 = ORIENTED_EDGE ( 'NONE', *, *, #5452, .F. ) ;
#5807 = ORIENTED_EDGE ( 'NONE', *, *, #2232, .T. ) ;
#5808 = EDGE_CURVE ( 'NONE', #1656, #4130, #3595, .T. ) ;
#5809 = VECTOR ( 'NONE', #776, 1000.000000000000000 ) ;
#5810 = CARTESIAN_POINT ( 'NONE',  ( 103.0049072023622045, -143.8727327532019444, 3.000000000000000000 ) ) ;
#5811 = DIRECTION ( 'NONE',  ( -1.000000000000000000, 0.000000000000000000, 0.000000000000000000 ) ) ;
#5812 = FACE_OUTER_BOUND ( 'NONE', #5171, .T. ) ;
#5813 = ORIENTED_EDGE ( 'NONE', *, *, #1391, .T. ) ;
#5814 = VECTOR ( 'NONE', #985, 1000.000000000000114 ) ;
#5815 = VECTOR ( 'NONE', #3859, 1000.000000000000000 ) ;
#5816 = EDGE_LOOP ( 'NONE', ( #4192, #2958, #469, #5438 ) ) ;
#5817 = AXIS2_PLACEMENT_3D ( 'NONE', #140, #3977, #5920 ) ;
#5818 = ORIENTED_EDGE ( 'NONE', *, *, #3541, .T. ) ;
#5819 = LINE ( 'NONE', #3438, #3190 ) ;
#5820 = ORIENTED_EDGE ( 'NONE', *, *, #2015, .T. ) ;
#5821 = DIRECTION ( 'NONE',  ( 0.000000000000000000, 0.000000000000000000, 1.000000000000000000 ) ) ;
#5822 = DIRECTION ( 'NONE',  ( -0.1416775115021194076, 0.9899128662334715223, 0.000000000000000000 ) ) ;
#5823 = ORIENTED_EDGE ( 'NONE', *, *, #4749, .F. ) ;
#5824 = ORIENTED_EDGE ( 'NONE', *, *, #96, .T. ) ;
#5825 = DIRECTION ( 'NONE',  ( -0.000000000000000000, -0.000000000000000000, 1.000000000000000000 ) ) ;
#5826 = LINE ( 'NONE', #4436, #4699 ) ;
#5827 =( LENGTH_UNIT ( ) NAMED_UNIT ( * ) SI_UNIT ( .MILLI., .METRE. ) );
#5828 = LINE ( 'NONE', #1112, #878 ) ;
#5829 = SHAPE_DEFINITION_REPRESENTATION ( #3996, #4877 ) ;
#5830 = VECTOR ( 'NONE', #1181, 1000.000000000000000 ) ;
#5831 = ORIENTED_EDGE ( 'NONE', *, *, #1154, .F. ) ;
#5832 = EDGE_CURVE ( 'NONE', #4354, #2295, #5598, .T. ) ;
#5833 = VECTOR ( 'NONE', #1989, 1000.000000000000000 ) ;
#5834 = AXIS2_PLACEMENT_3D ( 'NONE', #3889, #1145, #1494 ) ;
#5835 = CARTESIAN_POINT ( 'NONE',  ( 107.7001076974038654, -145.7008696982395293, -3.950000000000187583 ) ) ;
#5836 = FACE_OUTER_BOUND ( 'NONE', #5553, .T. ) ;
#5837 = DIRECTION ( 'NONE',  ( 0.000000000000000000, 0.000000000000000000, 1.000000000000000000 ) ) ;
#5838 = DIRECTION ( 'NONE',  ( -0.6537768648151276452, -0.7566873932030996341, 0.000000000000000000 ) ) ;
#5839 = PLANE ( 'NONE',  #1210 ) ;
#5840 = EDGE_CURVE ( 'NONE', #1859, #663, #197, .T. ) ;
#5841 = EDGE_LOOP ( 'NONE', ( #3921, #3344, #911, #1233 ) ) ;
#5842 = EDGE_CURVE ( 'NONE', #1340, #4270, #3623, .T. ) ;
#5843 = ORIENTED_EDGE ( 'NONE', *, *, #1475, .T. ) ;
#5844 = ORIENTED_EDGE ( 'NONE', *, *, #3194, .T. ) ;
#5845 = EDGE_CURVE ( 'NONE', #689, #5203, #1257, .T. ) ;
#5846 = CARTESIAN_POINT ( 'NONE',  ( 102.1819594097723325, -139.2410233527142793, -2.750000000000000000 ) ) ;
#5847 = CARTESIAN_POINT ( 'NONE',  ( 143.5296012231870293, -142.2507325277244377, -4.725735931288185476 ) ) ;
#5848 = DIRECTION ( 'NONE',  ( 1.000000000000000000, -3.020149216579562146E-16, 0.000000000000000000 ) ) ;
#5849 = EDGE_CURVE ( 'NONE', #36, #672, #1139, .T. ) ;
#5850 = ORIENTED_EDGE ( 'NONE', *, *, #620, .F. ) ;
#5851 = ORIENTED_EDGE ( 'NONE', *, *, #130, .T. ) ;
#5852 = EDGE_CURVE ( 'NONE', #546, #1406, #5039, .T. ) ;
#5853 = ORIENTED_EDGE ( 'NONE', *, *, #1724, .F. ) ;
#5854 = ORIENTED_EDGE ( 'NONE', *, *, #2613, .F. ) ;
#5855 = DIRECTION ( 'NONE',  ( 0.000000000000000000, 1.000000000000000000, 0.000000000000000000 ) ) ;
#5856 = ORIENTED_EDGE ( 'NONE', *, *, #4324, .F. ) ;
#5857 = DIRECTION ( 'NONE',  ( 9.816735655358377758E-06, 0.9999999999518158766, 4.382459307730183960E-14 ) ) ;
#5858 = LINE ( 'NONE', #2556, #1574 ) ;
#5859 = ORIENTED_EDGE ( 'NONE', *, *, #4868, .F. ) ;
#5860 = ORIENTED_EDGE ( 'NONE', *, *, #3319, .T. ) ;
#5861 = DIRECTION ( 'NONE',  ( 1.000000000000000000, 0.000000000000000000, 0.000000000000000000 ) ) ;
#5862 = DIRECTION ( 'NONE',  ( 1.000000000000000000, 0.000000000000000000, 0.000000000000000000 ) ) ;
#5863 = LINE ( 'NONE', #2468, #3455 ) ;
#5864 = DIRECTION ( 'NONE',  ( 0.9999999998695326964, -1.615346999861855197E-05, 0.000000000000000000 ) ) ;
#5865 = VERTEX_POINT ( 'NONE', #1291 ) ;
#5866 = FACE_OUTER_BOUND ( 'NONE', #2718, .T. ) ;
#5867 = CARTESIAN_POINT ( 'NONE',  ( 143.2203939651227245, -97.19134421535801494, 3.000000000000000000 ) ) ;
#5868 = VECTOR ( 'NONE', #3490, 1000.000000000000000 ) ;
#5869 = DIRECTION ( 'NONE',  ( -0.000000000000000000, 0.000000000000000000, -1.000000000000000000 ) ) ;
#5870 = DIRECTION ( 'NONE',  ( 0.9999999995368105132, -3.043647119676297510E-05, 0.000000000000000000 ) ) ;
#5871 = CARTESIAN_POINT ( 'NONE',  ( 124.1050018706351068, -56.04975472168497674, 3.499999999999998668 ) ) ;
#5872 = ORIENTED_EDGE ( 'NONE', *, *, #5326, .F. ) ;
#5873 = ORIENTED_EDGE ( 'NONE', *, *, #2007, .F. ) ;
#5874 = AXIS2_PLACEMENT_3D ( 'NONE', #790, #881, #2206 ) ;
#5875 = ORIENTED_EDGE ( 'NONE', *, *, #3740, .F. ) ;
#5876 = ADVANCED_FACE ( 'NONE', ( #411 ), #1320, .T. ) ;
#5877 = CARTESIAN_POINT ( 'NONE',  ( 104.6541176665219695, -70.25013805109517762, 2.499999999999999112 ) ) ;
#5878 = DIRECTION ( 'NONE',  ( -6.262789329416595507E-06, 0.9999999999803886874, 1.533860757705821744E-13 ) ) ;
#5879 = VECTOR ( 'NONE', #3410, 1000.000000000000000 ) ;
#5880 = LINE ( 'NONE', #5492, #5273 ) ;
#5881 = VECTOR ( 'NONE', #1338, 1000.000000000000114 ) ;
#5882 = ADVANCED_FACE ( 'NONE', ( #2767 ), #4190, .F. ) ;
#5883 = ORIENTED_EDGE ( 'NONE', *, *, #5965, .T. ) ;
#5884 = ORIENTED_EDGE ( 'NONE', *, *, #2807, .F. ) ;
#5885 = EDGE_LOOP ( 'NONE', ( #5843, #5541, #507, #1916, #4577, #1132 ) ) ;
#5886 = ORIENTED_EDGE ( 'NONE', *, *, #2010, .T. ) ;
#5887 = EDGE_CURVE ( 'NONE', #1756, #2463, #875, .T. ) ;
#5888 = CARTESIAN_POINT ( 'NONE',  ( 106.3002487928081052, -59.98033468612524644, 0.000000000000000000 ) ) ;
#5889 = ORIENTED_EDGE ( 'NONE', *, *, #5388, .T. ) ;
#5890 = VECTOR ( 'NONE', #173, 1000.000000000000114 ) ;
#5891 = FACE_OUTER_BOUND ( 'NONE', #3365, .T. ) ;
#5892 = DIRECTION ( 'NONE',  ( 0.7109494522992007015, -0.7032431132087015868, 0.000000000000000000 ) ) ;
#5893 = EDGE_CURVE ( 'NONE', #1229, #5015, #2826, .T. ) ;
#5894 = ORIENTED_EDGE ( 'NONE', *, *, #1595, .F. ) ;
#5895 = VECTOR ( 'NONE', #858, 1000.000000000000000 ) ;
#5896 = ORIENTED_EDGE ( 'NONE', *, *, #4493, .T. ) ;
#5897 = LINE ( 'NONE', #5418, #1415 ) ;
#5898 = DIRECTION ( 'NONE',  ( 0.000000000000000000, 0.000000000000000000, -1.000000000000000000 ) ) ;
#5899 = LINE ( 'NONE', #1559, #856 ) ;
#5900 = LINE ( 'NONE', #4405, #2595 ) ;
#5901 = AXIS2_PLACEMENT_3D ( 'NONE', #2441, #4379, #53 ) ;
#5902 = DIRECTION ( 'NONE',  ( -0.9235993073262013242, 0.3833592564508663258, 0.000000000000000000 ) ) ;
#5903 = CARTESIAN_POINT ( 'NONE',  ( 107.8243095089149932, -141.4938796657234548, 0.000000000000000000 ) ) ;
#5904 = CARTESIAN_POINT ( 'NONE',  ( 143.1944786988996725, -67.25020683058068016, 1.250000000000000000 ) ) ;
#5905 = DIRECTION ( 'NONE',  ( -0.7166325462592618711, -0.5650608671211118095, 0.4088324963726639449 ) ) ;
#5906 = DIRECTION ( 'NONE',  ( 0.4087644677396738424, 0.5769849304041649862, 0.7071067811865491270 ) ) ;
#5907 = ORIENTED_EDGE ( 'NONE', *, *, #2730, .T. ) ;
#5908 = DIRECTION ( 'NONE',  ( 1.963347129017993688E-05, -0.9999999998072632845, 0.000000000000000000 ) ) ;
#5909 = LINE ( 'NONE', #4485, #3377 ) ;
#5910 = DIRECTION ( 'NONE',  ( 0.000000000000000000, 0.000000000000000000, 1.000000000000000000 ) ) ;
#5911 = ORIENTED_EDGE ( 'NONE', *, *, #2424, .T. ) ;
#5912 = ORIENTED_EDGE ( 'NONE', *, *, #3935, .T. ) ;
#5913 = VECTOR ( 'NONE', #2824, 1000.000000000000114 ) ;
#5914 = VERTEX_POINT ( 'NONE', #4223 ) ;
#5915 = ORIENTED_EDGE ( 'NONE', *, *, #5147, .F. ) ;
#5916 = EDGE_CURVE ( 'NONE', #2112, #2914, #5686, .T. ) ;
#5917 = LINE ( 'NONE', #3111, #2183 ) ;
#5918 = ORIENTED_EDGE ( 'NONE', *, *, #4081, .T. ) ;
#5919 = CARTESIAN_POINT ( 'NONE',  ( 107.7001017477540046, -144.7508696982582137, -5.449999999999006306 ) ) ;
#5920 = DIRECTION ( 'NONE',  ( 1.000000000000000000, 0.000000000000000000, 0.000000000000000000 ) ) ;
#5921 = VECTOR ( 'NONE', #4924, 1000.000000000000000 ) ;
#5922 = ADVANCED_FACE ( 'NONE', ( #4766 ), #2322, .F. ) ;
#5923 = ORIENTED_EDGE ( 'NONE', *, *, #1980, .T. ) ;
#5924 = EDGE_CURVE ( 'NONE', #4849, #5865, #6193, .T. ) ;
#5925 = VECTOR ( 'NONE', #2494, 1000.000000000000227 ) ;
#5926 = VERTEX_POINT ( 'NONE', #1857 ) ;
#5927 = DIRECTION ( 'NONE',  ( -0.000000000000000000, -0.000000000000000000, -1.000000000000000000 ) ) ;
#5928 = AXIS2_PLACEMENT_3D ( 'NONE', #865, #3674, #1214 ) ;
#5929 = CARTESIAN_POINT ( 'NONE',  ( 102.1816036903140343, -62.99624880650843295, -2.750000000000000000 ) ) ;
#5930 = FACE_OUTER_BOUND ( 'NONE', #2780, .T. ) ;
#5931 = DIRECTION ( 'NONE',  ( 1.000000000000000000, 0.000000000000000000, 0.000000000000000000 ) ) ;
#5932 = B_SPLINE_CURVE_WITH_KNOTS ( 'NONE', 2,
 ( #1507, #4733, #873, #2451 ),
 .UNSPECIFIED., .F., .F.,
 ( 3, 1, 3 ),
 ( 0.6984282656297914338, 0.8865402256809380432, 1.001631398425536501 ),
 .UNSPECIFIED. ) ;
#5933 = CARTESIAN_POINT ( 'NONE',  ( 143.1945612729249717, -94.46772382334611962, 1.250000000000000000 ) ) ;
#5934 = CARTESIAN_POINT ( 'NONE',  ( 142.2795508170041217, -59.74943891916606731, -2.750000000000000000 ) ) ;
#5935 = DIRECTION ( 'NONE',  ( 2.597020929432778652E-05, -0.9999999996627739751, 0.000000000000000000 ) ) ;
#5936 = LINE ( 'NONE', #5040, #5309 ) ;
#5937 = CARTESIAN_POINT ( 'NONE',  ( -24.96787711535125354, -35.24300661307812277, 4.000000000000017764 ) ) ;
#5938 = VECTOR ( 'NONE', #73, 1000.000000000000114 ) ;
#5939 = AXIS2_PLACEMENT_3D ( 'NONE', #3034, #1598, #5869 ) ;
#5940 = VERTEX_POINT ( 'NONE', #5718 ) ;
#5941 = LINE ( 'NONE', #4450, #5616 ) ;
#5942 = CARTESIAN_POINT ( 'NONE',  ( 143.2273813778731721, -59.74946353452073566, -3.949922730011039107 ) ) ;
#5943 = CARTESIAN_POINT ( 'NONE',  ( 139.7793608960470237, -145.7006687926349855, -3.950000000000187583 ) ) ;
#5944 = EDGE_LOOP ( 'NONE', ( #2983, #4128, #4665, #3563 ) ) ;
#5945 = ORIENTED_EDGE ( 'NONE', *, *, #1966, .F. ) ;
#5946 = ORIENTED_EDGE ( 'NONE', *, *, #918, .F. ) ;
#5947 = EDGE_LOOP ( 'NONE', ( #2713, #2650 ) ) ;
#5948 = DIRECTION ( 'NONE',  ( 0.000000000000000000, 0.000000000000000000, -1.000000000000000000 ) ) ;
#5949 = AXIS2_PLACEMENT_3D ( 'NONE', #5323, #114, #5902 ) ;
#5950 = CARTESIAN_POINT ( 'NONE',  ( 107.7002571999147165, -57.25275941472119001, -2.750000000000000000 ) ) ;
#5951 = CARTESIAN_POINT ( 'NONE',  ( 102.1801097828601712, -139.0860767826652022, -2.750000000000000000 ) ) ;
#5952 = VECTOR ( 'NONE', #1547, 1000.000000000000000 ) ;
#5953 = EDGE_CURVE ( 'NONE', #6216, #5057, #445, .T. ) ;
#5954 = CIRCLE ( 'NONE', #2906, 2.000000000000015543 ) ;
#5955 = DIRECTION ( 'NONE',  ( 0.7071182033224665542, 0.7070953588661199607, 0.000000000000000000 ) ) ;
#5956 = ADVANCED_FACE ( 'NONE', ( #3335 ), #6224, .T. ) ;
#5957 = CARTESIAN_POINT ( 'NONE',  ( 102.1804513891901252, -121.6868953182584931, -2.750000000000001332 ) ) ;
#5958 = PRESENTATION_STYLE_ASSIGNMENT (( #1522 ) ) ;
#5959 = CARTESIAN_POINT ( 'NONE',  ( 107.9452161929179397, -146.9501110552035357, 0.000000000000000000 ) ) ;
#5960 = CARTESIAN_POINT ( 'NONE',  ( 142.2795508170041217, -59.74943891916606731, -2.750000000000000000 ) ) ;
#5961 = EDGE_CURVE ( 'NONE', #6043, #4539, #5182, .T. ) ;
#5962 = DIRECTION ( 'NONE',  ( 0.000000000000000000, 0.3826834323811920124, 0.9238795325046170737 ) ) ;
#5963 = CARTESIAN_POINT ( 'NONE',  ( 105.6383751220752742, -144.3005804079244285, 0.000000000000000000 ) ) ;
#5964 = CARTESIAN_POINT ( 'NONE',  ( 139.7793608960470237, -145.7006687926351844, -5.449999999998964562 ) ) ;
#5965 = EDGE_CURVE ( 'NONE', #4707, #545, #1041, .T. ) ;
#5966 = CARTESIAN_POINT ( 'NONE',  ( 107.6837177026118724, -143.4889320319535670, -2.750000000000000000 ) ) ;
#5967 = CARTESIAN_POINT ( 'NONE',  ( 101.0040248452708056, -121.6868936012372302, 7.597571300707725225E-05 ) ) ;
#5968 = EDGE_CURVE ( 'NONE', #4183, #3184, #2861, .T. ) ;
#5969 = CLOSED_SHELL ( 'NONE', ( #3787, #3156, #5569, #4048, #847, #5682, #4287, #171, #1498, #1969, #4018, #3110, #585, #4835, #4909, #314, #6225, #2194, #3824, #5426, #6229, #697, #1807, #2085, #2857, #2384, #3621, #3241, #3947, #1886, #403, #2511, #3270, #1764, #2781, #924, #2701, #5996, #4824, #5537, #4376, #3161, #1819, #4169, #3694, #2270, #5496, #2549, #5136, #3189, #2768, #806, #1118, #5922, #769, #323, #2303, #2018, #772, #1632, #3432, #4904, #1130, #5289, #3357, #5641, #2152, #2125, #2051, #5105, #4454, #3902, #1349, #356, #3235, #3123, #1777, #2806, #4195, #3708, #2229, #4915, #4092, #3544, #3002, #1655, #85, #887, #1968, #122, #3597, #4980, #5580, #4671, #2242, #5453, #2119, #1585, #4201, #1166, #3474, #5301, #477, #3549, #3269, #3975, #5792, #3664, #348, #1771, #938, #5, #5068, #44, #1344, #1657, #2924, #6102, #3967, #2745, #705, #1303, #3827, #1045, #1317, #2381, #5425, #3900, #1779, #4237, #206, #514, #1424, #2817, #5412, #4822, #5336, #696, #2001, #5517, #4783, #2782, #1393, #664, #427, #1198, #1853, #1623, #3387, #4913, #2428, #5302, #3985, #2233, #5876, #3744, #623, #463, #5645, #3781, #3932, #3521, #505, #2586, #6230, #14, #2504, #3862, #3738, #2706, #1459, #3772, #245, #5346, #3403, #4208, #2965, #5956, #4409, #1805, #1091, #2845, #3041, #6070, #1593, #1890, #670, #6041, #2624, #5579, #5716, #1001, #5493, #2882, #5093, #5720, #2668, #3548, #1266, #2390, #5757, #1429, #2573, #3004, #1276, #2470, #5524, #877, #5882, #2307, #4601, #3204, #1921, #160, #5110, #3556, #4553, #2892 ) ) ;
#5970 = VECTOR ( 'NONE', #3613, 1000.000000000000000 ) ;
#5971 = ORIENTED_EDGE ( 'NONE', *, *, #2153, .T. ) ;
#5972 = CARTESIAN_POINT ( 'NONE',  ( 102.1819594097723325, -139.2410233527142793, -2.750000000000000000 ) ) ;
#5973 = CARTESIAN_POINT ( 'NONE',  ( 107.9800631888001590, -63.05007250392394269, 3.500000000000000000 ) ) ;
#5974 = CARTESIAN_POINT ( 'NONE',  ( 107.8942103304398046, -146.9495541461375296, 2.500000000000000000 ) ) ;
#5975 = VECTOR ( 'NONE', #3478, 1000.000000000000000 ) ;
#5976 = ORIENTED_EDGE ( 'NONE', *, *, #1352, .T. ) ;
#5977 = ORIENTED_EDGE ( 'NONE', *, *, #2394, .T. ) ;
#5978 = ORIENTED_EDGE ( 'NONE', *, *, #5179, .T. ) ;
#5979 = ORIENTED_EDGE ( 'NONE', *, *, #1960, .T. ) ;
#5980 = DIRECTION ( 'NONE',  ( 0.000000000000000000, 1.000000000000000000, -0.000000000000000000 ) ) ;
#5981 = DIRECTION ( 'NONE',  ( 1.000000000000000000, 0.000000000000000000, -0.000000000000000000 ) ) ;
#5982 = CARTESIAN_POINT ( 'NONE',  ( 102.8595053415023983, -60.29307387543439489, -2.750000000000000000 ) ) ;
#5983 = ORIENTED_EDGE ( 'NONE', *, *, #3395, .F. ) ;
#5984 = CARTESIAN_POINT ( 'NONE',  ( 166.0928802417453483, -121.1647670344903673, 3.500000000000000000 ) ) ;
#5985 = DIRECTION ( 'NONE',  ( -1.000000000000000000, 0.000000000000000000, 0.000000000000000000 ) ) ;
#5986 = CARTESIAN_POINT ( 'NONE',  ( 128.1434788981945871, -42.88665679452940793, 3.500000000000000000 ) ) ;
#5987 = CARTESIAN_POINT ( 'NONE',  ( 107.0013568709072871, -63.73931720310692128, 3.000000000000000000 ) ) ;
#5988 = AXIS2_PLACEMENT_3D ( 'NONE', #444, #3779, #5335 ) ;
#5989 = AXIS2_PLACEMENT_3D ( 'NONE', #1942, #1336, #5196 ) ;
#5990 = EDGE_CURVE ( 'NONE', #1575, #3433, #4, .T. ) ;
#5991 = CARTESIAN_POINT ( 'NONE',  ( 107.7002695070169551, -55.99907359964765874, -4.250000000000161648 ) ) ;
#5992 = DIRECTION ( 'NONE',  ( 1.000000000000000000, 0.000000000000000000, -0.000000000000000000 ) ) ;
#5993 = EDGE_CURVE ( 'NONE', #5433, #4182, #3211, .T. ) ;
#5994 = LINE ( 'NONE', #3517, #5526 ) ;
#5995 = DIRECTION ( 'NONE',  ( -0.9411312077786265773, 0.3380414911592117266, 0.000000000000000000 ) ) ;
#5996 = ADVANCED_FACE ( 'NONE', ( #846 ), #818, .F. ) ;
#5997 = EDGE_CURVE ( 'NONE', #3969, #4389, #5006, .T. ) ;
#5998 = ORIENTED_EDGE ( 'NONE', *, *, #6033, .F. ) ;
#5999 = CARTESIAN_POINT ( 'NONE',  ( 107.8288984042186627, -60.55470132182151843, 0.000000000000000000 ) ) ;
#6000 = LINE ( 'NONE', #5942, #4890 ) ;
#6001 = LINE ( 'NONE', #1607, #5051 ) ;
#6002 = EDGE_LOOP ( 'NONE', ( #6134, #3364, #350, #3742, #2640 ) ) ;
#6003 = EDGE_LOOP ( 'NONE', ( #6139, #3373, #512, #1719 ) ) ;
#6004 = EDGE_CURVE ( 'NONE', #6216, #3262, #5936, .T. ) ;
#6005 = ORIENTED_EDGE ( 'NONE', *, *, #5532, .T. ) ;
#6006 = CARTESIAN_POINT ( 'NONE',  ( 40.69871216411583958, 28.92806665508945585, 3.500000000000000000 ) ) ;
#6007 = FACE_OUTER_BOUND ( 'NONE', #1390, .T. ) ;
#6008 = LINE ( 'NONE', #2082, #2126 ) ;
#6009 = DIRECTION ( 'NONE',  ( -0.000000000000000000, -0.000000000000000000, 1.000000000000000000 ) ) ;
#6010 = ORIENTED_EDGE ( 'NONE', *, *, #1151, .F. ) ;
#6011 = DIRECTION ( 'NONE',  ( -0.9999999999984212629, 1.776973163029144970E-06, 2.055968564118190868E-14 ) ) ;
#6012 = CARTESIAN_POINT ( 'NONE',  ( 142.2795508170036669, -121.6868953182585074, -2.750000000000000000 ) ) ;
#6013 = ORIENTED_EDGE ( 'NONE', *, *, #3114, .T. ) ;
#6014 = DIRECTION ( 'NONE',  ( -0.6537768648151264239, -0.7566873932031007444, 0.000000000000000000 ) ) ;
#6015 = DIRECTION ( 'NONE',  ( -0.7071067809479717470, -1.836371110084967915E-05, -0.7071067811866686981 ) ) ;
#6016 = VECTOR ( 'NONE', #3881, 1000.000000000000000 ) ;
#6017 = ORIENTED_EDGE ( 'NONE', *, *, #6152, .F. ) ;
#6018 = VECTOR ( 'NONE', #1845, 1000.000000000000114 ) ;
#6019 = DIRECTION ( 'NONE',  ( 0.01091787975268916980, -0.9999403981746641801, 0.000000000000000000 ) ) ;
#6020 = CARTESIAN_POINT ( 'NONE',  ( 141.7204924996928526, -146.9506566412817108, -2.750000000000000000 ) ) ;
#6021 = LINE ( 'NONE', #1776, #584 ) ;
#6022 = CARTESIAN_POINT ( 'NONE',  ( 101.2287434636320995, -62.76896559121112062, -5.449999999998969891 ) ) ;
#6023 = EDGE_CURVE ( 'NONE', #2421, #4337, #470, .T. ) ;
#6024 = DIRECTION ( 'NONE',  ( 0.000000000000000000, 0.000000000000000000, 1.000000000000000000 ) ) ;
#6025 = DIRECTION ( 'NONE',  ( -0.1858152896312593449, 0.8111800163682690856, 0.5544904500386150792 ) ) ;
#6026 = EDGE_CURVE ( 'NONE', #2162, #6227, #671, .T. ) ;
#6027 = DIRECTION ( 'NONE',  ( -3.020149216579562146E-16, -1.000000000000000000, 0.000000000000000000 ) ) ;
#6028 = VECTOR ( 'NONE', #3343, 1000.000000000000000 ) ;
#6029 = CARTESIAN_POINT ( 'NONE',  ( 99.98011245734247154, -138.9498346362414338, 0.000000000000000000 ) ) ;
#6030 = ORIENTED_EDGE ( 'NONE', *, *, #3321, .F. ) ;
#6031 = VECTOR ( 'NONE', #273, 1000.000000000000000 ) ;
#6032 = ORIENTED_EDGE ( 'NONE', *, *, #4170, .F. ) ;
#6033 = EDGE_CURVE ( 'NONE', #4149, #2528, #3519, .T. ) ;
#6034 = VERTEX_POINT ( 'NONE', #1565 ) ;
#6035 = ORIENTED_EDGE ( 'NONE', *, *, #1892, .F. ) ;
#6036 = CARTESIAN_POINT ( 'NONE',  ( 102.6302309145810767, -141.2940691041141861, -0.000000000000000000 ) ) ;
#6037 = PLANE ( 'NONE',  #5303 ) ;
#6038 = EDGE_CURVE ( 'NONE', #5440, #1340, #5457, .T. ) ;
#6039 = LINE ( 'NONE', #5919, #1033 ) ;
#6040 = DIRECTION ( 'NONE',  ( 0.7071067811865411334, 0.000000000000000000, 0.7071067811865539010 ) ) ;
#6041 = ADVANCED_FACE ( 'NONE', ( #1120 ), #3035, .T. ) ;
#6042 = EDGE_CURVE ( 'NONE', #4888, #2327, #709, .T. ) ;
#6043 = VERTEX_POINT ( 'NONE', #4916 ) ;
#6044 = CARTESIAN_POINT ( 'NONE',  ( 159.1718621497483355, -74.66366304361409334, 4.000000000000017764 ) ) ;
#6045 = EDGE_LOOP ( 'NONE', ( #499, #2617, #6075 ) ) ;
#6046 = LINE ( 'NONE', #731, #5365 ) ;
#6047 = FACE_OUTER_BOUND ( 'NONE', #4160, .T. ) ;
#6048 = ORIENTED_EDGE ( 'NONE', *, *, #3362, .F. ) ;
#6049 = ORIENTED_EDGE ( 'NONE', *, *, #2420, .T. ) ;
#6050 = FACE_OUTER_BOUND ( 'NONE', #5290, .T. ) ;
#6051 = DIRECTION ( 'NONE',  ( 1.000000000000000000, 0.000000000000000000, -0.000000000000000000 ) ) ;
#6052 = DIRECTION ( 'NONE',  ( 0.7070928719455417122, -0.7071206901539551781, 0.000000000000000000 ) ) ;
#6053 = DIRECTION ( 'NONE',  ( -3.020149216579562146E-16, -1.000000000000000000, 0.000000000000000000 ) ) ;
#6054 = DIRECTION ( 'NONE',  ( 1.615346999004992941E-05, -0.9999999998695326964, 0.000000000000000000 ) ) ;
#6055 = CARTESIAN_POINT ( 'NONE',  ( 122.9663708282322858, -88.53985600180921267, 3.500000000000000000 ) ) ;
#6056 = CARTESIAN_POINT ( 'NONE',  ( 107.7001095762406635, -146.0008696982337142, -4.250000000000161648 ) ) ;
#6057 = DIRECTION ( 'NONE',  ( 2.396665720491505709E-06, -0.3826834323579481056, 0.9238795325111363033 ) ) ;
#6058 = EDGE_LOOP ( 'NONE', ( #71, #4882, #5571, #1788 ) ) ;
#6059 = ORIENTED_EDGE ( 'NONE', *, *, #4828, .F. ) ;
#6060 = AXIS2_PLACEMENT_3D ( 'NONE', #4956, #627, #2548 ) ;
#6061 = EDGE_CURVE ( 'NONE', #2078, #1229, #3488, .T. ) ;
#6062 = ORIENTED_EDGE ( 'NONE', *, *, #3302, .F. ) ;
#6063 = EDGE_LOOP ( 'NONE', ( #310, #2907, #3077, #3436 ) ) ;
#6064 = CARTESIAN_POINT ( 'NONE',  ( 143.2274586478623633, -59.74946353652745756, -2.750000000000171418 ) ) ;
#6065 = CARTESIAN_POINT ( 'NONE',  ( 104.9179784943780618, -140.5978194557504253, 0.000000000000000000 ) ) ;
#6066 = VECTOR ( 'NONE', #5955, 1000.000000000000000 ) ;
#6067 = EDGE_CURVE ( 'NONE', #481, #2421, #2628, .T. ) ;
#6068 = CARTESIAN_POINT ( 'NONE',  ( 103.6518355108143226, -60.17376840783757075, 0.000000000000000000 ) ) ;
#6069 = CARTESIAN_POINT ( 'NONE',  ( 139.7795015484595638, -144.7506183889378235, 0.000000000000000000 ) ) ;
#6070 = ADVANCED_FACE ( 'NONE', ( #4978 ), #212, .F. ) ;
#6071 = ORIENTED_EDGE ( 'NONE', *, *, #2629, .T. ) ;
#6072 = EDGE_CURVE ( 'NONE', #2222, #5329, #2172, .T. ) ;
#6073 = VECTOR ( 'NONE', #5448, 1000.000000000000114 ) ;
#6074 = ORIENTED_EDGE ( 'NONE', *, *, #3704, .T. ) ;
#6075 = ORIENTED_EDGE ( 'NONE', *, *, #1544, .T. ) ;
#6076 = CARTESIAN_POINT ( 'NONE',  ( 143.2296012230398787, -59.74946359217056369, -2.750000000000000000 ) ) ;
#6077 = ORIENTED_EDGE ( 'NONE', *, *, #5024, .T. ) ;
#6078 = CARTESIAN_POINT ( 'NONE',  ( 114.1919337972882857, -132.2868405441924722, 3.500000000000000000 ) ) ;
#6079 = CARTESIAN_POINT ( 'NONE',  ( 139.7795104333291079, -57.24943891949224906, 0.000000000000000000 ) ) ;
#6080 = AXIS2_PLACEMENT_3D ( 'NONE', #4740, #5187, #852 ) ;
#6081 = EDGE_CURVE ( 'NONE', #2327, #945, #3177, .T. ) ;
#6082 = VECTOR ( 'NONE', #2175, 1000.000000000000227 ) ;
#6083 = ORIENTED_EDGE ( 'NONE', *, *, #5364, .T. ) ;
#6084 = VERTEX_POINT ( 'NONE', #1654 ) ;
#6085 = CARTESIAN_POINT ( 'NONE',  ( 102.1786387679055821, -121.6868928208420328, -7.750000000016446400 ) ) ;
#6086 = FACE_OUTER_BOUND ( 'NONE', #2040, .T. ) ;
#6087 = CARTESIAN_POINT ( 'NONE',  ( 75.49189371867808518, -137.7819903808587298, 3.500000000000000000 ) ) ;
#6088 = VECTOR ( 'NONE', #4542, 1000.000000000000000 ) ;
#6089 = FACE_OUTER_BOUND ( 'NONE', #4920, .T. ) ;
#6090 = CIRCLE ( 'NONE', #6189, 6.999999999999992006 ) ;
#6091 = CARTESIAN_POINT ( 'NONE',  ( 107.9572932538461032, -57.24995295872253820, 0.000000000000000000 ) ) ;
#6092 = DIRECTION ( 'NONE',  ( -0.7109494522990696952, 0.7032431132088339254, 0.000000000000000000 ) ) ;
#6093 = CARTESIAN_POINT ( 'NONE',  ( 144.2203939651227813, -57.54935829908443168, 2.499999999999999112 ) ) ;
#6094 = FACE_OUTER_BOUND ( 'NONE', #1163, .T. ) ;
#6095 = ORIENTED_EDGE ( 'NONE', *, *, #4789, .F. ) ;
#6096 = ORIENTED_EDGE ( 'NONE', *, *, #3265, .F. ) ;
#6097 = VERTEX_POINT ( 'NONE', #3458 ) ;
#6098 = CARTESIAN_POINT ( 'NONE',  ( 139.7795508170041217, -59.74943891916605310, -2.750000000000000000 ) ) ;
#6099 = DIRECTION ( 'NONE',  ( 0.6534411381966095389, 0.7569773305141439534, -0.000000000000000000 ) ) ;
#6100 = DIRECTION ( 'NONE',  ( -0.7071067811865423547, 0.000000000000000000, -0.7071067811865526798 ) ) ;
#6101 = CARTESIAN_POINT ( 'NONE',  ( 107.7002571999147165, -57.25275941472119001, 0.000000000000000000 ) ) ;
#6102 = ADVANCED_FACE ( 'NONE', ( #5516 ), #4948, .F. ) ;
#6103 = ORIENTED_EDGE ( 'NONE', *, *, #4059, .F. ) ;
#6104 = ORIENTED_EDGE ( 'NONE', *, *, #423, .T. ) ;
#6105 = CARTESIAN_POINT ( 'NONE',  ( 143.2203939651227245, -57.96357186145747420, 3.000000000000000000 ) ) ;
#6106 = EDGE_LOOP ( 'NONE', ( #1825, #4519, #5121, #2497 ) ) ;
#6107 = FACE_OUTER_BOUND ( 'NONE', #3995, .T. ) ;
#6108 = DIRECTION ( 'NONE',  ( 0.8927008760456435210, -0.4506496931179923005, 0.000000000000000000 ) ) ;
#6109 = EDGE_CURVE ( 'NONE', #4802, #1470, #4442, .T. ) ;
#6110 = EDGE_CURVE ( 'NONE', #4120, #4149, #2539, .T. ) ;
#6111 = VERTEX_POINT ( 'NONE', #152 ) ;
#6112 = VERTEX_POINT ( 'NONE', #1629 ) ;
#6113 = VECTOR ( 'NONE', #1031, 1000.000000000000000 ) ;
#6114 = CARTESIAN_POINT ( 'NONE',  ( 104.6541176665219695, -85.56944730317847814, 2.499999999999999112 ) ) ;
#6115 = FACE_OUTER_BOUND ( 'NONE', #5816, .T. ) ;
#6116 = DIRECTION ( 'NONE',  ( 0.000000000000000000, 0.000000000000000000, 1.000000000000000000 ) ) ;
#6117 = DIRECTION ( 'NONE',  ( 0.000000000000000000, 0.000000000000000000, 1.000000000000000000 ) ) ;
#6118 = EDGE_CURVE ( 'NONE', #222, #4231, #1149, .T. ) ;
#6119 = AXIS2_PLACEMENT_3D ( 'NONE', #4994, #786, #2201 ) ;
#6120 = FACE_OUTER_BOUND ( 'NONE', #714, .T. ) ;
#6121 = LINE ( 'NONE', #3227, #270 ) ;
#6122 = DIRECTION ( 'NONE',  ( 0.000000000000000000, 0.7071067811865475727, -0.7071067811865475727 ) ) ;
#6123 = CARTESIAN_POINT ( 'NONE',  ( 107.9800631888001590, -63.05007250392394269, 3.500000000000000000 ) ) ;
#6124 = EDGE_LOOP ( 'NONE', ( #3710, #4399, #5625, #3618 ) ) ;
#6125 = ORIENTED_EDGE ( 'NONE', *, *, #729, .F. ) ;
#6126 = ORIENTED_EDGE ( 'NONE', *, *, #5253, .F. ) ;
#6127 = ORIENTED_EDGE ( 'NONE', *, *, #2348, .F. ) ;
#6128 = DIRECTION ( 'NONE',  ( 0.01092643185063969791, 0.9999403047617460016, 0.000000000000000000 ) ) ;
#6129 = CARTESIAN_POINT ( 'NONE',  ( 142.2795508170041217, -59.74943891916606731, -2.750000000000000000 ) ) ;
#6130 = DIRECTION ( 'NONE',  ( -0.4829814486147354646, -0.8756305843756324592, 0.000000000000000000 ) ) ;
#6131 = DIRECTION ( 'NONE',  ( 0.9411312077786266883, -0.3380414911592116156, -0.000000000000000000 ) ) ;
#6132 = AXIS2_PLACEMENT_3D ( 'NONE', #2746, #1294, #2712 ) ;
#6133 = VECTOR ( 'NONE', #5038, 1000.000000000000227 ) ;
#6134 = ORIENTED_EDGE ( 'NONE', *, *, #1744, .F. ) ;
#6135 = ORIENTED_EDGE ( 'NONE', *, *, #4448, .F. ) ;
#6136 = CARTESIAN_POINT ( 'NONE',  ( 102.8706101777262489, -141.7370422481071159, -2.750000000000000000 ) ) ;
#6137 = LINE ( 'NONE', #4228, #2534 ) ;
#6138 = CARTESIAN_POINT ( 'NONE',  ( 110.4816026354598506, -63.05003324718956748, -2.750000000000000000 ) ) ;
#6139 = ORIENTED_EDGE ( 'NONE', *, *, #5211, .F. ) ;
#6140 = ORIENTED_EDGE ( 'NONE', *, *, #2591, .F. ) ;
#6141 = EDGE_CURVE ( 'NONE', #30, #811, #3130, .T. ) ;
#6142 = DIRECTION ( 'NONE',  ( 0.7071206901539551781, 0.7070928719455416012, 0.000000000000000000 ) ) ;
#6143 = FACE_OUTER_BOUND ( 'NONE', #3424, .T. ) ;
#6144 = DIRECTION ( 'NONE',  ( 1.000000000000000000, 0.000000000000000000, 0.000000000000000000 ) ) ;
#6145 = EDGE_CURVE ( 'NONE', #1575, #4307, #2908, .T. ) ;
#6146 = AXIS2_PLACEMENT_3D ( 'NONE', #1625, #6019, #3989 ) ;
#6147 = EDGE_CURVE ( 'NONE', #838, #1984, #2216, .T. ) ;
#6148 = CARTESIAN_POINT ( 'NONE',  ( 143.2203939651227245, -116.9368590508870085, 3.500000000000000000 ) ) ;
#6149 = CARTESIAN_POINT ( 'NONE',  ( 107.9799547964700395, -146.9499917024583056, 0.000000000000000000 ) ) ;
#6150 = DIRECTION ( 'NONE',  ( 0.9999999999803886874, 6.262789326926268667E-06, 0.000000000000000000 ) ) ;
#6151 = CARTESIAN_POINT ( 'NONE',  ( 107.7001017477540046, -144.7508696982581853, -2.750000000000025757 ) ) ;
#6152 = EDGE_CURVE ( 'NONE', #690, #4633, #2755, .T. ) ;
#6153 = CARTESIAN_POINT ( 'NONE',  ( 101.2287434636322985, -62.76896559121112062, -2.750000000000182965 ) ) ;
#6154 = ORIENTED_EDGE ( 'NONE', *, *, #3275, .F. ) ;
#6155 = EDGE_LOOP ( 'NONE', ( #5409, #374, #2052 ) ) ;
#6156 = ORIENTED_EDGE ( 'NONE', *, *, #1310, .T. ) ;
#6157 = CARTESIAN_POINT ( 'NONE',  ( 142.2632952608612698, -144.9935821668380527, 3.000000000000000000 ) ) ;
#6158 = CARTESIAN_POINT ( 'NONE',  ( 143.2295297976043003, -144.2717646358489390, -3.950000000000187583 ) ) ;
#6159 = LINE ( 'NONE', #6068, #4666 ) ;
#6160 = CARTESIAN_POINT ( 'NONE',  ( 144.2203939651227813, -55.04935829908445299, 2.500000000000000000 ) ) ;
#6161 = ORIENTED_EDGE ( 'NONE', *, *, #3302, .T. ) ;
#6162 = ORIENTED_EDGE ( 'NONE', *, *, #2010, .F. ) ;
#6163 = VECTOR ( 'NONE', #527, 1000.000000000000000 ) ;
#6164 = EDGE_LOOP ( 'NONE', ( #3712, #1375, #5397, #349 ) ) ;
#6165 = PLANE ( 'NONE',  #3093 ) ;
#6166 = CARTESIAN_POINT ( 'NONE',  ( 106.2695319587208189, -142.0746906516456534, 0.000000000000000000 ) ) ;
#6167 = LINE ( 'NONE', #3791, #6243 ) ;
#6168 = ORIENTED_EDGE ( 'NONE', *, *, #1930, .T. ) ;
#6169 = DIRECTION ( 'NONE',  ( 0.000000000000000000, 0.000000000000000000, -1.000000000000000000 ) ) ;
#6170 = CARTESIAN_POINT ( 'NONE',  ( 102.1801097828601712, -139.0860767826652022, 0.000000000000000000 ) ) ;
#6171 = CIRCLE ( 'NONE', #626, 2.500000000000015987 ) ;
#6172 = DIRECTION ( 'NONE',  ( -0.000000000000000000, -0.000000000000000000, 1.000000000000000000 ) ) ;
#6173 = CIRCLE ( 'NONE', #225, 3.450050406123961633 ) ;
#6174 = APPLICATION_PROTOCOL_DEFINITION ( 'draft international standard', 'automotive_design', 1998, #4899 ) ;
#6175 = ORIENTED_EDGE ( 'NONE', *, *, #4324, .T. ) ;
#6176 = EDGE_CURVE ( 'NONE', #2921, #4518, #5072, .T. ) ;
#6177 = FACE_OUTER_BOUND ( 'NONE', #879, .T. ) ;
#6178 = DIRECTION ( 'NONE',  ( -0.9999999998072633955, -1.963347129017994027E-05, 0.000000000000000000 ) ) ;
#6179 = AXIS2_PLACEMENT_3D ( 'NONE', #1496, #5005, #4412 ) ;
#6180 = LINE ( 'NONE', #2343, #2478 ) ;
#6181 = CARTESIAN_POINT ( 'NONE',  ( 142.7769841816878511, -52.49862098699225044, -0.05076575747444637271 ) ) ;
#6182 = CARTESIAN_POINT ( 'NONE',  ( 107.9801124558005796, -138.9499917040118362, -2.750000000000000000 ) ) ;
#6183 = EDGE_CURVE ( 'NONE', #1664, #521, #4113, .T. ) ;
#6184 = ORIENTED_EDGE ( 'NONE', *, *, #2269, .F. ) ;
#6185 = EDGE_CURVE ( 'NONE', #4231, #2295, #4210, .T. ) ;
#6186 = ORIENTED_EDGE ( 'NONE', *, *, #1114, .T. ) ;
#6187 = ORIENTED_EDGE ( 'NONE', *, *, #2430, .F. ) ;
#6188 = VECTOR ( 'NONE', #2891, 1000.000000000000000 ) ;
#6189 = AXIS2_PLACEMENT_3D ( 'NONE', #81, #1998, #5387 ) ;
#6190 = DIRECTION ( 'NONE',  ( -0.4718347455293024351, 0.8816870039369404388, 0.000000000000000000 ) ) ;
#6191 = DIRECTION ( 'NONE',  ( 2.597020929432778652E-05, -0.9999999996627739751, -3.653861547250550884E-19 ) ) ;
#6192 = CARTESIAN_POINT ( 'NONE',  ( 142.8656267378053428, -57.60880463414005703, 3.499999999999999556 ) ) ;
#6193 = LINE ( 'NONE', #2740, #1670 ) ;
#6194 = VECTOR ( 'NONE', #492, 1000.000000000000114 ) ;
#6195 = ORIENTED_EDGE ( 'NONE', *, *, #4711, .F. ) ;
#6196 = VERTEX_POINT ( 'NONE', #304 ) ;
#6197 = LINE ( 'NONE', #4862, #2594 ) ;
#6198 = DIRECTION ( 'NONE',  ( 0.000000000000000000, 0.000000000000000000, 1.000000000000000000 ) ) ;
#6199 = FACE_OUTER_BOUND ( 'NONE', #5154, .T. ) ;
#6200 = EDGE_LOOP ( 'NONE', ( #3371, #5521, #4056, #3583 ) ) ;
#6201 = DIRECTION ( 'NONE',  ( 1.000000000000000000, 0.000000000000000000, -0.000000000000000000 ) ) ;
#6202 = DIRECTION ( 'NONE',  ( -1.000000000000000000, 0.000000000000000000, 0.000000000000000000 ) ) ;
#6203 = CARTESIAN_POINT ( 'NONE',  ( 107.7001076974038654, -145.7008696982395293, -2.750000000000171418 ) ) ;
#6204 = PLANE ( 'NONE',  #4715 ) ;
#6205 = ORIENTED_EDGE ( 'NONE', *, *, #6038, .F. ) ;
#6206 =( BOUNDED_CURVE ( )  B_SPLINE_CURVE ( 3, ( #451, #6233, #3823, #5726 ),
 .UNSPECIFIED., .F., .T. ) 
 B_SPLINE_CURVE_WITH_KNOTS ( ( 4, 4 ),
 ( 1.325920918024286577, 1.398944813967685441 ),
 .UNSPECIFIED. ) 
 CURVE ( )  GEOMETRIC_REPRESENTATION_ITEM ( )  RATIONAL_B_SPLINE_CURVE ( ( 1.000000000000000000, 0.9995556752499986652, 0.9995556752499986652, 1.000000000000000000 ) ) 
 REPRESENTATION_ITEM ( '' )  );
#6207 = VECTOR ( 'NONE', #1255, 1000.000000000000000 ) ;
#6208 = CYLINDRICAL_SURFACE ( 'NONE', #4112, 0.4999999999999726885 ) ;
#6209 = LINE ( 'NONE', #1877, #1535 ) ;
#6210 = CARTESIAN_POINT ( 'NONE',  ( 142.2304865864611543, -78.45167548332082674, 3.500000000000000000 ) ) ;
#6211 = CARTESIAN_POINT ( 'NONE',  ( 101.2287434636320995, -62.76896559121112062, -5.449999999998969891 ) ) ;
#6212 = DIRECTION ( 'NONE',  ( -0.000000000000000000, -0.000000000000000000, 1.000000000000000000 ) ) ;
#6213 = ORIENTED_EDGE ( 'NONE', *, *, #4370, .T. ) ;
#6214 = EDGE_CURVE ( 'NONE', #821, #2295, #4686, .T. ) ;
#6215 = ORIENTED_EDGE ( 'NONE', *, *, #4705, .T. ) ;
#6216 = VERTEX_POINT ( 'NONE', #3609 ) ;
#6217 = VECTOR ( 'NONE', #5240, 1000.000000000000114 ) ;
#6218 = VECTOR ( 'NONE', #1465, 1000.000000000000000 ) ;
#6219 = EDGE_CURVE ( 'NONE', #4260, #5330, #4080, .T. ) ;
#6220 = CARTESIAN_POINT ( 'NONE',  ( 130.6661113122211475, -69.25013805109517762, 3.500000000000002220 ) ) ;
#6221 = CARTESIAN_POINT ( 'NONE',  ( 107.9799055294696615, -55.05007250547747333, 2.500000000000000000 ) ) ;
#6222 =( GEOMETRIC_REPRESENTATION_CONTEXT ( 3 ) GLOBAL_UNCERTAINTY_ASSIGNED_CONTEXT ( ( #2362 ) ) GLOBAL_UNIT_ASSIGNED_CONTEXT ( ( #5165, #3730, #3254 ) ) REPRESENTATION_CONTEXT ( 'NONE', 'WORKASPACE' ) );
#6223 = LINE ( 'NONE', #2354, #1541 ) ;
#6224 = PLANE ( 'NONE',  #3991 ) ;
#6225 = ADVANCED_FACE ( 'NONE', ( #333 ), #4657, .T. ) ;
#6226 = ORIENTED_EDGE ( 'NONE', *, *, #2516, .F. ) ;
#6227 = VERTEX_POINT ( 'NONE', #1713 ) ;
#6228 = ORIENTED_EDGE ( 'NONE', *, *, #967, .T. ) ;
#6229 = ADVANCED_FACE ( 'NONE', ( #6089 ), #1778, .T. ) ;
#6230 = ADVANCED_FACE ( 'NONE', ( #3672 ), #4598, .F. ) ;
#6231 = DIRECTION ( 'NONE',  ( -0.000000000000000000, -0.000000000000000000, 1.000000000000000000 ) ) ;
#6232 = CARTESIAN_POINT ( 'NONE',  ( 107.9800631888001590, -86.56944730317847814, 3.500000000000000000 ) ) ;
#6233 = CARTESIAN_POINT ( 'NONE',  ( 102.7936824636911837, -58.34576593198176653, 3.334657296104472035 ) ) ;
#6234 = EDGE_CURVE ( 'NONE', #1108, #1675, #1275, .T. ) ;
#6235 = VERTEX_POINT ( 'NONE', #1211 ) ;
#6236 = EDGE_LOOP ( 'NONE', ( #5146, #485, #3233, #1609, #3273, #3250, #419, #4836 ) ) ;
#6237 = VECTOR ( 'NONE', #4786, 1000.000000000000114 ) ;
#6238 = ORIENTED_EDGE ( 'NONE', *, *, #5965, .F. ) ;
#6239 = DIRECTION ( 'NONE',  ( 1.000000000000000000, 0.000000000000000000, 0.000000000000000000 ) ) ;
#6240 = DIRECTION ( 'NONE',  ( 1.000000000000000000, 0.000000000000000000, 0.000000000000000000 ) ) ;
#6241 = DIRECTION ( 'NONE',  ( 1.963347129720719326E-05, 0.9999999998072632845, 0.000000000000000000 ) ) ;
#6242 = CARTESIAN_POINT ( 'NONE',  ( 124.7715131848095780, -56.37270895337483267, 3.000000000000000000 ) ) ;
#6243 = VECTOR ( 'NONE', #484, 1000.000000000000114 ) ;
#6244 = CARTESIAN_POINT ( 'NONE',  ( 139.7795508170041217, -59.74943891916605310, -5.449999999998964562 ) ) ;
#6245 = CARTESIAN_POINT ( 'NONE',  ( 103.3100751042726984, -141.4985667182607756, -2.750000000000000000 ) ) ;
#6246 = AXIS2_PLACEMENT_3D ( 'NONE', #2787, #1698, #4278 ) ;
#6247 = CARTESIAN_POINT ( 'NONE',  ( 99.98006319034203671, -63.05022957169427400, 2.499999999999976463 ) ) ;
#6248 = DIRECTION ( 'NONE',  ( 0.2810736759601665802, -0.6786028849495733262, -0.6785983445458406704 ) ) ;
#6249 = DIRECTION ( 'NONE',  ( -0.6234468593678618165, -0.3336375481631986273, 0.7071067811865467956 ) ) ;
#6250 = AXIS2_PLACEMENT_3D ( 'NONE', #2021, #3943, #1669 ) ;
#6251 = ORIENTED_EDGE ( 'NONE', *, *, #1506, .T. ) ;
#6252 = ORIENTED_EDGE ( 'NONE', *, *, #4856, .F. ) ;
#6253 = EDGE_LOOP ( 'NONE', ( #3944, #781, #4074, #2674 ) ) ;
#6254 = VECTOR ( 'NONE', #5482, 1000.000000000000000 ) ;
ENDSEC;
END-ISO-10303-21;
